{
"type": "FeatureCollection",
"name": "districts",
"crs": { "type": "name", "properties": { "name": "urn:ogc:def:crs:OGC:1.3:CRS84" } },
"features": [
{ "type": "Feature", "properties": { "district_id": "IDN.7.5.1_1", "name": "Cilincing", "kabupaten": "Jakarta Utara", "provinsi": "Jakarta Raya" }, "geometry": { "type": "Polygon", "coordinates": [ [ [ 106.9395, -6.1518 ], [ 106.9356, -6.1585 ], [ 106.922, -6.1622 ], [ 106.9154, -6.1447 ], [ 106.9194, -6.1324 ], [ 106.9185, -6.1283 ], [ 106.9219, -6.126 ], [ 106.9211, -6.1213 ], [ 106.9205, -6.119 ], [ 106.9169, -6.1195 ], [ 106.9173, -6.1083 ], [ 106.9069, -6.1087 ], [ 106.9072, -6.1041 ], [ 106.9104, -6.1034 ], [ 106.9079, -6.1 ], [ 106.9188, -6.0991 ], [ 106.9196, -6.1043 ], [ 106.9215, -6.1035 ], [ 106.9197, -6.1034 ], [ 106.9203, -6.1007 ], [ 106.9258, -6.1001 ], [ 106.9264, -6.0981 ], [ 106.9384, -6.096 ], [ 106.9403, -6.0982 ], [ 106.9414, -6.0961 ], [ 106.969, -6.0907 ], [ 106.9719, -6.1546 ], [ 106.9597, -6.1556 ], [ 106.9586, -6.1595 ], [ 106.953, -6.1584 ], [ 106.9516, -6.1634 ], [ 106.9447, -6.163 ], [ 106.9442, -6.1551 ], [ 106.9402, -6.1553 ], [ 106.9395, -6.1518 ] ] ] } },
{ "type": "Feature", "properties": { "district_id": "IDN.7.5.2_1", "name": "Danau Sunter Dll", "kabupaten": "Jakarta Utara", "provinsi": "Jakarta Raya" }, "geometry": { "type": "MultiPolygon", "coordinates": [ [ [ [ 106.8609, -6.1509 ], [ 106.8598, -6.1526 ], [ 106.8551, -6.152 ], [ 106.856, -6.1498 ], [ 106.8609, -6.1509 ] ] ], [ [ [ 106.8501, -6.1528 ], [ 106.8447, -6.154 ], [ 106.8413, -6.1521 ], [ 106.844, -6.145 ], [ 106.8448, -6.1495 ], [ 106.8496, -6.1488 ], [ 106.8501, -6.1528 ] ] ] ] } },
{ "type": "Feature", "properties": { "district_id": "IDN.7.5.3_1", "name": "Kelapa Gading", "kabupaten": "Jakarta Utara", "provinsi": "Jakarta Raya" }, "geometry": { "type": "Polygon", "coordinates": [ [ [ 106.9101, -6.1825 ], [ 106.8787, -6.1664 ], [ 106.8889, -6.1499 ], [ 106.8919, -6.1368 ], [ 106.9044, -6.1397 ], [ 106.9062, -6.1437 ], [ 106.9168, -6.1376 ], [ 106.9154, -6.1447 ], [ 106.9219, -6.1609 ], [ 106.9204, -6.1698 ], [ 106.9225, -6.1831 ], [ 106.9101, -6.1825 ] ] ] } },
{ "type": "Feature", "properties": { "district_id": "IDN.7.5.4_1", "name": "Koja", "kabupaten": "Jakarta Utara", "provinsi": "Jakarta Raya" }, "geometry": { "type": "Polygon", "coordinates": [ [ [ 106.9182, -6.1296 ], [ 106.9194, -6.1324 ], [ 106.917, -6.1375 ], [ 106.9062, -6.1437 ], [ 106.9044, -6.1397 ], [ 106.8919, -6.1368 ], [ 106.8931, -6.1075 ], [ 106.8905, -6.1074 ], [ 106.8923, -6.1068 ], [ 106.8926, -6.0974 ], [ 106.9054, -6.0978 ], [ 106.9067, -6.1087 ], [ 106.9173, -6.1083 ], [ 106.9169, -6.1195 ], [ 106.9205, -6.119 ], [ 106.9219, -6.126 ], [ 106.9182, -6.1296 ] ] ] } },
{ "type": "Feature", "properties": { "district_id": "IDN.7.5.5_1", "name": "Pademangan", "kabupaten": "Jakarta Utara", "provinsi": "Jakarta Raya" }, "geometry": { "type": "Polygon", "coordinates": [ [ [ 106.8549, -6.152 ], [ 106.8504, -6.1528 ], [ 106.8496, -6.1488 ], [ 106.8448, -6.1495 ], [ 106.8442, -6.145 ], [ 106.8384, -6.1417 ], [ 106.8371, -6.1459 ], [ 106.8312, -6.1404 ], [ 106.8307, -6.1353 ], [ 106.8167, -6.1371 ], [ 106.815, -6.1302 ], [ 106.8104, -6.1308 ], [ 106.8078, -6.1161 ], [ 106.8118, -6.1227 ], [ 106.8119, -6.1192 ], [ 106.8165, -6.1199 ], [ 106.8172, -6.1149 ], [ 106.8206, -6.1154 ], [ 106.8221, -6.122 ], [ 106.8233, -6.1173 ], [ 106.8288, -6.1173 ], [ 106.8301, -6.1209 ], [ 106.8421, -6.1209 ], [ 106.8393, -6.1232 ], [ 106.843, -6.1236 ], [ 106.8443, -6.1208 ], [ 106.8578, -6.1161 ], [ 106.8593, -6.1142 ], [ 106.8577, -6.111 ], [ 106.8608, -6.1102 ], [ 106.8613, -6.1145 ], [ 106.8634, -6.114 ], [ 106.8728, -6.1044 ], [ 106.8721, -6.1084 ], [ 106.8649, -6.1125 ], [ 106.8647, -6.1202 ], [ 106.8477, -6.1272 ], [ 106.8522, -6.1365 ], [ 106.8549, -6.152 ] ] ] } },
{ "type": "Feature", "properties": { "district_id": "IDN.7.5.6_1", "name": "Penjaringan", "kabupaten": "Jakarta Utara", "provinsi": "Jakarta Raya" }, "geometry": { "type": "Polygon", "coordinates": [ [ [ 106.7751, -6.1446 ], [ 106.7747, -6.1413 ], [ 106.7509, -6.1344 ], [ 106.7333, -6.1232 ], [ 106.711, -6.0956 ], [ 106.7254, -6.089 ], [ 106.7283, -6.0942 ], [ 106.7381, -6.1012 ], [ 106.7448, -6.1022 ], [ 106.7485, -6.0999 ], [ 106.7573, -6.1039 ], [ 106.766, -6.101 ], [ 106.772, -6.105 ], [ 106.7767, -6.1036 ], [ 106.7745, -6.1101 ], [ 106.7765, -6.106 ], [ 106.7844, -6.1086 ], [ 106.7853, -6.1112 ], [ 106.7855, -6.1081 ], [ 106.7903, -6.108 ], [ 106.7904, -6.0936 ], [ 106.797, -6.0941 ], [ 106.7963, -6.1095 ], [ 106.8006, -6.1083 ], [ 106.7987, -6.0968 ], [ 106.8023, -6.1023 ], [ 106.8044, -6.1019 ], [ 106.8036, -6.0945 ], [ 106.8104, -6.1308 ], [ 106.8011, -6.1337 ], [ 106.8005, -6.1419 ], [ 106.7751, -6.1446 ] ] ] } },
{ "type": "Feature", "properties": { "district_id": "IDN.7.5.7_1", "name": "Tanjung Priok", "kabupaten": "Jakarta Utara", "provinsi": "Jakarta Raya" }, "geometry": { "type": "MultiPolygon", "coordinates": [ [ [ [ 106.8606, -6.1533 ], [ 106.8604, -6.15 ], [ 106.856, -6.1505 ], [ 106.8477, -6.1272 ], [ 106.8664, -6.1202 ], [ 106.8653, -6.1136 ], [ 106.8714, -6.1104 ], [ 106.8703, -6.1147 ], [ 106.8728, -6.1144 ], [ 106.8767, -6.1018 ], [ 106.8756, -6.1113 ], [ 106.8772, -6.1068 ], [ 106.8785, -6.1099 ], [ 106.8795, -6.0943 ], [ 106.8795, -6.0985 ], [ 106.8812, -6.0938 ], [ 106.8826, -6.0949 ], [ 106.8822, -6.1064 ], [ 106.8838, -6.1064 ], [ 106.8841, -6.0964 ], [ 106.887, -6.0973 ], [ 106.8867, -6.1065 ], [ 106.8883, -6.0973 ], [ 106.8909, -6.0973 ], [ 106.8905, -6.1074 ], [ 106.8931, -6.1075 ], [ 106.8936, -6.1294 ], [ 106.8883, -6.1511 ], [ 106.8814, -6.1625 ], [ 106.877, -6.1635 ], [ 106.8606, -6.1533 ] ] ], [ [ [ 106.8907, -6.1068 ], [ 106.8908, -6.1067 ], [ 106.8908, -6.1068 ], [ 106.8907, -6.1068 ] ] ] ] } },
{ "type": "Feature", "properties": { "district_id": "IDN.9.4.1_1", "name": "Babelan", "kabupaten": "Bekasi", "provinsi": "Jawa Barat" }, "geometry": { "type": "Polygon", "coordinates": [ [ [ 107.0325, -6.1984 ], [ 107.0199, -6.1964 ], [ 107.018, -6.1998 ], [ 107.0149, -6.1951 ], [ 107.006, -6.1956 ], [ 107.007, -6.1777 ], [ 107.0083, -6.1746 ], [ 107.0108, -6.1748 ], [ 107.0114, -6.1687 ], [ 107.0087, -6.1677 ], [ 107.0114, -6.1487 ], [ 107.0086, -6.1388 ], [ 107.0123, -6.1388 ], [ 107.0167, -6.1335 ], [ 107.0197, -6.134 ], [ 107.0211, -6.124 ], [ 107.0309, -6.1142 ], [ 107.0306, -6.0994 ], [ 107.028, -6.0945 ], [ 107.0291, -6.0838 ], [ 107.0316, -6.082 ], [ 107.0164, -6.0692 ], [ 107.0102, -6.0744 ], [ 107.0028, -6.0698 ], [ 106.9999, -6.0666 ], [ 106.9985, -6.059 ], [ 106.9915, -6.0537 ], [ 106.9946, -6.0516 ], [ 106.9894, -6.0496 ], [ 106.9967, -6.0501 ], [ 106.9994, -6.0481 ], [ 107.0056, -6.0499 ], [ 107.0091, -6.0583 ], [ 107.0269, -6.0596 ], [ 107.0388, -6.0632 ], [ 107.047, -6.061 ], [ 107.0537, -6.0544 ], [ 107.0549, -6.0479 ], [ 107.0584, -6.047 ], [ 107.0599, -6.0488 ], [ 107.0568, -6.0526 ], [ 107.0605, -6.0576 ], [ 107.058, -6.0652 ], [ 107.0625, -6.0685 ], [ 107.0607, -6.0701 ], [ 107.0621, -6.0738 ], [ 107.0574, -6.079 ], [ 107.0583, -6.082 ], [ 107.0539, -6.091 ], [ 107.056, -6.0984 ], [ 107.059, -6.1022 ], [ 107.0649, -6.1036 ], [ 107.0699, -6.1129 ], [ 107.0621, -6.1279 ], [ 107.0614, -6.1244 ], [ 107.0592, -6.1246 ], [ 107.0544, -6.1394 ], [ 107.0485, -6.1413 ], [ 107.0474, -6.1518 ], [ 107.0442, -6.1568 ], [ 107.0495, -6.1651 ], [ 107.0491, -6.1691 ], [ 107.0464, -6.1699 ], [ 107.048, -6.174 ], [ 107.0404, -6.1838 ], [ 107.0411, -6.1862 ], [ 107.0445, -6.1863 ], [ 107.0415, -6.1958 ], [ 107.0434, -6.1996 ], [ 107.0371, -6.2066 ], [ 107.0328, -6.2033 ], [ 107.0325, -6.1984 ] ] ] } },
{ "type": "Feature", "properties": { "district_id": "IDN.9.4.2_1", "name": "Bojongmangu", "kabupaten": "Bekasi", "provinsi": "Jawa Barat" }, "geometry": { "type": "Polygon", "coordinates": [ [ [ 107.2015, -6.4614 ], [ 107.1953, -6.4612 ], [ 107.1953, -6.4639 ], [ 107.1896, -6.4639 ], [ 107.1892, -6.4697 ], [ 107.1861, -6.4714 ], [ 107.1836, -6.471 ], [ 107.1853, -6.4671 ], [ 107.1818, -6.4678 ], [ 107.1828, -6.4735 ], [ 107.1784, -6.4739 ], [ 107.181, -6.4748 ], [ 107.1808, -6.4781 ], [ 107.1723, -6.4798 ], [ 107.1717, -6.482 ], [ 107.1597, -6.4783 ], [ 107.1561, -6.4746 ], [ 107.1408, -6.4716 ], [ 107.1348, -6.4661 ], [ 107.1227, -6.4674 ], [ 107.1264, -6.4564 ], [ 107.1322, -6.4551 ], [ 107.1375, -6.4559 ], [ 107.1387, -6.4584 ], [ 107.1471, -6.458 ], [ 107.1525, -6.4538 ], [ 107.1573, -6.4533 ], [ 107.1653, -6.4462 ], [ 107.1654, -6.4423 ], [ 107.1534, -6.4403 ], [ 107.1487, -6.4335 ], [ 107.1497, -6.4279 ], [ 107.148, -6.4275 ], [ 107.1494, -6.425 ], [ 107.1535, -6.4246 ], [ 107.1533, -6.4213 ], [ 107.1576, -6.4184 ], [ 107.1577, -6.4155 ], [ 107.1632, -6.4123 ], [ 107.1643, -6.4066 ], [ 107.171, -6.4028 ], [ 107.1723, -6.4053 ], [ 107.1722, -6.4014 ], [ 107.1756, -6.4022 ], [ 107.1749, -6.4003 ], [ 107.1809, -6.3962 ], [ 107.1816, -6.3927 ], [ 107.1885, -6.3984 ], [ 107.1916, -6.395 ], [ 107.2011, -6.3983 ], [ 107.2045, -6.3953 ], [ 107.2112, -6.3981 ], [ 107.2163, -6.3952 ], [ 107.2199, -6.3962 ], [ 107.2221, -6.4004 ], [ 107.2212, -6.4084 ], [ 107.2126, -6.4096 ], [ 107.2126, -6.4169 ], [ 107.2023, -6.4138 ], [ 107.2054, -6.4217 ], [ 107.2035, -6.4235 ], [ 107.1962, -6.423 ], [ 107.2037, -6.4261 ], [ 107.2067, -6.4349 ], [ 107.202, -6.4361 ], [ 107.2117, -6.4493 ], [ 107.2111, -6.4525 ], [ 107.2079, -6.4493 ], [ 107.2054, -6.4519 ], [ 107.2127, -6.455 ], [ 107.2169, -6.4614 ], [ 107.2089, -6.4686 ], [ 107.2015, -6.4614 ] ] ] } },
{ "type": "Feature", "properties": { "district_id": "IDN.9.4.3_1", "name": "Cabangbungin", "kabupaten": "Bekasi", "provinsi": "Jawa Barat" }, "geometry": { "type": "Polygon", "coordinates": [ [ [ 107.1724, -6.1153 ], [ 107.1639, -6.1054 ], [ 107.1074, -6.0885 ], [ 107.1049, -6.0971 ], [ 107.0921, -6.0936 ], [ 107.0889, -6.0668 ], [ 107.1072, -6.066 ], [ 107.0862, -6.0485 ], [ 107.0881, -6.0416 ], [ 107.1065, -6.0408 ], [ 107.113, -6.038 ], [ 107.1186, -6.0393 ], [ 107.1217, -6.0471 ], [ 107.1278, -6.0474 ], [ 107.1244, -6.0509 ], [ 107.1266, -6.0543 ], [ 107.1362, -6.0496 ], [ 107.1368, -6.0556 ], [ 107.1327, -6.0557 ], [ 107.1303, -6.0615 ], [ 107.1344, -6.0635 ], [ 107.1405, -6.0572 ], [ 107.1436, -6.0713 ], [ 107.1516, -6.0728 ], [ 107.1586, -6.0675 ], [ 107.1719, -6.0759 ], [ 107.1761, -6.0815 ], [ 107.184, -6.0764 ], [ 107.1868, -6.0775 ], [ 107.1881, -6.0883 ], [ 107.1965, -6.0916 ], [ 107.1914, -6.1056 ], [ 107.1882, -6.1132 ], [ 107.1724, -6.1153 ] ] ] } },
{ "type": "Feature", "properties": { "district_id": "IDN.9.4.4_1", "name": "Cibarusah", "kabupaten": "Bekasi", "provinsi": "Jawa Barat" }, "geometry": { "type": "Polygon", "coordinates": [ [ [ 107.0781, -6.4224 ], [ 107.079, -6.4113 ], [ 107.0822, -6.4119 ], [ 107.0883, -6.4045 ], [ 107.0927, -6.4028 ], [ 107.1003, -6.4058 ], [ 107.1059, -6.4052 ], [ 107.1058, -6.4084 ], [ 107.112, -6.4086 ], [ 107.1149, -6.4111 ], [ 107.1159, -6.4148 ], [ 107.1123, -6.4182 ], [ 107.1132, -6.4217 ], [ 107.1249, -6.4249 ], [ 107.1247, -6.4282 ], [ 107.1345, -6.4308 ], [ 107.1423, -6.4252 ], [ 107.1497, -6.4249 ], [ 107.1487, -6.4335 ], [ 107.1534, -6.4403 ], [ 107.1667, -6.4431 ], [ 107.1573, -6.4533 ], [ 107.1525, -6.4538 ], [ 107.1471, -6.458 ], [ 107.1387, -6.4584 ], [ 107.1375, -6.4559 ], [ 107.1315, -6.4551 ], [ 107.1264, -6.4564 ], [ 107.126, -6.4592 ], [ 107.1092, -6.4628 ], [ 107.0997, -6.4537 ], [ 107.08, -6.4489 ], [ 107.0808, -6.4441 ], [ 107.0667, -6.4357 ], [ 107.0627, -6.4338 ], [ 107.0576, -6.4367 ], [ 107.0553, -6.4356 ], [ 107.0594, -6.4336 ], [ 107.0578, -6.4296 ], [ 107.0546, -6.4293 ], [ 107.0589, -6.4267 ], [ 107.0584, -6.4231 ], [ 107.0781, -6.4224 ] ] ] } },
{ "type": "Feature", "properties": { "district_id": "IDN.9.4.5_1", "name": "Cibitung", "kabupaten": "Bekasi", "provinsi": "Jawa Barat" }, "geometry": { "type": "Polygon", "coordinates": [ [ [ 107.0856, -6.2661 ], [ 107.0807, -6.2721 ], [ 107.0831, -6.2738 ], [ 107.0794, -6.2845 ], [ 107.0743, -6.2829 ], [ 107.0732, -6.2875 ], [ 107.0704, -6.2871 ], [ 107.0704, -6.297 ], [ 107.068, -6.3004 ], [ 107.0703, -6.3026 ], [ 107.0685, -6.3037 ], [ 107.0696, -6.3063 ], [ 107.0566, -6.3063 ], [ 107.058, -6.2917 ], [ 107.061, -6.2891 ], [ 107.0606, -6.2801 ], [ 107.0659, -6.2779 ], [ 107.068, -6.272 ], [ 107.0762, -6.2719 ], [ 107.0792, -6.2697 ], [ 107.0797, -6.2673 ], [ 107.0752, -6.2664 ], [ 107.0733, -6.2613 ], [ 107.0813, -6.2492 ], [ 107.0821, -6.2369 ], [ 107.0884, -6.2378 ], [ 107.0853, -6.2312 ], [ 107.0907, -6.23 ], [ 107.0779, -6.1933 ], [ 107.081, -6.1936 ], [ 107.0811, -6.1875 ], [ 107.0861, -6.1878 ], [ 107.0879, -6.1813 ], [ 107.1022, -6.1824 ], [ 107.106, -6.187 ], [ 107.1037, -6.1987 ], [ 107.1159, -6.2042 ], [ 107.1169, -6.2078 ], [ 107.1242, -6.2133 ], [ 107.1264, -6.2179 ], [ 107.1252, -6.2224 ], [ 107.1413, -6.228 ], [ 107.1507, -6.2339 ], [ 107.1484, -6.2439 ], [ 107.1505, -6.2471 ], [ 107.1488, -6.2486 ], [ 107.1475, -6.247 ], [ 107.1455, -6.2498 ], [ 107.1298, -6.2428 ], [ 107.1291, -6.2474 ], [ 107.1184, -6.2471 ], [ 107.117, -6.2529 ], [ 107.1078, -6.2501 ], [ 107.1056, -6.2583 ], [ 107.0852, -6.2616 ], [ 107.0856, -6.2661 ] ] ] } },
{ "type": "Feature", "properties": { "district_id": "IDN.9.4.6_1", "name": "Cikarang Barat", "kabupaten": "Bekasi", "provinsi": "Jawa Barat" }, "geometry": { "type": "Polygon", "coordinates": [ [ [ 107.103, -6.3271 ], [ 107.1024, -6.3329 ], [ 107.0921, -6.3363 ], [ 107.0929, -6.3387 ], [ 107.089, -6.3406 ], [ 107.0899, -6.3422 ], [ 107.0857, -6.3414 ], [ 107.0855, -6.3449 ], [ 107.0839, -6.342 ], [ 107.0789, -6.3469 ], [ 107.0764, -6.3471 ], [ 107.0765, -6.3395 ], [ 107.0696, -6.3389 ], [ 107.0676, -6.3329 ], [ 107.0604, -6.3422 ], [ 107.0461, -6.3419 ], [ 107.0406, -6.3375 ], [ 107.0451, -6.3359 ], [ 107.0602, -6.3186 ], [ 107.0614, -6.315 ], [ 107.0563, -6.3135 ], [ 107.0584, -6.3062 ], [ 107.0696, -6.3063 ], [ 107.0685, -6.3037 ], [ 107.0703, -6.3026 ], [ 107.068, -6.3004 ], [ 107.0704, -6.297 ], [ 107.0704, -6.2871 ], [ 107.0732, -6.2875 ], [ 107.0743, -6.2829 ], [ 107.0794, -6.2845 ], [ 107.0831, -6.2738 ], [ 107.081, -6.2703 ], [ 107.0856, -6.2661 ], [ 107.0852, -6.2616 ], [ 107.1056, -6.2583 ], [ 107.1078, -6.2501 ], [ 107.117, -6.2529 ], [ 107.1184, -6.2471 ], [ 107.1291, -6.2474 ], [ 107.1298, -6.2428 ], [ 107.1457, -6.2498 ], [ 107.1418, -6.2512 ], [ 107.1421, -6.2593 ], [ 107.137, -6.268 ], [ 107.1329, -6.268 ], [ 107.1282, -6.2732 ], [ 107.1248, -6.2731 ], [ 107.1229, -6.276 ], [ 107.1195, -6.2746 ], [ 107.1164, -6.2777 ], [ 107.119, -6.2776 ], [ 107.1193, -6.2901 ], [ 107.1162, -6.2934 ], [ 107.1151, -6.3006 ], [ 107.1112, -6.3036 ], [ 107.117, -6.306 ], [ 107.118, -6.3096 ], [ 107.1119, -6.3103 ], [ 107.1114, -6.3127 ], [ 107.1152, -6.3139 ], [ 107.1161, -6.3171 ], [ 107.1099, -6.3184 ], [ 107.1126, -6.3188 ], [ 107.1115, -6.3204 ], [ 107.1077, -6.3195 ], [ 107.11, -6.3242 ], [ 107.1055, -6.3231 ], [ 107.1073, -6.326 ], [ 107.103, -6.3271 ] ] ] } },
{ "type": "Feature", "properties": { "district_id": "IDN.9.4.7_1", "name": "Cikarang Pusat", "kabupaten": "Bekasi", "provinsi": "Jawa Barat" }, "geometry": { "type": "Polygon", "coordinates": [ [ [ 107.2185, -6.3959 ], [ 107.2147, -6.3952 ], [ 107.2103, -6.3981 ], [ 107.2045, -6.3953 ], [ 107.2011, -6.3983 ], [ 107.1922, -6.3949 ], [ 107.1885, -6.3984 ], [ 107.1816, -6.3927 ], [ 107.1841, -6.3902 ], [ 107.1754, -6.3906 ], [ 107.168, -6.3871 ], [ 107.1638, -6.3827 ], [ 107.1647, -6.3783 ], [ 107.158, -6.3835 ], [ 107.1517, -6.3806 ], [ 107.1488, -6.3838 ], [ 107.1432, -6.3791 ], [ 107.1378, -6.3799 ], [ 107.1279, -6.3759 ], [ 107.1292, -6.3697 ], [ 107.1345, -6.3668 ], [ 107.1346, -6.3597 ], [ 107.1432, -6.3491 ], [ 107.148, -6.353 ], [ 107.1497, -6.3518 ], [ 107.1501, -6.3551 ], [ 107.1629, -6.3559 ], [ 107.1792, -6.3531 ], [ 107.1754, -6.3476 ], [ 107.1715, -6.3331 ], [ 107.174, -6.33 ], [ 107.1721, -6.3262 ], [ 107.1567, -6.3166 ], [ 107.1607, -6.3108 ], [ 107.1654, -6.309 ], [ 107.1654, -6.304 ], [ 107.1696, -6.3068 ], [ 107.1671, -6.313 ], [ 107.1691, -6.3122 ], [ 107.1766, -6.3183 ], [ 107.1852, -6.3197 ], [ 107.1845, -6.3239 ], [ 107.1966, -6.3295 ], [ 107.209, -6.3284 ], [ 107.2094, -6.3222 ], [ 107.2139, -6.3228 ], [ 107.2153, -6.3257 ], [ 107.2168, -6.3209 ], [ 107.2189, -6.3212 ], [ 107.2191, -6.326 ], [ 107.2148, -6.3304 ], [ 107.2236, -6.3354 ], [ 107.2266, -6.3492 ], [ 107.223, -6.3519 ], [ 107.215, -6.3499 ], [ 107.2131, -6.3567 ], [ 107.2153, -6.3618 ], [ 107.2132, -6.3638 ], [ 107.2075, -6.3615 ], [ 107.2104, -6.3659 ], [ 107.2055, -6.3692 ], [ 107.2048, -6.3754 ], [ 107.2105, -6.3796 ], [ 107.2128, -6.3745 ], [ 107.2144, -6.3796 ], [ 107.2193, -6.3808 ], [ 107.2216, -6.3877 ], [ 107.2185, -6.3959 ] ] ] } },
{ "type": "Feature", "properties": { "district_id": "IDN.9.4.8_1", "name": "Cikarang Selatan", "kabupaten": "Bekasi", "provinsi": "Jawa Barat" }, "geometry": { "type": "Polygon", "coordinates": [ [ [ 107.1346, -6.3597 ], [ 107.1327, -6.3681 ], [ 107.1233, -6.3679 ], [ 107.1141, -6.3738 ], [ 107.1019, -6.3715 ], [ 107.0968, -6.374 ], [ 107.0939, -6.3736 ], [ 107.0974, -6.3646 ], [ 107.0823, -6.3617 ], [ 107.0781, -6.3637 ], [ 107.0703, -6.3591 ], [ 107.0753, -6.354 ], [ 107.0731, -6.3513 ], [ 107.0763, -6.3472 ], [ 107.0839, -6.342 ], [ 107.0855, -6.3449 ], [ 107.0857, -6.3414 ], [ 107.0898, -6.3423 ], [ 107.089, -6.3406 ], [ 107.0927, -6.339 ], [ 107.0921, -6.3363 ], [ 107.1024, -6.3329 ], [ 107.103, -6.3271 ], [ 107.1073, -6.3258 ], [ 107.1055, -6.3231 ], [ 107.11, -6.3242 ], [ 107.1077, -6.3195 ], [ 107.1115, -6.3204 ], [ 107.1126, -6.3188 ], [ 107.1099, -6.3184 ], [ 107.1161, -6.3171 ], [ 107.1152, -6.3139 ], [ 107.1114, -6.3127 ], [ 107.1119, -6.3103 ], [ 107.118, -6.3096 ], [ 107.1162, -6.3067 ], [ 107.125, -6.3062 ], [ 107.1303, -6.3088 ], [ 107.1414, -6.3071 ], [ 107.1428, -6.303 ], [ 107.1407, -6.2958 ], [ 107.1429, -6.2916 ], [ 107.1492, -6.3002 ], [ 107.1607, -6.3 ], [ 107.1608, -6.304 ], [ 107.1654, -6.304 ], [ 107.1654, -6.309 ], [ 107.1607, -6.3108 ], [ 107.1567, -6.3166 ], [ 107.1721, -6.3262 ], [ 107.174, -6.33 ], [ 107.1715, -6.3331 ], [ 107.1754, -6.3476 ], [ 107.1792, -6.3531 ], [ 107.1629, -6.3559 ], [ 107.1501, -6.3551 ], [ 107.1497, -6.3518 ], [ 107.148, -6.353 ], [ 107.1432, -6.3491 ], [ 107.1346, -6.3597 ] ] ] } },
{ "type": "Feature", "properties": { "district_id": "IDN.9.4.9_1", "name": "Cikarang Timur", "kabupaten": "Bekasi", "provinsi": "Jawa Barat" }, "geometry": { "type": "Polygon", "coordinates": [ [ [ 107.2168, -6.3209 ], [ 107.2153, -6.3257 ], [ 107.2139, -6.3228 ], [ 107.2094, -6.3222 ], [ 107.209, -6.3284 ], [ 107.1966, -6.3295 ], [ 107.1845, -6.3239 ], [ 107.1852, -6.3197 ], [ 107.1766, -6.3183 ], [ 107.1668, -6.312 ], [ 107.1706, -6.3046 ], [ 107.1676, -6.3002 ], [ 107.1724, -6.288 ], [ 107.1776, -6.289 ], [ 107.1847, -6.2767 ], [ 107.1856, -6.2689 ], [ 107.1963, -6.2654 ], [ 107.2017, -6.2317 ], [ 107.2104, -6.235 ], [ 107.2132, -6.2339 ], [ 107.2148, -6.2423 ], [ 107.2214, -6.2441 ], [ 107.2148, -6.2589 ], [ 107.2142, -6.2659 ], [ 107.2256, -6.2658 ], [ 107.2352, -6.2695 ], [ 107.2436, -6.2659 ], [ 107.2462, -6.2667 ], [ 107.2454, -6.2697 ], [ 107.2419, -6.2698 ], [ 107.2363, -6.2745 ], [ 107.2354, -6.2795 ], [ 107.2433, -6.2797 ], [ 107.2503, -6.2766 ], [ 107.2585, -6.2784 ], [ 107.2591, -6.2762 ], [ 107.2667, -6.2738 ], [ 107.2654, -6.2788 ], [ 107.268, -6.2807 ], [ 107.2666, -6.2849 ], [ 107.2633, -6.2801 ], [ 107.2619, -6.2819 ], [ 107.264, -6.2864 ], [ 107.2555, -6.2902 ], [ 107.2546, -6.295 ], [ 107.2487, -6.2933 ], [ 107.2467, -6.2993 ], [ 107.2365, -6.2967 ], [ 107.2394, -6.3043 ], [ 107.2372, -6.3072 ], [ 107.2353, -6.3066 ], [ 107.2337, -6.299 ], [ 107.233, -6.3037 ], [ 107.2294, -6.3022 ], [ 107.2241, -6.3057 ], [ 107.2276, -6.3093 ], [ 107.2246, -6.3102 ], [ 107.2239, -6.3163 ], [ 107.2218, -6.3166 ], [ 107.2199, -6.3131 ], [ 107.2173, -6.3162 ], [ 107.2247, -6.3206 ], [ 107.2168, -6.3209 ] ] ] } },
{ "type": "Feature", "properties": { "district_id": "IDN.9.4.10_1", "name": "Cikarang Utara", "kabupaten": "Bekasi", "provinsi": "Jawa Barat" }, "geometry": { "type": "Polygon", "coordinates": [ [ [ 107.1303, -6.3088 ], [ 107.1112, -6.3036 ], [ 107.1151, -6.3006 ], [ 107.1162, -6.2934 ], [ 107.1193, -6.2901 ], [ 107.119, -6.2776 ], [ 107.1164, -6.2777 ], [ 107.1195, -6.2746 ], [ 107.1229, -6.276 ], [ 107.1248, -6.2731 ], [ 107.1282, -6.2732 ], [ 107.1329, -6.268 ], [ 107.137, -6.268 ], [ 107.1421, -6.2593 ], [ 107.1418, -6.2512 ], [ 107.1475, -6.247 ], [ 107.149, -6.2485 ], [ 107.1538, -6.2446 ], [ 107.1568, -6.2467 ], [ 107.1586, -6.2447 ], [ 107.1647, -6.2451 ], [ 107.1755, -6.2492 ], [ 107.1773, -6.2434 ], [ 107.1982, -6.2489 ], [ 107.1963, -6.2654 ], [ 107.1856, -6.2689 ], [ 107.1847, -6.2767 ], [ 107.1776, -6.289 ], [ 107.1724, -6.288 ], [ 107.1711, -6.2954 ], [ 107.1677, -6.2995 ], [ 107.1706, -6.3046 ], [ 107.1696, -6.3068 ], [ 107.1608, -6.304 ], [ 107.1607, -6.3 ], [ 107.149, -6.3001 ], [ 107.1429, -6.2916 ], [ 107.1407, -6.2958 ], [ 107.1428, -6.303 ], [ 107.1414, -6.3071 ], [ 107.1303, -6.3088 ] ] ] } },
{ "type": "Feature", "properties": { "district_id": "IDN.9.4.11_1", "name": "Karangbahagia", "kabupaten": "Bekasi", "provinsi": "Jawa Barat" }, "geometry": { "type": "Polygon", "coordinates": [ [ [ 107.2202, -6.2439 ], [ 107.2148, -6.2423 ], [ 107.2132, -6.2339 ], [ 107.2104, -6.235 ], [ 107.2017, -6.2317 ], [ 107.1982, -6.2489 ], [ 107.1773, -6.2434 ], [ 107.1755, -6.2492 ], [ 107.1578, -6.2435 ], [ 107.1585, -6.2337 ], [ 107.1557, -6.2248 ], [ 107.1597, -6.2173 ], [ 107.165, -6.2174 ], [ 107.1727, -6.205 ], [ 107.1793, -6.1733 ], [ 107.2052, -6.1945 ], [ 107.2299, -6.2027 ], [ 107.2457, -6.215 ], [ 107.2376, -6.2257 ], [ 107.243, -6.2331 ], [ 107.2406, -6.24 ], [ 107.2361, -6.2383 ], [ 107.2338, -6.233 ], [ 107.2291, -6.2317 ], [ 107.2202, -6.2439 ] ] ] } },
{ "type": "Feature", "properties": { "district_id": "IDN.9.4.12_1", "name": "Kedungwaringin", "kabupaten": "Bekasi", "provinsi": "Jawa Barat" }, "geometry": { "type": "Polygon", "coordinates": [ [ [ 107.2663, -6.2741 ], [ 107.2591, -6.2762 ], [ 107.2585, -6.2784 ], [ 107.2503, -6.2766 ], [ 107.2433, -6.2797 ], [ 107.2354, -6.2795 ], [ 107.2363, -6.2745 ], [ 107.2419, -6.2698 ], [ 107.2454, -6.2697 ], [ 107.2462, -6.2667 ], [ 107.2426, -6.266 ], [ 107.2348, -6.2695 ], [ 107.2256, -6.2658 ], [ 107.2142, -6.2659 ], [ 107.2148, -6.2589 ], [ 107.2268, -6.2325 ], [ 107.2338, -6.233 ], [ 107.2361, -6.2383 ], [ 107.2406, -6.24 ], [ 107.243, -6.2331 ], [ 107.2376, -6.2257 ], [ 107.2457, -6.215 ], [ 107.2694, -6.233 ], [ 107.2745, -6.2413 ], [ 107.2778, -6.2536 ], [ 107.2734, -6.2584 ], [ 107.2762, -6.2669 ], [ 107.2663, -6.2741 ] ] ] } },
{ "type": "Feature", "properties": { "district_id": "IDN.9.4.13_1", "name": "Muara Gembong", "kabupaten": "Bekasi", "provinsi": "Jawa Barat" }, "geometry": { "type": "Polygon", "coordinates": [ [ [ 107.0472, -6.0608 ], [ 107.0384, -6.0632 ], [ 107.0269, -6.0596 ], [ 107.0089, -6.0582 ], [ 107.0056, -6.0499 ], [ 107.0086, -6.0427 ], [ 107.0047, -6.0415 ], [ 107.008, -6.0359 ], [ 107.0121, -6.0332 ], [ 107.0151, -6.0345 ], [ 107.0151, -6.0293 ], [ 107.01, -6.0238 ], [ 106.9931, -6.0281 ], [ 106.9928, -6.0145 ], [ 106.989, -6.0108 ], [ 106.9845, -6.0109 ], [ 106.9894, -6.0032 ], [ 107.001, -6.0025 ], [ 107.0078, -5.9982 ], [ 107.0167, -5.9709 ], [ 107.0162, -5.9585 ], [ 107.0094, -5.9428 ], [ 107.006, -5.9402 ], [ 106.9932, -5.9395 ], [ 106.9986, -5.9356 ], [ 106.9928, -5.9381 ], [ 106.9908, -5.9368 ], [ 106.9998, -5.9329 ], [ 107.0157, -5.918 ], [ 107.0244, -5.9144 ], [ 107.0386, -5.9162 ], [ 107.0434, -5.9212 ], [ 107.07, -5.9327 ], [ 107.1004, -5.9362 ], [ 107.0936, -5.9575 ], [ 107.0971, -5.9613 ], [ 107.0896, -5.9684 ], [ 107.09, -5.9764 ], [ 107.0856, -5.9793 ], [ 107.0886, -5.9801 ], [ 107.0876, -5.9823 ], [ 107.0899, -5.9835 ], [ 107.0848, -5.985 ], [ 107.0872, -5.9872 ], [ 107.0844, -5.9908 ], [ 107.0883, -5.9954 ], [ 107.0845, -6.0018 ], [ 107.0925, -6.0064 ], [ 107.0936, -6.0143 ], [ 107.1016, -6.0162 ], [ 107.095, -6.0221 ], [ 107.0939, -6.0274 ], [ 107.0993, -6.025 ], [ 107.1051, -6.0288 ], [ 107.1113, -6.0289 ], [ 107.113, -6.038 ], [ 107.1065, -6.0408 ], [ 107.0881, -6.0416 ], [ 107.0859, -6.0479 ], [ 107.1072, -6.066 ], [ 107.0913, -6.0659 ], [ 107.0762, -6.0738 ], [ 107.0626, -6.074 ], [ 107.0607, -6.0701 ], [ 107.0625, -6.0685 ], [ 107.058, -6.0652 ], [ 107.0605, -6.0576 ], [ 107.0568, -6.0526 ], [ 107.0599, -6.0488 ], [ 107.0582, -6.047 ], [ 107.0549, -6.0479 ], [ 107.0537, -6.0544 ], [ 107.0472, -6.0608 ] ] ] } },
{ "type": "Feature", "properties": { "district_id": "IDN.9.4.14_1", "name": "Pebayuran", "kabupaten": "Bekasi", "provinsi": "Jawa Barat" }, "geometry": { "type": "Polygon", "coordinates": [ [ [ 107.2671, -6.2313 ], [ 107.2289, -6.2026 ], [ 107.2246, -6.1708 ], [ 107.2056, -6.1332 ], [ 107.2054, -6.1221 ], [ 107.1882, -6.1132 ], [ 107.1965, -6.0916 ], [ 107.2216, -6.1039 ], [ 107.2301, -6.1026 ], [ 107.2375, -6.1044 ], [ 107.2468, -6.1011 ], [ 107.2485, -6.1161 ], [ 107.2653, -6.1113 ], [ 107.2694, -6.1156 ], [ 107.2706, -6.1297 ], [ 107.2812, -6.1276 ], [ 107.2795, -6.1334 ], [ 107.2839, -6.1373 ], [ 107.281, -6.1448 ], [ 107.2824, -6.148 ], [ 107.2858, -6.1487 ], [ 107.289, -6.1419 ], [ 107.2925, -6.1409 ], [ 107.2885, -6.1563 ], [ 107.2812, -6.1573 ], [ 107.2786, -6.162 ], [ 107.2794, -6.1711 ], [ 107.286, -6.1753 ], [ 107.2862, -6.1839 ], [ 107.2921, -6.1901 ], [ 107.2908, -6.2006 ], [ 107.296, -6.2013 ], [ 107.2965, -6.2035 ], [ 107.291, -6.217 ], [ 107.2725, -6.2163 ], [ 107.2749, -6.2225 ], [ 107.2836, -6.2255 ], [ 107.2828, -6.2283 ], [ 107.2744, -6.2336 ], [ 107.2671, -6.2313 ] ] ] } },
{ "type": "Feature", "properties": { "district_id": "IDN.9.4.15_1", "name": "Serang Baru", "kabupaten": "Bekasi", "provinsi": "Jawa Barat" }, "geometry": { "type": "Polygon", "coordinates": [ [ [ 107.1548, -6.4201 ], [ 107.1528, -6.4252 ], [ 107.1423, -6.4252 ], [ 107.1346, -6.4308 ], [ 107.1263, -6.4287 ], [ 107.1254, -6.4251 ], [ 107.1122, -6.4208 ], [ 107.1159, -6.4148 ], [ 107.1128, -6.4089 ], [ 107.1058, -6.4084 ], [ 107.1059, -6.4052 ], [ 107.1003, -6.4058 ], [ 107.0927, -6.4028 ], [ 107.0834, -6.4085 ], [ 107.0822, -6.4119 ], [ 107.079, -6.4113 ], [ 107.0788, -6.4222 ], [ 107.0584, -6.4231 ], [ 107.0564, -6.4176 ], [ 107.0552, -6.4207 ], [ 107.0512, -6.4174 ], [ 107.0522, -6.4154 ], [ 107.0578, -6.4153 ], [ 107.0544, -6.4127 ], [ 107.0583, -6.4105 ], [ 107.0545, -6.405 ], [ 107.059, -6.4031 ], [ 107.0588, -6.4008 ], [ 107.0653, -6.3989 ], [ 107.0661, -6.3944 ], [ 107.067, -6.3971 ], [ 107.0712, -6.396 ], [ 107.0659, -6.3868 ], [ 107.0677, -6.3848 ], [ 107.0654, -6.3838 ], [ 107.0686, -6.3804 ], [ 107.0663, -6.3807 ], [ 107.067, -6.3766 ], [ 107.0751, -6.3709 ], [ 107.0722, -6.3688 ], [ 107.0759, -6.3656 ], [ 107.0751, -6.3639 ], [ 107.07, -6.3661 ], [ 107.0729, -6.3641 ], [ 107.0695, -6.3632 ], [ 107.0711, -6.3601 ], [ 107.0781, -6.3637 ], [ 107.0823, -6.3617 ], [ 107.0974, -6.3646 ], [ 107.0944, -6.3737 ], [ 107.1019, -6.3715 ], [ 107.1141, -6.3738 ], [ 107.127, -6.3678 ], [ 107.1303, -6.3687 ], [ 107.1279, -6.3759 ], [ 107.1336, -6.3785 ], [ 107.1432, -6.3791 ], [ 107.1488, -6.3838 ], [ 107.1517, -6.3806 ], [ 107.158, -6.3835 ], [ 107.1647, -6.3783 ], [ 107.164, -6.3829 ], [ 107.1718, -6.3896 ], [ 107.1841, -6.3902 ], [ 107.1809, -6.3962 ], [ 107.1749, -6.4003 ], [ 107.1756, -6.4022 ], [ 107.1722, -6.4014 ], [ 107.1723, -6.4053 ], [ 107.171, -6.4028 ], [ 107.1643, -6.4066 ], [ 107.1632, -6.4123 ], [ 107.1548, -6.4201 ] ] ] } },
{ "type": "Feature", "properties": { "district_id": "IDN.9.4.16_1", "name": "Setu", "kabupaten": "Bekasi", "provinsi": "Jawa Barat" }, "geometry": { "type": "Polygon", "coordinates": [ [ [ 107.0511, -6.3947 ], [ 107.0417, -6.4068 ], [ 107.0354, -6.4057 ], [ 107.0307, -6.4115 ], [ 107.0268, -6.409 ], [ 107.0232, -6.4097 ], [ 107.0231, -6.4042 ], [ 107.0202, -6.404 ], [ 107.0199, -6.4004 ], [ 107.0107, -6.4028 ], [ 107.0085, -6.3964 ], [ 107.0111, -6.3919 ], [ 107.0048, -6.3879 ], [ 107.0056, -6.3778 ], [ 106.9985, -6.3791 ], [ 106.9949, -6.3769 ], [ 106.9929, -6.359 ], [ 106.9943, -6.3553 ], [ 106.9984, -6.3563 ], [ 107.0016, -6.3539 ], [ 107.0046, -6.3554 ], [ 107.0039, -6.3597 ], [ 107.0069, -6.3626 ], [ 107.0172, -6.3536 ], [ 107.0164, -6.3304 ], [ 107.021, -6.328 ], [ 107.0289, -6.3304 ], [ 107.0304, -6.3254 ], [ 107.0371, -6.3215 ], [ 107.0371, -6.3141 ], [ 107.0419, -6.3065 ], [ 107.0584, -6.3062 ], [ 107.0563, -6.3135 ], [ 107.0614, -6.315 ], [ 107.0602, -6.3186 ], [ 107.0451, -6.3359 ], [ 107.0406, -6.3375 ], [ 107.0461, -6.3419 ], [ 107.0604, -6.3422 ], [ 107.0676, -6.3329 ], [ 107.0696, -6.3389 ], [ 107.0761, -6.3392 ], [ 107.0762, -6.3481 ], [ 107.0731, -6.3517 ], [ 107.0753, -6.354 ], [ 107.0691, -6.362 ], [ 107.0728, -6.3636 ], [ 107.0702, -6.3665 ], [ 107.0737, -6.3632 ], [ 107.076, -6.3655 ], [ 107.0722, -6.3688 ], [ 107.075, -6.3705 ], [ 107.0729, -6.3738 ], [ 107.067, -6.3766 ], [ 107.0663, -6.3807 ], [ 107.0686, -6.3804 ], [ 107.0655, -6.3834 ], [ 107.0711, -6.3962 ], [ 107.067, -6.3971 ], [ 107.0661, -6.3944 ], [ 107.0653, -6.3989 ], [ 107.0622, -6.3997 ], [ 107.0511, -6.3947 ] ] ] } },
{ "type": "Feature", "properties": { "district_id": "IDN.9.4.17_1", "name": "Sukakarya", "kabupaten": "Bekasi", "provinsi": "Jawa Barat" }, "geometry": { "type": "Polygon", "coordinates": [ [ [ 107.2287, -6.2023 ], [ 107.2063, -6.1952 ], [ 107.1838, -6.1765 ], [ 107.1862, -6.1737 ], [ 107.1866, -6.1641 ], [ 107.1939, -6.161 ], [ 107.1881, -6.1478 ], [ 107.1761, -6.1532 ], [ 107.1691, -6.1537 ], [ 107.1706, -6.1482 ], [ 107.1616, -6.1413 ], [ 107.1591, -6.1366 ], [ 107.1362, -6.134 ], [ 107.1362, -6.1247 ], [ 107.1331, -6.1221 ], [ 107.1427, -6.0992 ], [ 107.1639, -6.1054 ], [ 107.1726, -6.1155 ], [ 107.184, -6.115 ], [ 107.1871, -6.1127 ], [ 107.2048, -6.1207 ], [ 107.2056, -6.1332 ], [ 107.2246, -6.1708 ], [ 107.2287, -6.2023 ] ] ] } },
{ "type": "Feature", "properties": { "district_id": "IDN.9.4.18_1", "name": "Sukatani", "kabupaten": "Bekasi", "provinsi": "Jawa Barat" }, "geometry": { "type": "Polygon", "coordinates": [ [ [ 107.1505, -6.2471 ], [ 107.1507, -6.2339 ], [ 107.1413, -6.228 ], [ 107.1252, -6.2224 ], [ 107.1284, -6.2103 ], [ 107.1286, -6.2014 ], [ 107.1266, -6.1994 ], [ 107.1298, -6.1884 ], [ 107.1323, -6.1877 ], [ 107.1349, -6.1807 ], [ 107.1347, -6.1675 ], [ 107.1601, -6.1695 ], [ 107.1641, -6.1535 ], [ 107.1761, -6.1532 ], [ 107.1881, -6.1478 ], [ 107.1939, -6.161 ], [ 107.1866, -6.1641 ], [ 107.1862, -6.1737 ], [ 107.1838, -6.1765 ], [ 107.1793, -6.1733 ], [ 107.1775, -6.1748 ], [ 107.1727, -6.205 ], [ 107.165, -6.2174 ], [ 107.1597, -6.2173 ], [ 107.1557, -6.2248 ], [ 107.1589, -6.2442 ], [ 107.1568, -6.2467 ], [ 107.1541, -6.2446 ], [ 107.1505, -6.2471 ] ] ] } },
{ "type": "Feature", "properties": { "district_id": "IDN.9.4.19_1", "name": "Sukawangi", "kabupaten": "Bekasi", "provinsi": "Jawa Barat" }, "geometry": { "type": "Polygon", "coordinates": [ [ [ 107.1427, -6.0992 ], [ 107.1337, -6.1243 ], [ 107.1362, -6.1247 ], [ 107.1362, -6.134 ], [ 107.1392, -6.1332 ], [ 107.139, -6.1349 ], [ 107.1364, -6.135 ], [ 107.1335, -6.1423 ], [ 107.1261, -6.1483 ], [ 107.1143, -6.1428 ], [ 107.1146, -6.1538 ], [ 107.1173, -6.1602 ], [ 107.0665, -6.1575 ], [ 107.048, -6.1598 ], [ 107.0443, -6.1572 ], [ 107.0474, -6.1518 ], [ 107.0487, -6.1408 ], [ 107.0544, -6.1394 ], [ 107.0592, -6.1246 ], [ 107.0614, -6.1244 ], [ 107.0621, -6.1279 ], [ 107.0688, -6.1181 ], [ 107.0697, -6.1102 ], [ 107.0645, -6.1032 ], [ 107.059, -6.1022 ], [ 107.0539, -6.091 ], [ 107.0583, -6.082 ], [ 107.0574, -6.079 ], [ 107.0621, -6.0738 ], [ 107.0762, -6.0738 ], [ 107.0889, -6.0668 ], [ 107.0921, -6.0936 ], [ 107.1049, -6.0971 ], [ 107.1074, -6.0885 ], [ 107.1427, -6.0992 ] ] ] } },
{ "type": "Feature", "properties": { "district_id": "IDN.9.4.20_1", "name": "Tambelang", "kabupaten": "Bekasi", "provinsi": "Jawa Barat" }, "geometry": { "type": "Polygon", "coordinates": [ [ [ 107.1264, -6.2179 ], [ 107.1159, -6.2042 ], [ 107.1037, -6.1987 ], [ 107.106, -6.187 ], [ 107.1037, -6.1829 ], [ 107.0879, -6.1813 ], [ 107.0927, -6.1727 ], [ 107.0919, -6.1649 ], [ 107.0941, -6.1584 ], [ 107.1173, -6.1602 ], [ 107.1146, -6.1538 ], [ 107.1143, -6.1428 ], [ 107.1261, -6.1483 ], [ 107.1392, -6.1338 ], [ 107.1591, -6.1366 ], [ 107.1616, -6.1413 ], [ 107.1706, -6.1482 ], [ 107.1691, -6.1537 ], [ 107.1647, -6.1533 ], [ 107.1628, -6.1554 ], [ 107.1601, -6.1695 ], [ 107.1349, -6.167 ], [ 107.1349, -6.1807 ], [ 107.1323, -6.1877 ], [ 107.1298, -6.1884 ], [ 107.1266, -6.1994 ], [ 107.1286, -6.2014 ], [ 107.1283, -6.211 ], [ 107.1264, -6.2179 ] ] ] } },
{ "type": "Feature", "properties": { "district_id": "IDN.9.4.21_1", "name": "Tambun Selatan", "kabupaten": "Bekasi", "provinsi": "Jawa Barat" }, "geometry": { "type": "Polygon", "coordinates": [ [ [ 107.0658, -6.278 ], [ 107.0606, -6.2801 ], [ 107.061, -6.2891 ], [ 107.058, -6.2917 ], [ 107.0566, -6.3063 ], [ 107.04, -6.3074 ], [ 107.0383, -6.3063 ], [ 107.0409, -6.2961 ], [ 107.0401, -6.2877 ], [ 107.0281, -6.2779 ], [ 107.0225, -6.2804 ], [ 107.0166, -6.2761 ], [ 107.0164, -6.2656 ], [ 107.0306, -6.2499 ], [ 107.0351, -6.2467 ], [ 107.0415, -6.2462 ], [ 107.0423, -6.2339 ], [ 107.0452, -6.2339 ], [ 107.0505, -6.2399 ], [ 107.0522, -6.2385 ], [ 107.0503, -6.2246 ], [ 107.0626, -6.2185 ], [ 107.0624, -6.2256 ], [ 107.0657, -6.2283 ], [ 107.0614, -6.241 ], [ 107.0639, -6.2418 ], [ 107.0679, -6.2306 ], [ 107.0671, -6.2218 ], [ 107.0708, -6.2194 ], [ 107.0694, -6.2148 ], [ 107.0712, -6.2096 ], [ 107.0759, -6.2068 ], [ 107.079, -6.1968 ], [ 107.0907, -6.23 ], [ 107.0853, -6.2312 ], [ 107.0884, -6.2378 ], [ 107.0821, -6.2369 ], [ 107.0813, -6.2492 ], [ 107.0733, -6.2613 ], [ 107.0752, -6.2664 ], [ 107.0797, -6.2673 ], [ 107.0792, -6.2697 ], [ 107.0762, -6.2719 ], [ 107.068, -6.272 ], [ 107.0658, -6.278 ] ] ] } },
{ "type": "Feature", "properties": { "district_id": "IDN.9.4.22_1", "name": "Tambun Utara", "kabupaten": "Bekasi", "provinsi": "Jawa Barat" }, "geometry": { "type": "Polygon", "coordinates": [ [ [ 107.0783, -6.1946 ], [ 107.076, -6.2066 ], [ 107.0712, -6.2096 ], [ 107.0694, -6.2148 ], [ 107.0705, -6.2205 ], [ 107.0671, -6.2218 ], [ 107.0679, -6.2306 ], [ 107.0639, -6.2418 ], [ 107.0614, -6.241 ], [ 107.0657, -6.2283 ], [ 107.0624, -6.2256 ], [ 107.0626, -6.2185 ], [ 107.0503, -6.2246 ], [ 107.0524, -6.2342 ], [ 107.0505, -6.2399 ], [ 107.0452, -6.2339 ], [ 107.0387, -6.2323 ], [ 107.0352, -6.2266 ], [ 107.0304, -6.2267 ], [ 107.033, -6.2201 ], [ 107.0309, -6.2151 ], [ 107.0338, -6.2124 ], [ 107.0322, -6.2084 ], [ 107.0343, -6.2052 ], [ 107.0384, -6.2062 ], [ 107.0406, -6.2006 ], [ 107.0434, -6.1996 ], [ 107.0415, -6.1958 ], [ 107.0445, -6.1863 ], [ 107.0411, -6.1862 ], [ 107.0404, -6.1838 ], [ 107.048, -6.174 ], [ 107.0464, -6.1699 ], [ 107.049, -6.1695 ], [ 107.0495, -6.1654 ], [ 107.0465, -6.1597 ], [ 107.0659, -6.1576 ], [ 107.0941, -6.1584 ], [ 107.0919, -6.1649 ], [ 107.0927, -6.1727 ], [ 107.0864, -6.1874 ], [ 107.0811, -6.1875 ], [ 107.0811, -6.1934 ], [ 107.0783, -6.1946 ] ] ] } },
{ "type": "Feature", "properties": { "district_id": "IDN.9.4.23_1", "name": "Tarumajaya", "kabupaten": "Bekasi", "provinsi": "Jawa Barat" }, "geometry": { "type": "Polygon", "coordinates": [ [ [ 106.9716, -6.1722 ], [ 106.9728, -6.1462 ], [ 106.9707, -6.1399 ], [ 106.969, -6.0907 ], [ 106.9904, -6.0876 ], [ 106.9971, -6.0815 ], [ 106.996, -6.0777 ], [ 106.9979, -6.0768 ], [ 107.0072, -6.0821 ], [ 107.0156, -6.0796 ], [ 107.0162, -6.0776 ], [ 107.011, -6.0738 ], [ 107.0164, -6.0692 ], [ 107.0316, -6.082 ], [ 107.0291, -6.0838 ], [ 107.028, -6.0945 ], [ 107.0306, -6.0994 ], [ 107.0316, -6.1114 ], [ 107.0253, -6.1218 ], [ 107.0211, -6.124 ], [ 107.0197, -6.134 ], [ 107.0167, -6.1335 ], [ 107.0123, -6.1388 ], [ 107.0086, -6.1388 ], [ 107.0114, -6.1487 ], [ 107.0086, -6.1629 ], [ 107.0087, -6.1677 ], [ 107.0114, -6.1683 ], [ 107.0107, -6.1724 ], [ 106.9716, -6.1722 ] ] ] } },
{ "type": "Feature", "properties": { "district_id": "IDN.9.9.1_1", "name": "Arjawinangun", "kabupaten": "Cirebon", "provinsi": "Jawa Barat" }, "geometry": { "type": "Polygon", "coordinates": [ [ [ 108.4321, -6.6691 ], [ 108.422, -6.6728 ], [ 108.4241, -6.6666 ], [ 108.4203, -6.6634 ], [ 108.4174, -6.6667 ], [ 108.4186, -6.672 ], [ 108.4121, -6.6733 ], [ 108.4091, -6.677 ], [ 108.4007, -6.6776 ], [ 108.4006, -6.6651 ], [ 108.404, -6.6619 ], [ 108.405, -6.6505 ], [ 108.4006, -6.6491 ], [ 108.3989, -6.6421 ], [ 108.3879, -6.6392 ], [ 108.3871, -6.6345 ], [ 108.3831, -6.6316 ], [ 108.3839, -6.6271 ], [ 108.377, -6.6214 ], [ 108.3777, -6.6135 ], [ 108.382, -6.6129 ], [ 108.3818, -6.6085 ], [ 108.3874, -6.6077 ], [ 108.3886, -6.5956 ], [ 108.3924, -6.5955 ], [ 108.3906, -6.6011 ], [ 108.3933, -6.6001 ], [ 108.3992, -6.6042 ], [ 108.4003, -6.6093 ], [ 108.4027, -6.6095 ], [ 108.3996, -6.6243 ], [ 108.405, -6.626 ], [ 108.4076, -6.6301 ], [ 108.4138, -6.6316 ], [ 108.4123, -6.6378 ], [ 108.4177, -6.6359 ], [ 108.4171, -6.6407 ], [ 108.43, -6.6392 ], [ 108.4306, -6.6437 ], [ 108.441, -6.6368 ], [ 108.4362, -6.6538 ], [ 108.4372, -6.6583 ], [ 108.4429, -6.6567 ], [ 108.4427, -6.6617 ], [ 108.4323, -6.6671 ], [ 108.4321, -6.6691 ] ] ] } },
{ "type": "Feature", "properties": { "district_id": "IDN.9.9.2_1", "name": "Astanajapura", "kabupaten": "Cirebon", "provinsi": "Jawa Barat" }, "geometry": { "type": "MultiPolygon", "coordinates": [ [ [ [ 108.6393, -6.8255 ], [ 108.6396, -6.8314 ], [ 108.6367, -6.8309 ], [ 108.636, -6.8343 ], [ 108.6317, -6.8342 ], [ 108.6328, -6.8299 ], [ 108.6288, -6.8154 ], [ 108.6131, -6.8235 ], [ 108.607, -6.8222 ], [ 108.6066, -6.826 ], [ 108.6018, -6.8277 ], [ 108.591, -6.8246 ], [ 108.5908, -6.8113 ], [ 108.5945, -6.8109 ], [ 108.5982, -6.7988 ], [ 108.6066, -6.7959 ], [ 108.6101, -6.787 ], [ 108.6012, -6.7787 ], [ 108.6082, -6.7827 ], [ 108.6117, -6.7765 ], [ 108.6118, -6.7685 ], [ 108.6173, -6.7656 ], [ 108.6262, -6.7714 ], [ 108.6308, -6.7718 ], [ 108.6234, -6.7934 ], [ 108.6258, -6.7964 ], [ 108.6285, -6.7845 ], [ 108.6406, -6.7875 ], [ 108.6337, -6.8003 ], [ 108.6348, -6.804 ], [ 108.6436, -6.8078 ], [ 108.6463, -6.812 ], [ 108.6491, -6.8048 ], [ 108.6516, -6.804 ], [ 108.6512, -6.8008 ], [ 108.6626, -6.8071 ], [ 108.6593, -6.8113 ], [ 108.6496, -6.81 ], [ 108.6496, -6.8193 ], [ 108.6518, -6.8208 ], [ 108.6503, -6.8243 ], [ 108.6393, -6.8255 ] ] ], [ [ [ 108.6642, -6.8173 ], [ 108.6662, -6.8129 ], [ 108.6659, -6.8107 ], [ 108.668, -6.8126 ], [ 108.6676, -6.817 ], [ 108.6642, -6.8173 ] ] ], [ [ [ 108.6348, -6.7734 ], [ 108.6347, -6.7709 ], [ 108.6372, -6.7695 ], [ 108.6388, -6.7756 ], [ 108.6348, -6.7734 ] ] ] ] } },
{ "type": "Feature", "properties": { "district_id": "IDN.9.9.3_1", "name": "Babakan", "kabupaten": "Cirebon", "provinsi": "Jawa Barat" }, "geometry": { "type": "Polygon", "coordinates": [ [ [ 108.7356, -6.8748 ], [ 108.7314, -6.8836 ], [ 108.7215, -6.8807 ], [ 108.7214, -6.8881 ], [ 108.7166, -6.8877 ], [ 108.7111, -6.8867 ], [ 108.7118, -6.8774 ], [ 108.7107, -6.8793 ], [ 108.7098, -6.8767 ], [ 108.7082, -6.8781 ], [ 108.7021, -6.8757 ], [ 108.699, -6.8863 ], [ 108.6898, -6.884 ], [ 108.6824, -6.877 ], [ 108.6871, -6.869 ], [ 108.6844, -6.8645 ], [ 108.6847, -6.859 ], [ 108.6888, -6.8556 ], [ 108.6884, -6.8528 ], [ 108.7051, -6.8555 ], [ 108.7061, -6.8539 ], [ 108.7143, -6.859 ], [ 108.7168, -6.8565 ], [ 108.7173, -6.8474 ], [ 108.723, -6.8483 ], [ 108.7242, -6.8404 ], [ 108.7334, -6.8425 ], [ 108.732, -6.8503 ], [ 108.7478, -6.853 ], [ 108.7475, -6.8547 ], [ 108.7521, -6.856 ], [ 108.7495, -6.8595 ], [ 108.7495, -6.8674 ], [ 108.7402, -6.8753 ], [ 108.7356, -6.8748 ] ] ] } },
{ "type": "Feature", "properties": { "district_id": "IDN.9.9.4_1", "name": "Beber", "kabupaten": "Cirebon", "provinsi": "Jawa Barat" }, "geometry": { "type": "Polygon", "coordinates": [ [ [ 108.5351, -6.854 ], [ 108.5407, -6.85 ], [ 108.5471, -6.8587 ], [ 108.5424, -6.8601 ], [ 108.5337, -6.8702 ], [ 108.5267, -6.869 ], [ 108.5268, -6.8712 ], [ 108.523, -6.8701 ], [ 108.5247, -6.8576 ], [ 108.518, -6.8596 ], [ 108.5115, -6.8578 ], [ 108.5081, -6.852 ], [ 108.5103, -6.848 ], [ 108.5087, -6.8406 ], [ 108.5119, -6.8286 ], [ 108.505, -6.8229 ], [ 108.5076, -6.8152 ], [ 108.5101, -6.8155 ], [ 108.5124, -6.8118 ], [ 108.5131, -6.7861 ], [ 108.5172, -6.7767 ], [ 108.529, -6.7814 ], [ 108.5307, -6.7799 ], [ 108.5305, -6.7832 ], [ 108.5337, -6.7862 ], [ 108.5391, -6.7868 ], [ 108.5424, -6.792 ], [ 108.5379, -6.7964 ], [ 108.5355, -6.7947 ], [ 108.533, -6.7995 ], [ 108.5337, -6.8059 ], [ 108.5282, -6.812 ], [ 108.5247, -6.8236 ], [ 108.5255, -6.8319 ], [ 108.5372, -6.832 ], [ 108.5428, -6.8265 ], [ 108.5443, -6.8345 ], [ 108.5376, -6.8407 ], [ 108.537, -6.845 ], [ 108.5326, -6.8446 ], [ 108.5351, -6.854 ] ] ] } },
{ "type": "Feature", "properties": { "district_id": "IDN.9.9.5_1", "name": "Ciledug", "kabupaten": "Cirebon", "provinsi": "Jawa Barat" }, "geometry": { "type": "Polygon", "coordinates": [ [ [ 108.761, -6.8973 ], [ 108.766, -6.8986 ], [ 108.7669, -6.902 ], [ 108.7584, -6.9059 ], [ 108.7611, -6.9116 ], [ 108.7534, -6.9187 ], [ 108.7553, -6.9265 ], [ 108.7535, -6.9324 ], [ 108.7489, -6.9315 ], [ 108.748, -6.924 ], [ 108.7509, -6.9139 ], [ 108.7463, -6.9097 ], [ 108.7426, -6.9103 ], [ 108.7363, -6.9207 ], [ 108.7325, -6.9168 ], [ 108.7297, -6.9177 ], [ 108.7292, -6.9098 ], [ 108.7323, -6.9085 ], [ 108.7333, -6.8905 ], [ 108.7367, -6.8881 ], [ 108.739, -6.8773 ], [ 108.7476, -6.8671 ], [ 108.755, -6.8734 ], [ 108.75, -6.8842 ], [ 108.7565, -6.8863 ], [ 108.7591, -6.8802 ], [ 108.763, -6.8811 ], [ 108.7595, -6.893 ], [ 108.7716, -6.8931 ], [ 108.7702, -6.8961 ], [ 108.7627, -6.8951 ], [ 108.761, -6.8973 ] ] ] } },
{ "type": "Feature", "properties": { "district_id": "IDN.9.9.6_1", "name": "Ciwaringin", "kabupaten": "Cirebon", "provinsi": "Jawa Barat" }, "geometry": { "type": "Polygon", "coordinates": [ [ [ 108.4005, -6.6861 ], [ 108.3898, -6.6945 ], [ 108.3841, -6.6952 ], [ 108.3872, -6.6975 ], [ 108.3828, -6.7012 ], [ 108.3764, -6.702 ], [ 108.3764, -6.6997 ], [ 108.3719, -6.6972 ], [ 108.3674, -6.6998 ], [ 108.3673, -6.6949 ], [ 108.3612, -6.6889 ], [ 108.3585, -6.6812 ], [ 108.3395, -6.6741 ], [ 108.3399, -6.6695 ], [ 108.3603, -6.677 ], [ 108.3747, -6.6761 ], [ 108.3788, -6.6557 ], [ 108.3848, -6.6557 ], [ 108.3851, -6.6593 ], [ 108.3879, -6.6512 ], [ 108.3921, -6.6551 ], [ 108.3989, -6.6421 ], [ 108.3986, -6.6463 ], [ 108.405, -6.6505 ], [ 108.4033, -6.6543 ], [ 108.4054, -6.655 ], [ 108.4024, -6.6654 ], [ 108.4006, -6.6651 ], [ 108.4007, -6.6768 ], [ 108.3981, -6.6766 ], [ 108.3973, -6.6816 ], [ 108.4015, -6.6823 ], [ 108.4005, -6.6861 ] ] ] } },
{ "type": "Feature", "properties": { "district_id": "IDN.9.9.7_1", "name": "Depok", "kabupaten": "Cirebon", "provinsi": "Jawa Barat" }, "geometry": { "type": "Polygon", "coordinates": [ [ [ 108.4394, -6.7488 ], [ 108.4397, -6.7629 ], [ 108.4316, -6.7617 ], [ 108.4304, -6.7522 ], [ 108.4267, -6.7467 ], [ 108.4179, -6.7608 ], [ 108.4162, -6.76 ], [ 108.4284, -6.7377 ], [ 108.4307, -6.7404 ], [ 108.4311, -6.7334 ], [ 108.4335, -6.7318 ], [ 108.4323, -6.7289 ], [ 108.4422, -6.7244 ], [ 108.4461, -6.7179 ], [ 108.4445, -6.7181 ], [ 108.4456, -6.7127 ], [ 108.4475, -6.7144 ], [ 108.4522, -6.7113 ], [ 108.4522, -6.7078 ], [ 108.4577, -6.7024 ], [ 108.4577, -6.6986 ], [ 108.4624, -6.6967 ], [ 108.4624, -6.6999 ], [ 108.4651, -6.7017 ], [ 108.462, -6.7021 ], [ 108.4624, -6.7058 ], [ 108.46, -6.7084 ], [ 108.4631, -6.709 ], [ 108.4627, -6.7115 ], [ 108.4604, -6.7113 ], [ 108.4618, -6.718 ], [ 108.4583, -6.7189 ], [ 108.4619, -6.7312 ], [ 108.4587, -6.7354 ], [ 108.466, -6.7334 ], [ 108.4679, -6.7407 ], [ 108.4664, -6.7453 ], [ 108.4634, -6.745 ], [ 108.4627, -6.748 ], [ 108.4588, -6.7461 ], [ 108.452, -6.7588 ], [ 108.4478, -6.7563 ], [ 108.4469, -6.7537 ], [ 108.449, -6.7523 ], [ 108.4473, -6.7528 ], [ 108.4452, -6.7486 ], [ 108.4394, -6.7488 ] ] ] } },
{ "type": "Feature", "properties": { "district_id": "IDN.9.9.8_1", "name": "Dukupuntang", "kabupaten": "Cirebon", "provinsi": "Jawa Barat" }, "geometry": { "type": "Polygon", "coordinates": [ [ [ 108.4193, -6.7823 ], [ 108.4137, -6.7873 ], [ 108.4098, -6.7873 ], [ 108.4105, -6.7851 ], [ 108.408, -6.7847 ], [ 108.407, -6.7883 ], [ 108.4026, -6.7858 ], [ 108.403, -6.7827 ], [ 108.3981, -6.7841 ], [ 108.4007, -6.779 ], [ 108.3993, -6.7741 ], [ 108.3866, -6.7637 ], [ 108.3844, -6.7652 ], [ 108.3741, -6.7596 ], [ 108.3641, -6.7584 ], [ 108.3588, -6.7506 ], [ 108.3599, -6.7423 ], [ 108.3686, -6.7366 ], [ 108.3746, -6.7291 ], [ 108.3751, -6.7335 ], [ 108.3794, -6.7354 ], [ 108.3836, -6.7302 ], [ 108.3851, -6.7325 ], [ 108.3883, -6.7297 ], [ 108.4002, -6.7322 ], [ 108.4023, -6.7365 ], [ 108.4084, -6.7391 ], [ 108.4081, -6.7461 ], [ 108.4161, -6.7524 ], [ 108.4155, -6.7546 ], [ 108.4179, -6.7542 ], [ 108.4162, -6.76 ], [ 108.4179, -6.7608 ], [ 108.4267, -6.7467 ], [ 108.4304, -6.7522 ], [ 108.4316, -6.7617 ], [ 108.4397, -6.7629 ], [ 108.4394, -6.7488 ], [ 108.4451, -6.7486 ], [ 108.4473, -6.7528 ], [ 108.449, -6.7523 ], [ 108.4469, -6.7537 ], [ 108.4478, -6.7563 ], [ 108.4598, -6.762 ], [ 108.4624, -6.766 ], [ 108.4626, -6.7686 ], [ 108.4571, -6.7698 ], [ 108.4575, -6.7822 ], [ 108.4315, -6.7864 ], [ 108.4193, -6.7823 ] ] ] } },
{ "type": "Feature", "properties": { "district_id": "IDN.9.9.9_1", "name": "Gebang", "kabupaten": "Cirebon", "provinsi": "Jawa Barat" }, "geometry": { "type": "Polygon", "coordinates": [ [ [ 108.7173, -6.8488 ], [ 108.7168, -6.8565 ], [ 108.7143, -6.859 ], [ 108.7061, -6.8539 ], [ 108.7051, -6.8555 ], [ 108.6884, -6.8528 ], [ 108.6966, -6.8368 ], [ 108.6959, -6.8335 ], [ 108.7014, -6.8286 ], [ 108.6998, -6.8264 ], [ 108.7016, -6.8243 ], [ 108.698, -6.8226 ], [ 108.6983, -6.819 ], [ 108.6962, -6.8204 ], [ 108.6977, -6.8161 ], [ 108.7029, -6.8133 ], [ 108.6998, -6.8117 ], [ 108.6995, -6.8082 ], [ 108.7154, -6.8109 ], [ 108.7304, -6.8072 ], [ 108.7407, -6.8135 ], [ 108.7499, -6.8158 ], [ 108.753, -6.8116 ], [ 108.7534, -6.8136 ], [ 108.759, -6.8131 ], [ 108.7726, -6.8075 ], [ 108.7846, -6.8186 ], [ 108.7834, -6.8248 ], [ 108.7862, -6.8282 ], [ 108.7844, -6.8319 ], [ 108.7792, -6.8301 ], [ 108.7763, -6.8368 ], [ 108.7495, -6.831 ], [ 108.7482, -6.8448 ], [ 108.7459, -6.846 ], [ 108.7472, -6.8486 ], [ 108.7431, -6.8523 ], [ 108.732, -6.8503 ], [ 108.7334, -6.8425 ], [ 108.7242, -6.8404 ], [ 108.723, -6.8483 ], [ 108.7173, -6.8488 ] ] ] } },
{ "type": "Feature", "properties": { "district_id": "IDN.9.9.10_1", "name": "Gegesik", "kabupaten": "Cirebon", "provinsi": "Jawa Barat" }, "geometry": { "type": "Polygon", "coordinates": [ [ [ 108.4175, -6.636 ], [ 108.4123, -6.6378 ], [ 108.4138, -6.6316 ], [ 108.4076, -6.6301 ], [ 108.405, -6.626 ], [ 108.4098, -6.6219 ], [ 108.4139, -6.6227 ], [ 108.4157, -6.6072 ], [ 108.4068, -6.6057 ], [ 108.4103, -6.5911 ], [ 108.4084, -6.5901 ], [ 108.4082, -6.5641 ], [ 108.4, -6.5672 ], [ 108.4018, -6.5611 ], [ 108.3995, -6.5558 ], [ 108.3839, -6.547 ], [ 108.3908, -6.5361 ], [ 108.3941, -6.5344 ], [ 108.4041, -6.5357 ], [ 108.4175, -6.5245 ], [ 108.4301, -6.5202 ], [ 108.4368, -6.5218 ], [ 108.4427, -6.5264 ], [ 108.4489, -6.5371 ], [ 108.4485, -6.5708 ], [ 108.4542, -6.5731 ], [ 108.4577, -6.5724 ], [ 108.4602, -6.5684 ], [ 108.4675, -6.5699 ], [ 108.4702, -6.5647 ], [ 108.4736, -6.5646 ], [ 108.475, -6.5584 ], [ 108.4818, -6.5591 ], [ 108.4841, -6.5565 ], [ 108.4862, -6.5591 ], [ 108.4834, -6.5679 ], [ 108.4845, -6.5767 ], [ 108.4699, -6.576 ], [ 108.4697, -6.5788 ], [ 108.4476, -6.5999 ], [ 108.4479, -6.6069 ], [ 108.4455, -6.6073 ], [ 108.4468, -6.6098 ], [ 108.4382, -6.6296 ], [ 108.4296, -6.6331 ], [ 108.4267, -6.6387 ], [ 108.4171, -6.6407 ], [ 108.4175, -6.636 ] ] ] } },
{ "type": "Feature", "properties": { "district_id": "IDN.9.9.11_1", "name": "Gempol", "kabupaten": "Cirebon", "provinsi": "Jawa Barat" }, "geometry": { "type": "Polygon", "coordinates": [ [ [ 108.3851, -6.7317 ], [ 108.383, -6.7304 ], [ 108.3809, -6.7355 ], [ 108.376, -6.7345 ], [ 108.3746, -6.7291 ], [ 108.3703, -6.7327 ], [ 108.3685, -6.7235 ], [ 108.3629, -6.7229 ], [ 108.3588, -6.7123 ], [ 108.3636, -6.7098 ], [ 108.3651, -6.7038 ], [ 108.3682, -6.7036 ], [ 108.3674, -6.6998 ], [ 108.3699, -6.6981 ], [ 108.3751, -6.6988 ], [ 108.3771, -6.7022 ], [ 108.3837, -6.7007 ], [ 108.3872, -6.6975 ], [ 108.3841, -6.6952 ], [ 108.3898, -6.6945 ], [ 108.4005, -6.6861 ], [ 108.4015, -6.6823 ], [ 108.3973, -6.6819 ], [ 108.3981, -6.6766 ], [ 108.4087, -6.6771 ], [ 108.4121, -6.6733 ], [ 108.4186, -6.672 ], [ 108.4174, -6.6667 ], [ 108.4203, -6.6634 ], [ 108.4241, -6.6666 ], [ 108.422, -6.6728 ], [ 108.4261, -6.6725 ], [ 108.4234, -6.6798 ], [ 108.4265, -6.682 ], [ 108.4198, -6.6862 ], [ 108.4257, -6.6884 ], [ 108.4223, -6.6896 ], [ 108.4211, -6.6979 ], [ 108.4227, -6.7002 ], [ 108.4207, -6.7004 ], [ 108.4213, -6.7062 ], [ 108.4259, -6.7067 ], [ 108.4218, -6.7134 ], [ 108.4227, -6.7178 ], [ 108.418, -6.7175 ], [ 108.4164, -6.722 ], [ 108.4197, -6.723 ], [ 108.4201, -6.7257 ], [ 108.4188, -6.7277 ], [ 108.4076, -6.7293 ], [ 108.4042, -6.7333 ], [ 108.3883, -6.7297 ], [ 108.3851, -6.7317 ] ] ] } },
{ "type": "Feature", "properties": { "district_id": "IDN.9.9.12_1", "name": "Greged", "kabupaten": "Cirebon", "provinsi": "Jawa Barat" }, "geometry": { "type": "Polygon", "coordinates": [ [ [ 108.5458, -6.8557 ], [ 108.5407, -6.85 ], [ 108.5341, -6.8545 ], [ 108.5326, -6.8446 ], [ 108.537, -6.845 ], [ 108.5376, -6.8407 ], [ 108.5443, -6.8345 ], [ 108.5428, -6.8265 ], [ 108.5372, -6.832 ], [ 108.5255, -6.8319 ], [ 108.5247, -6.8236 ], [ 108.5282, -6.812 ], [ 108.5337, -6.8059 ], [ 108.533, -6.7995 ], [ 108.5355, -6.7947 ], [ 108.5379, -6.7964 ], [ 108.54, -6.7932 ], [ 108.545, -6.7962 ], [ 108.5509, -6.7914 ], [ 108.5525, -6.7959 ], [ 108.5645, -6.807 ], [ 108.5688, -6.7992 ], [ 108.5759, -6.7962 ], [ 108.5831, -6.7964 ], [ 108.5983, -6.7876 ], [ 108.5973, -6.7847 ], [ 108.5946, -6.7852 ], [ 108.5967, -6.776 ], [ 108.604, -6.7843 ], [ 108.6101, -6.787 ], [ 108.6066, -6.7959 ], [ 108.5969, -6.8001 ], [ 108.5945, -6.8109 ], [ 108.5908, -6.8113 ], [ 108.5896, -6.8139 ], [ 108.5897, -6.8193 ], [ 108.5801, -6.8286 ], [ 108.5679, -6.8262 ], [ 108.5676, -6.8325 ], [ 108.573, -6.8406 ], [ 108.5528, -6.8395 ], [ 108.5488, -6.8534 ], [ 108.5458, -6.8557 ] ] ] } },
{ "type": "Feature", "properties": { "district_id": "IDN.9.9.13_1", "name": "Gunungjati", "kabupaten": "Cirebon", "provinsi": "Jawa Barat" }, "geometry": { "type": "Polygon", "coordinates": [ [ [ 108.5627, -6.6909 ], [ 108.5479, -6.701 ], [ 108.5425, -6.6848 ], [ 108.5361, -6.684 ], [ 108.5336, -6.6882 ], [ 108.5294, -6.6852 ], [ 108.5223, -6.6857 ], [ 108.5237, -6.6836 ], [ 108.5304, -6.6829 ], [ 108.5339, -6.6773 ], [ 108.5366, -6.6778 ], [ 108.5387, -6.6749 ], [ 108.5365, -6.6725 ], [ 108.5264, -6.6712 ], [ 108.5259, -6.6686 ], [ 108.523, -6.6759 ], [ 108.5167, -6.6733 ], [ 108.5143, -6.662 ], [ 108.5037, -6.6646 ], [ 108.5018, -6.6616 ], [ 108.4972, -6.6644 ], [ 108.4969, -6.6616 ], [ 108.5047, -6.6581 ], [ 108.503, -6.6501 ], [ 108.5077, -6.6483 ], [ 108.5076, -6.6461 ], [ 108.512, -6.6456 ], [ 108.5125, -6.6394 ], [ 108.5223, -6.6361 ], [ 108.5284, -6.6509 ], [ 108.5324, -6.6507 ], [ 108.535, -6.6541 ], [ 108.5364, -6.6515 ], [ 108.5439, -6.6516 ], [ 108.5453, -6.6487 ], [ 108.5576, -6.6453 ], [ 108.5582, -6.6729 ], [ 108.5627, -6.6909 ] ] ] } },
{ "type": "Feature", "properties": { "district_id": "IDN.9.9.14_1", "name": "Jamblang", "kabupaten": "Cirebon", "provinsi": "Jawa Barat" }, "geometry": { "type": "Polygon", "coordinates": [ [ [ 108.4578, -6.6991 ], [ 108.4525, -6.7105 ], [ 108.445, -6.7073 ], [ 108.4505, -6.6983 ], [ 108.4514, -6.6887 ], [ 108.4588, -6.6918 ], [ 108.4635, -6.684 ], [ 108.4607, -6.6786 ], [ 108.4632, -6.6703 ], [ 108.4611, -6.6694 ], [ 108.4665, -6.6629 ], [ 108.4694, -6.6444 ], [ 108.4789, -6.6425 ], [ 108.4848, -6.634 ], [ 108.4908, -6.6343 ], [ 108.4968, -6.6408 ], [ 108.4994, -6.6545 ], [ 108.4953, -6.6554 ], [ 108.4933, -6.6578 ], [ 108.4947, -6.6626 ], [ 108.4881, -6.6659 ], [ 108.4779, -6.6794 ], [ 108.4746, -6.6791 ], [ 108.4743, -6.6876 ], [ 108.4706, -6.6867 ], [ 108.4666, -6.692 ], [ 108.4674, -6.6942 ], [ 108.4578, -6.6991 ] ] ] } },
{ "type": "Feature", "properties": { "district_id": "IDN.9.9.15_1", "name": "Kaliwedi", "kabupaten": "Cirebon", "provinsi": "Jawa Barat" }, "geometry": { "type": "MultiPolygon", "coordinates": [ [ [ [ 108.3998, -6.6232 ], [ 108.4027, -6.6095 ], [ 108.4003, -6.6093 ], [ 108.3992, -6.6042 ], [ 108.3933, -6.6001 ], [ 108.3906, -6.6011 ], [ 108.3924, -6.5955 ], [ 108.3886, -6.5956 ], [ 108.3872, -6.5987 ], [ 108.3874, -6.6077 ], [ 108.3749, -6.6092 ], [ 108.3773, -6.591 ], [ 108.3732, -6.5874 ], [ 108.3695, -6.5779 ], [ 108.366, -6.5774 ], [ 108.3609, -6.5692 ], [ 108.3553, -6.5666 ], [ 108.3606, -6.5554 ], [ 108.3717, -6.5544 ], [ 108.3732, -6.5486 ], [ 108.3778, -6.5459 ], [ 108.3925, -6.5506 ], [ 108.3995, -6.5558 ], [ 108.4018, -6.5611 ], [ 108.4, -6.5672 ], [ 108.4076, -6.5633 ], [ 108.4091, -6.5673 ], [ 108.4084, -6.5901 ], [ 108.4103, -6.5911 ], [ 108.4068, -6.6057 ], [ 108.4157, -6.6072 ], [ 108.4139, -6.6227 ], [ 108.4098, -6.6219 ], [ 108.405, -6.626 ], [ 108.3998, -6.6232 ] ] ], [ [ [ 108.3552, -6.5678 ], [ 108.3548, -6.5677 ], [ 108.3553, -6.5666 ], [ 108.3552, -6.5678 ] ] ] ] } },
{ "type": "Feature", "properties": { "district_id": "IDN.9.9.16_1", "name": "Kapetakan", "kabupaten": "Cirebon", "provinsi": "Jawa Barat" }, "geometry": { "type": "Polygon", "coordinates": [ [ [ 108.5026, -6.619 ], [ 108.4792, -6.6178 ], [ 108.4731, -6.6151 ], [ 108.4767, -6.6068 ], [ 108.4794, -6.6073 ], [ 108.4816, -6.601 ], [ 108.4796, -6.6012 ], [ 108.4842, -6.5914 ], [ 108.4773, -6.5894 ], [ 108.4744, -6.5922 ], [ 108.4632, -6.584 ], [ 108.4726, -6.5746 ], [ 108.4845, -6.5767 ], [ 108.4838, -6.5636 ], [ 108.491, -6.5548 ], [ 108.4907, -6.5455 ], [ 108.4941, -6.5426 ], [ 108.5009, -6.542 ], [ 108.5028, -6.534 ], [ 108.5066, -6.5339 ], [ 108.5099, -6.5287 ], [ 108.5138, -6.5271 ], [ 108.519, -6.5276 ], [ 108.519, -6.522 ], [ 108.5255, -6.5175 ], [ 108.5381, -6.5164 ], [ 108.5462, -6.5367 ], [ 108.5434, -6.5385 ], [ 108.5476, -6.5589 ], [ 108.5456, -6.5595 ], [ 108.5435, -6.5684 ], [ 108.5433, -6.5908 ], [ 108.55, -6.6155 ], [ 108.5313, -6.6174 ], [ 108.531, -6.6104 ], [ 108.5026, -6.619 ] ] ] } },
{ "type": "Feature", "properties": { "district_id": "IDN.9.9.17_1", "name": "Karangsembung", "kabupaten": "Cirebon", "provinsi": "Jawa Barat" }, "geometry": { "type": "MultiPolygon", "coordinates": [ [ [ [ 108.6886, -6.8557 ], [ 108.6848, -6.8588 ], [ 108.6817, -6.8679 ], [ 108.675, -6.866 ], [ 108.6787, -6.861 ], [ 108.6701, -6.8587 ], [ 108.6705, -6.856 ], [ 108.6612, -6.8547 ], [ 108.662, -6.8519 ], [ 108.6521, -6.8506 ], [ 108.65, -6.858 ], [ 108.6479, -6.8587 ], [ 108.6387, -6.8576 ], [ 108.6367, -6.8544 ], [ 108.6292, -6.8556 ], [ 108.6321, -6.8471 ], [ 108.6388, -6.8445 ], [ 108.6353, -6.8372 ], [ 108.6389, -6.838 ], [ 108.6414, -6.8444 ], [ 108.6467, -6.8477 ], [ 108.6474, -6.8436 ], [ 108.6447, -6.8423 ], [ 108.6489, -6.8407 ], [ 108.6572, -6.8246 ], [ 108.6624, -6.8225 ], [ 108.6662, -6.8175 ], [ 108.6659, -6.8198 ], [ 108.6695, -6.8207 ], [ 108.6693, -6.8233 ], [ 108.6726, -6.8253 ], [ 108.6718, -6.8281 ], [ 108.6768, -6.8291 ], [ 108.6777, -6.8261 ], [ 108.6821, -6.8296 ], [ 108.6853, -6.8288 ], [ 108.6831, -6.8374 ], [ 108.6899, -6.8357 ], [ 108.6912, -6.8389 ], [ 108.689, -6.8391 ], [ 108.6864, -6.8456 ], [ 108.6883, -6.847 ], [ 108.6848, -6.8516 ], [ 108.6886, -6.8557 ] ] ], [ [ [ 108.636, -6.8341 ], [ 108.6367, -6.8309 ], [ 108.6429, -6.8321 ], [ 108.6419, -6.8357 ], [ 108.636, -6.8341 ] ] ] ] } },
{ "type": "Feature", "properties": { "district_id": "IDN.9.9.18_1", "name": "Karangwareng", "kabupaten": "Cirebon", "provinsi": "Jawa Barat" }, "geometry": { "type": "Polygon", "coordinates": [ [ [ 108.6596, -6.8912 ], [ 108.6596, -6.896 ], [ 108.656, -6.8978 ], [ 108.6559, -6.9018 ], [ 108.6378, -6.9112 ], [ 108.6114, -6.9005 ], [ 108.6123, -6.895 ], [ 108.6099, -6.8936 ], [ 108.6121, -6.8892 ], [ 108.617, -6.8899 ], [ 108.6258, -6.8852 ], [ 108.6302, -6.8867 ], [ 108.6357, -6.8838 ], [ 108.6315, -6.8843 ], [ 108.63, -6.8791 ], [ 108.6337, -6.873 ], [ 108.637, -6.8732 ], [ 108.6378, -6.8662 ], [ 108.6426, -6.8579 ], [ 108.6761, -6.8595 ], [ 108.6784, -6.8624 ], [ 108.6734, -6.8646 ], [ 108.6716, -6.8696 ], [ 108.6738, -6.869 ], [ 108.6744, -6.8723 ], [ 108.6777, -6.8732 ], [ 108.6805, -6.8681 ], [ 108.6746, -6.8697 ], [ 108.6749, -6.866 ], [ 108.6817, -6.8679 ], [ 108.6855, -6.8615 ], [ 108.6844, -6.8645 ], [ 108.6871, -6.869 ], [ 108.6811, -6.8802 ], [ 108.6771, -6.8802 ], [ 108.6793, -6.8816 ], [ 108.6749, -6.8855 ], [ 108.6712, -6.8941 ], [ 108.6596, -6.8912 ] ], [ [ 108.6511, -6.8747 ], [ 108.6489, -6.8741 ], [ 108.648, -6.8782 ], [ 108.6514, -6.8791 ], [ 108.6511, -6.8747 ] ] ] } },
{ "type": "Feature", "properties": { "district_id": "IDN.9.9.19_1", "name": "Kedawung", "kabupaten": "Cirebon", "provinsi": "Jawa Barat" }, "geometry": { "type": "Polygon", "coordinates": [ [ [ 108.5476, -6.7245 ], [ 108.5448, -6.7281 ], [ 108.541, -6.7243 ], [ 108.5343, -6.7256 ], [ 108.5349, -6.7298 ], [ 108.5204, -6.7352 ], [ 108.5158, -6.7318 ], [ 108.5166, -6.7196 ], [ 108.5244, -6.7098 ], [ 108.5311, -6.7069 ], [ 108.5369, -6.6913 ], [ 108.539, -6.691 ], [ 108.5398, -6.6951 ], [ 108.5429, -6.6964 ], [ 108.5434, -6.7091 ], [ 108.5443, -6.7062 ], [ 108.5491, -6.7074 ], [ 108.5476, -6.7245 ] ] ] } },
{ "type": "Feature", "properties": { "district_id": "IDN.9.9.20_1", "name": "Klangenan", "kabupaten": "Cirebon", "provinsi": "Jawa Barat" }, "geometry": { "type": "Polygon", "coordinates": [ [ [ 108.4525, -6.7105 ], [ 108.4475, -6.7144 ], [ 108.4458, -6.7126 ], [ 108.4458, -6.717 ], [ 108.4401, -6.7193 ], [ 108.4378, -6.7164 ], [ 108.4407, -6.7119 ], [ 108.4352, -6.709 ], [ 108.433, -6.7006 ], [ 108.4356, -6.6939 ], [ 108.4368, -6.6982 ], [ 108.4389, -6.6985 ], [ 108.4387, -6.7043 ], [ 108.4462, -6.7008 ], [ 108.4458, -6.697 ], [ 108.4434, -6.6967 ], [ 108.4445, -6.6805 ], [ 108.44, -6.6802 ], [ 108.4372, -6.6762 ], [ 108.439, -6.6637 ], [ 108.4427, -6.6617 ], [ 108.4429, -6.6581 ], [ 108.4372, -6.6583 ], [ 108.4374, -6.645 ], [ 108.4411, -6.6375 ], [ 108.4757, -6.6393 ], [ 108.4778, -6.6366 ], [ 108.4819, -6.6373 ], [ 108.4789, -6.6425 ], [ 108.4693, -6.6446 ], [ 108.4665, -6.6629 ], [ 108.4611, -6.6694 ], [ 108.4632, -6.6703 ], [ 108.4607, -6.6786 ], [ 108.4635, -6.684 ], [ 108.4588, -6.6918 ], [ 108.4514, -6.6887 ], [ 108.4505, -6.6983 ], [ 108.445, -6.7073 ], [ 108.4525, -6.7105 ] ] ] } },
{ "type": "Feature", "properties": { "district_id": "IDN.9.9.21_1", "name": "Lemahabang", "kabupaten": "Cirebon", "provinsi": "Jawa Barat" }, "geometry": { "type": "Polygon", "coordinates": [ [ [ 108.62, -6.8532 ], [ 108.6191, -6.856 ], [ 108.615, -6.8503 ], [ 108.6077, -6.8502 ], [ 108.6068, -6.8481 ], [ 108.6102, -6.844 ], [ 108.6002, -6.8414 ], [ 108.5971, -6.8366 ], [ 108.5926, -6.8437 ], [ 108.5797, -6.8455 ], [ 108.568, -6.8332 ], [ 108.5678, -6.8263 ], [ 108.5705, -6.8253 ], [ 108.58, -6.8287 ], [ 108.5897, -6.8193 ], [ 108.591, -6.8246 ], [ 108.6018, -6.8277 ], [ 108.6066, -6.826 ], [ 108.607, -6.8222 ], [ 108.6131, -6.8235 ], [ 108.6288, -6.8154 ], [ 108.6328, -6.8299 ], [ 108.631, -6.8333 ], [ 108.6419, -6.8357 ], [ 108.6429, -6.8321 ], [ 108.6396, -6.8314 ], [ 108.6403, -6.8283 ], [ 108.6433, -6.8289 ], [ 108.644, -6.8252 ], [ 108.6503, -6.8243 ], [ 108.6515, -6.82 ], [ 108.6563, -6.819 ], [ 108.6623, -6.8072 ], [ 108.6668, -6.8086 ], [ 108.6638, -6.8138 ], [ 108.6637, -6.8211 ], [ 108.6572, -6.8246 ], [ 108.6489, -6.8407 ], [ 108.6447, -6.8423 ], [ 108.6474, -6.8436 ], [ 108.6467, -6.8477 ], [ 108.6414, -6.8444 ], [ 108.6389, -6.838 ], [ 108.6353, -6.8372 ], [ 108.6388, -6.8445 ], [ 108.6321, -6.8471 ], [ 108.6287, -6.8544 ], [ 108.62, -6.8532 ] ] ] } },
{ "type": "Feature", "properties": { "district_id": "IDN.9.9.22_1", "name": "Losari", "kabupaten": "Cirebon", "provinsi": "Jawa Barat" }, "geometry": { "type": "Polygon", "coordinates": [ [ [ 108.8183, -6.8358 ], [ 108.8081, -6.8572 ], [ 108.8002, -6.8561 ], [ 108.7985, -6.8594 ], [ 108.7886, -6.8574 ], [ 108.7868, -6.8545 ], [ 108.7814, -6.853 ], [ 108.7844, -6.8508 ], [ 108.7842, -6.8472 ], [ 108.772, -6.8434 ], [ 108.7792, -6.8301 ], [ 108.7844, -6.8319 ], [ 108.7862, -6.8282 ], [ 108.7834, -6.8248 ], [ 108.7846, -6.8186 ], [ 108.7726, -6.8075 ], [ 108.7972, -6.7933 ], [ 108.8061, -6.7856 ], [ 108.8067, -6.7763 ], [ 108.8029, -6.7746 ], [ 108.8072, -6.7729 ], [ 108.809, -6.7648 ], [ 108.8037, -6.7605 ], [ 108.8098, -6.7589 ], [ 108.8092, -6.7538 ], [ 108.8075, -6.7493 ], [ 108.803, -6.7496 ], [ 108.8005, -6.7466 ], [ 108.7964, -6.7476 ], [ 108.7944, -6.7453 ], [ 108.7967, -6.7419 ], [ 108.8117, -6.7364 ], [ 108.8119, -6.7426 ], [ 108.8153, -6.7485 ], [ 108.8313, -6.7524 ], [ 108.8338, -6.758 ], [ 108.8288, -6.7626 ], [ 108.8269, -6.7699 ], [ 108.8315, -6.7848 ], [ 108.8282, -6.7878 ], [ 108.8274, -6.7938 ], [ 108.8315, -6.7963 ], [ 108.8327, -6.8007 ], [ 108.8255, -6.8027 ], [ 108.825, -6.8313 ], [ 108.8183, -6.8358 ] ] ] } },
{ "type": "Feature", "properties": { "district_id": "IDN.9.9.23_1", "name": "Mundu", "kabupaten": "Cirebon", "provinsi": "Jawa Barat" }, "geometry": { "type": "MultiPolygon", "coordinates": [ [ [ [ 108.5665, -6.8019 ], [ 108.5645, -6.807 ], [ 108.562, -6.8056 ], [ 108.5504, -6.7914 ], [ 108.5553, -6.7808 ], [ 108.5558, -6.7656 ], [ 108.5585, -6.7652 ], [ 108.5604, -6.7569 ], [ 108.5665, -6.7547 ], [ 108.5701, -6.7503 ], [ 108.5763, -6.7515 ], [ 108.5817, -6.747 ], [ 108.5872, -6.75 ], [ 108.5956, -6.7457 ], [ 108.5968, -6.757 ], [ 108.6118, -6.7685 ], [ 108.61, -6.7802 ], [ 108.6081, -6.7828 ], [ 108.6017, -6.7782 ], [ 108.6076, -6.7836 ], [ 108.605, -6.785 ], [ 108.5967, -6.776 ], [ 108.5946, -6.7852 ], [ 108.5973, -6.7847 ], [ 108.5983, -6.7876 ], [ 108.5831, -6.7964 ], [ 108.5759, -6.7962 ], [ 108.5665, -6.8019 ] ] ], [ [ [ 108.6285, -6.7845 ], [ 108.6265, -6.7966 ], [ 108.6236, -6.7925 ], [ 108.6308, -6.7718 ], [ 108.6347, -6.7709 ], [ 108.6341, -6.7865 ], [ 108.6285, -6.7845 ] ] ] ] } },
{ "type": "Feature", "properties": { "district_id": "IDN.9.9.24_1", "name": "Pabedilan", "kabupaten": "Cirebon", "provinsi": "Jawa Barat" }, "geometry": { "type": "Polygon", "coordinates": [ [ [ 108.7725, -6.883 ], [ 108.7716, -6.8931 ], [ 108.7673, -6.8938 ], [ 108.7595, -6.893 ], [ 108.763, -6.8811 ], [ 108.7591, -6.8802 ], [ 108.7565, -6.8863 ], [ 108.75, -6.8842 ], [ 108.755, -6.8734 ], [ 108.7488, -6.864 ], [ 108.7521, -6.856 ], [ 108.7431, -6.8523 ], [ 108.7472, -6.8486 ], [ 108.7459, -6.846 ], [ 108.7482, -6.8448 ], [ 108.7495, -6.831 ], [ 108.7763, -6.8368 ], [ 108.772, -6.8434 ], [ 108.7842, -6.8472 ], [ 108.7844, -6.8508 ], [ 108.7814, -6.853 ], [ 108.7868, -6.8545 ], [ 108.7886, -6.8574 ], [ 108.7985, -6.8594 ], [ 108.8014, -6.8557 ], [ 108.8081, -6.8572 ], [ 108.8022, -6.8686 ], [ 108.7978, -6.8685 ], [ 108.798, -6.8727 ], [ 108.7941, -6.8749 ], [ 108.7926, -6.8804 ], [ 108.7884, -6.8777 ], [ 108.7836, -6.8797 ], [ 108.7794, -6.8745 ], [ 108.7778, -6.8771 ], [ 108.78, -6.8838 ], [ 108.7725, -6.883 ] ] ] } },
{ "type": "Feature", "properties": { "district_id": "IDN.9.9.25_1", "name": "Pabuaran", "kabupaten": "Cirebon", "provinsi": "Jawa Barat" }, "geometry": { "type": "Polygon", "coordinates": [ [ [ 108.7301, -6.9097 ], [ 108.7282, -6.9183 ], [ 108.7236, -6.9157 ], [ 108.7198, -6.9176 ], [ 108.719, -6.9125 ], [ 108.715, -6.9121 ], [ 108.7158, -6.9086 ], [ 108.7129, -6.907 ], [ 108.7126, -6.9033 ], [ 108.7157, -6.8989 ], [ 108.7112, -6.8973 ], [ 108.7128, -6.8932 ], [ 108.7061, -6.8924 ], [ 108.699, -6.8863 ], [ 108.7021, -6.8757 ], [ 108.7082, -6.8781 ], [ 108.7098, -6.8767 ], [ 108.7107, -6.8793 ], [ 108.7118, -6.8774 ], [ 108.7111, -6.8867 ], [ 108.7206, -6.8882 ], [ 108.7215, -6.8807 ], [ 108.7314, -6.8836 ], [ 108.7356, -6.8748 ], [ 108.7413, -6.8747 ], [ 108.7368, -6.881 ], [ 108.7367, -6.8881 ], [ 108.733, -6.8913 ], [ 108.7323, -6.9085 ], [ 108.7301, -6.9097 ] ] ] } },
{ "type": "Feature", "properties": { "district_id": "IDN.9.9.26_1", "name": "Palimanan", "kabupaten": "Cirebon", "provinsi": "Jawa Barat" }, "geometry": { "type": "Polygon", "coordinates": [ [ [ 108.4284, -6.7377 ], [ 108.4155, -6.7546 ], [ 108.4161, -6.7524 ], [ 108.4073, -6.7451 ], [ 108.4084, -6.7391 ], [ 108.4023, -6.7365 ], [ 108.4016, -6.7327 ], [ 108.4043, -6.7333 ], [ 108.4076, -6.7293 ], [ 108.4188, -6.7277 ], [ 108.4201, -6.7257 ], [ 108.4197, -6.723 ], [ 108.4164, -6.722 ], [ 108.418, -6.7175 ], [ 108.4227, -6.7178 ], [ 108.4218, -6.7134 ], [ 108.4259, -6.7067 ], [ 108.4213, -6.7062 ], [ 108.4207, -6.7004 ], [ 108.4227, -6.7002 ], [ 108.4211, -6.6979 ], [ 108.4223, -6.6896 ], [ 108.4257, -6.6884 ], [ 108.4198, -6.6862 ], [ 108.4265, -6.682 ], [ 108.4234, -6.6798 ], [ 108.4268, -6.6711 ], [ 108.4322, -6.6698 ], [ 108.4323, -6.6671 ], [ 108.439, -6.6637 ], [ 108.4372, -6.6762 ], [ 108.44, -6.6802 ], [ 108.4445, -6.6805 ], [ 108.4434, -6.6967 ], [ 108.4458, -6.697 ], [ 108.4462, -6.7008 ], [ 108.4387, -6.7043 ], [ 108.4389, -6.6985 ], [ 108.4368, -6.6982 ], [ 108.4356, -6.6939 ], [ 108.4328, -6.6999 ], [ 108.4352, -6.709 ], [ 108.4407, -6.7119 ], [ 108.4378, -6.7164 ], [ 108.4393, -6.7186 ], [ 108.4461, -6.7179 ], [ 108.4418, -6.7248 ], [ 108.4323, -6.7289 ], [ 108.4335, -6.7318 ], [ 108.4311, -6.7334 ], [ 108.4307, -6.7404 ], [ 108.4284, -6.7377 ] ] ] } },
{ "type": "Feature", "properties": { "district_id": "IDN.9.9.27_1", "name": "Pangenan", "kabupaten": "Cirebon", "provinsi": "Jawa Barat" }, "geometry": { "type": "MultiPolygon", "coordinates": [ [ [ [ 108.6887, -6.8535 ], [ 108.6854, -6.8536 ], [ 108.6848, -6.8516 ], [ 108.6883, -6.847 ], [ 108.6864, -6.8456 ], [ 108.689, -6.8391 ], [ 108.6912, -6.8389 ], [ 108.6899, -6.8357 ], [ 108.6831, -6.8374 ], [ 108.6854, -6.8294 ], [ 108.6837, -6.8281 ], [ 108.6821, -6.8296 ], [ 108.6777, -6.8261 ], [ 108.6768, -6.8291 ], [ 108.6718, -6.8281 ], [ 108.6726, -6.8253 ], [ 108.6693, -6.8233 ], [ 108.6695, -6.8207 ], [ 108.6659, -6.8198 ], [ 108.6678, -6.8155 ], [ 108.6668, -6.8086 ], [ 108.6512, -6.8008 ], [ 108.6516, -6.804 ], [ 108.6491, -6.8048 ], [ 108.6463, -6.812 ], [ 108.6436, -6.8078 ], [ 108.6337, -6.803 ], [ 108.6406, -6.7875 ], [ 108.6341, -6.7864 ], [ 108.6353, -6.7749 ], [ 108.6388, -6.7756 ], [ 108.6372, -6.7695 ], [ 108.6507, -6.7598 ], [ 108.6512, -6.7539 ], [ 108.6531, -6.7532 ], [ 108.6629, -6.76 ], [ 108.6681, -6.7603 ], [ 108.6692, -6.7576 ], [ 108.6728, -6.7602 ], [ 108.6747, -6.7586 ], [ 108.6781, -6.7657 ], [ 108.6826, -6.7681 ], [ 108.6763, -6.7759 ], [ 108.6812, -6.7947 ], [ 108.6875, -6.802 ], [ 108.699, -6.8077 ], [ 108.7, -6.812 ], [ 108.7029, -6.8127 ], [ 108.6975, -6.8165 ], [ 108.6963, -6.8206 ], [ 108.6983, -6.819 ], [ 108.698, -6.8226 ], [ 108.7016, -6.8243 ], [ 108.6998, -6.8264 ], [ 108.7014, -6.8286 ], [ 108.6959, -6.8335 ], [ 108.6966, -6.8368 ], [ 108.6947, -6.8373 ], [ 108.6887, -6.8535 ] ] ], [ [ [ 108.6563, -6.819 ], [ 108.6496, -6.8193 ], [ 108.6496, -6.81 ], [ 108.6593, -6.8113 ], [ 108.6618, -6.8089 ], [ 108.6563, -6.819 ] ] ], [ [ [ 108.6649, -6.812 ], [ 108.6642, -6.8173 ], [ 108.6633, -6.817 ], [ 108.6649, -6.812 ] ] ], [ [ [ 108.6859, -6.7695 ], [ 108.6819, -6.7716 ], [ 108.6814, -6.7711 ], [ 108.6836, -6.7689 ], [ 108.6859, -6.7695 ] ] ] ] } },
{ "type": "Feature", "properties": { "district_id": "IDN.9.9.28_1", "name": "Panguragan", "kabupaten": "Cirebon", "provinsi": "Jawa Barat" }, "geometry": { "type": "Polygon", "coordinates": [ [ [ 108.4392, -6.6379 ], [ 108.4306, -6.6437 ], [ 108.43, -6.6392 ], [ 108.4267, -6.6387 ], [ 108.4296, -6.6331 ], [ 108.4382, -6.6296 ], [ 108.4468, -6.6098 ], [ 108.4455, -6.6073 ], [ 108.4479, -6.6069 ], [ 108.4476, -6.5999 ], [ 108.459, -6.588 ], [ 108.4632, -6.584 ], [ 108.4744, -6.5922 ], [ 108.4773, -6.5894 ], [ 108.4842, -6.5914 ], [ 108.4796, -6.6012 ], [ 108.4816, -6.601 ], [ 108.4794, -6.6073 ], [ 108.4767, -6.6068 ], [ 108.4731, -6.6151 ], [ 108.4877, -6.6187 ], [ 108.4858, -6.6236 ], [ 108.4868, -6.6313 ], [ 108.4829, -6.6311 ], [ 108.4819, -6.6373 ], [ 108.4778, -6.6366 ], [ 108.4757, -6.6393 ], [ 108.4392, -6.6379 ] ] ] } },
{ "type": "Feature", "properties": { "district_id": "IDN.9.9.29_1", "name": "Pasaleman", "kabupaten": "Cirebon", "provinsi": "Jawa Barat" }, "geometry": { "type": "Polygon", "coordinates": [ [ [ 108.7346, -6.9209 ], [ 108.7426, -6.9103 ], [ 108.7463, -6.9097 ], [ 108.7509, -6.9139 ], [ 108.748, -6.924 ], [ 108.7489, -6.9315 ], [ 108.7535, -6.9324 ], [ 108.7551, -6.9279 ], [ 108.7589, -6.9339 ], [ 108.7622, -6.9347 ], [ 108.7598, -6.9388 ], [ 108.7641, -6.9392 ], [ 108.7611, -6.9471 ], [ 108.7624, -6.9524 ], [ 108.7587, -6.9532 ], [ 108.7595, -6.9585 ], [ 108.7571, -6.9578 ], [ 108.7597, -6.9636 ], [ 108.7628, -6.9621 ], [ 108.7598, -6.9684 ], [ 108.7629, -6.9709 ], [ 108.7604, -6.9731 ], [ 108.7599, -6.982 ], [ 108.7518, -6.987 ], [ 108.7509, -6.9851 ], [ 108.744, -6.987 ], [ 108.7419, -6.9902 ], [ 108.7427, -7.0003 ], [ 108.7361, -7.0063 ], [ 108.7266, -6.9982 ], [ 108.7175, -6.9943 ], [ 108.7224, -6.9891 ], [ 108.7255, -6.9624 ], [ 108.7155, -6.9534 ], [ 108.7155, -6.9438 ], [ 108.7027, -6.9356 ], [ 108.7117, -6.92 ], [ 108.717, -6.917 ], [ 108.7325, -6.9168 ], [ 108.7346, -6.9209 ] ] ] } },
{ "type": "Feature", "properties": { "district_id": "IDN.9.9.30_1", "name": "Plered", "kabupaten": "Cirebon", "provinsi": "Jawa Barat" }, "geometry": { "type": "Polygon", "coordinates": [ [ [ 108.5129, -6.7016 ], [ 108.503, -6.6994 ], [ 108.5014, -6.7013 ], [ 108.5008, -6.7036 ], [ 108.5053, -6.7048 ], [ 108.5027, -6.7075 ], [ 108.4999, -6.7056 ], [ 108.4974, -6.7068 ], [ 108.4975, -6.7027 ], [ 108.4848, -6.7012 ], [ 108.4943, -6.6903 ], [ 108.4969, -6.6832 ], [ 108.4905, -6.6752 ], [ 108.497, -6.6707 ], [ 108.4932, -6.6656 ], [ 108.4933, -6.6578 ], [ 108.503, -6.6501 ], [ 108.5047, -6.6581 ], [ 108.4969, -6.6616 ], [ 108.4972, -6.6644 ], [ 108.5018, -6.6616 ], [ 108.5037, -6.6646 ], [ 108.5143, -6.662 ], [ 108.5167, -6.6733 ], [ 108.5216, -6.674 ], [ 108.5241, -6.6805 ], [ 108.5178, -6.6859 ], [ 108.5128, -6.6969 ], [ 108.514, -6.6998 ], [ 108.5172, -6.7003 ], [ 108.5163, -6.709 ], [ 108.513, -6.7075 ], [ 108.5147, -6.7036 ], [ 108.5129, -6.7016 ] ] ] } },
{ "type": "Feature", "properties": { "district_id": "IDN.9.9.31_1", "name": "Plumbon", "kabupaten": "Cirebon", "provinsi": "Jawa Barat" }, "geometry": { "type": "Polygon", "coordinates": [ [ [ 108.4664, -6.7439 ], [ 108.4679, -6.7407 ], [ 108.466, -6.7334 ], [ 108.4587, -6.7354 ], [ 108.4619, -6.7312 ], [ 108.4583, -6.7189 ], [ 108.4618, -6.718 ], [ 108.4604, -6.7113 ], [ 108.4627, -6.7115 ], [ 108.4631, -6.709 ], [ 108.46, -6.7084 ], [ 108.4624, -6.7058 ], [ 108.462, -6.7021 ], [ 108.4651, -6.7017 ], [ 108.4624, -6.6999 ], [ 108.4624, -6.6967 ], [ 108.4674, -6.6942 ], [ 108.4666, -6.692 ], [ 108.4706, -6.6867 ], [ 108.4744, -6.6875 ], [ 108.4746, -6.6791 ], [ 108.4779, -6.6794 ], [ 108.4881, -6.6659 ], [ 108.4931, -6.6642 ], [ 108.497, -6.6707 ], [ 108.4905, -6.6752 ], [ 108.4969, -6.6832 ], [ 108.4943, -6.6903 ], [ 108.4848, -6.7012 ], [ 108.4877, -6.703 ], [ 108.4864, -6.7101 ], [ 108.4948, -6.7163 ], [ 108.495, -6.7219 ], [ 108.4922, -6.7201 ], [ 108.4874, -6.7242 ], [ 108.4865, -6.7214 ], [ 108.4852, -6.7237 ], [ 108.4853, -6.7183 ], [ 108.4791, -6.7188 ], [ 108.4733, -6.7291 ], [ 108.4791, -6.7433 ], [ 108.4764, -6.744 ], [ 108.4747, -6.749 ], [ 108.4708, -6.748 ], [ 108.4709, -6.75 ], [ 108.4668, -6.7489 ], [ 108.4695, -6.7447 ], [ 108.4664, -6.7439 ] ] ] } },
{ "type": "Feature", "properties": { "district_id": "IDN.9.9.32_1", "name": "Sedong", "kabupaten": "Cirebon", "provinsi": "Jawa Barat" }, "geometry": { "type": "Polygon", "coordinates": [ [ [ 108.6104, -6.8943 ], [ 108.6124, -6.896 ], [ 108.6084, -6.8974 ], [ 108.6045, -6.9037 ], [ 108.6024, -6.9016 ], [ 108.5992, -6.9038 ], [ 108.5993, -6.9018 ], [ 108.5934, -6.9 ], [ 108.593, -6.898 ], [ 108.5866, -6.8994 ], [ 108.581, -6.8968 ], [ 108.5789, -6.8988 ], [ 108.5767, -6.8932 ], [ 108.5661, -6.8907 ], [ 108.561, -6.885 ], [ 108.5545, -6.8857 ], [ 108.553, -6.8818 ], [ 108.5337, -6.8801 ], [ 108.5368, -6.8733 ], [ 108.5359, -6.8662 ], [ 108.5471, -6.8587 ], [ 108.5528, -6.8395 ], [ 108.5733, -6.8406 ], [ 108.5797, -6.8455 ], [ 108.5844, -6.8452 ], [ 108.5865, -6.8598 ], [ 108.6004, -6.866 ], [ 108.6046, -6.871 ], [ 108.6059, -6.8804 ], [ 108.61, -6.8836 ], [ 108.6129, -6.882 ], [ 108.6165, -6.889 ], [ 108.6121, -6.8892 ], [ 108.6104, -6.8943 ] ] ] } },
{ "type": "Feature", "properties": { "district_id": "IDN.9.9.33_1", "name": "Sumber", "kabupaten": "Cirebon", "provinsi": "Jawa Barat" }, "geometry": { "type": "Polygon", "coordinates": [ [ [ 108.4499, -6.7836 ], [ 108.4575, -6.7822 ], [ 108.4571, -6.7698 ], [ 108.4626, -6.7686 ], [ 108.4598, -6.762 ], [ 108.452, -6.7588 ], [ 108.4588, -6.7461 ], [ 108.4627, -6.748 ], [ 108.4634, -6.745 ], [ 108.4693, -6.7446 ], [ 108.4668, -6.7485 ], [ 108.4681, -6.75 ], [ 108.4709, -6.75 ], [ 108.4708, -6.748 ], [ 108.4749, -6.7489 ], [ 108.4793, -6.7423 ], [ 108.4762, -6.737 ], [ 108.4773, -6.7323 ], [ 108.4835, -6.733 ], [ 108.4974, -6.7295 ], [ 108.499, -6.7352 ], [ 108.5025, -6.7322 ], [ 108.5043, -6.7348 ], [ 108.5079, -6.7325 ], [ 108.5077, -6.7358 ], [ 108.5121, -6.734 ], [ 108.5083, -6.7428 ], [ 108.5106, -6.7457 ], [ 108.5043, -6.7571 ], [ 108.5054, -6.7594 ], [ 108.4915, -6.7622 ], [ 108.4895, -6.7748 ], [ 108.4794, -6.776 ], [ 108.4805, -6.7843 ], [ 108.486, -6.789 ], [ 108.4793, -6.7989 ], [ 108.4748, -6.7966 ], [ 108.4749, -6.7893 ], [ 108.471, -6.7874 ], [ 108.4693, -6.7984 ], [ 108.456, -6.7991 ], [ 108.4572, -6.7959 ], [ 108.4538, -6.7841 ], [ 108.4499, -6.7836 ] ] ] } },
{ "type": "Feature", "properties": { "district_id": "IDN.9.9.34_1", "name": "Suranenggala", "kabupaten": "Cirebon", "provinsi": "Jawa Barat" }, "geometry": { "type": "Polygon", "coordinates": [ [ [ 108.5365, -6.6535 ], [ 108.5284, -6.6509 ], [ 108.5216, -6.6361 ], [ 108.5125, -6.6394 ], [ 108.512, -6.6456 ], [ 108.5076, -6.6461 ], [ 108.5077, -6.6483 ], [ 108.5023, -6.6504 ], [ 108.4994, -6.6545 ], [ 108.4966, -6.6405 ], [ 108.4908, -6.6343 ], [ 108.4836, -6.6347 ], [ 108.4829, -6.6311 ], [ 108.4868, -6.6313 ], [ 108.4858, -6.6236 ], [ 108.4877, -6.6187 ], [ 108.5026, -6.619 ], [ 108.531, -6.6104 ], [ 108.5313, -6.6174 ], [ 108.55, -6.6155 ], [ 108.5527, -6.6231 ], [ 108.5498, -6.6253 ], [ 108.5528, -6.6269 ], [ 108.558, -6.6451 ], [ 108.5453, -6.6487 ], [ 108.5439, -6.6516 ], [ 108.5364, -6.6515 ], [ 108.5365, -6.6535 ] ] ] } },
{ "type": "Feature", "properties": { "district_id": "IDN.9.9.35_1", "name": "Susukan", "kabupaten": "Cirebon", "provinsi": "Jawa Barat" }, "geometry": { "type": "Polygon", "coordinates": [ [ [ 108.3747, -6.6761 ], [ 108.3603, -6.677 ], [ 108.3399, -6.6695 ], [ 108.3399, -6.66 ], [ 108.3434, -6.6549 ], [ 108.3473, -6.6387 ], [ 108.3445, -6.6351 ], [ 108.3462, -6.6254 ], [ 108.3432, -6.6227 ], [ 108.3236, -6.6208 ], [ 108.3255, -6.613 ], [ 108.3307, -6.6079 ], [ 108.3286, -6.5984 ], [ 108.3481, -6.5778 ], [ 108.3536, -6.5756 ], [ 108.3561, -6.5664 ], [ 108.3609, -6.5692 ], [ 108.3651, -6.5766 ], [ 108.3695, -6.5779 ], [ 108.3732, -6.5874 ], [ 108.3773, -6.591 ], [ 108.3749, -6.6092 ], [ 108.3818, -6.6092 ], [ 108.382, -6.6129 ], [ 108.3777, -6.6135 ], [ 108.377, -6.6214 ], [ 108.3839, -6.6271 ], [ 108.3831, -6.6316 ], [ 108.3871, -6.6345 ], [ 108.3879, -6.6392 ], [ 108.3976, -6.6418 ], [ 108.3921, -6.6551 ], [ 108.3879, -6.6512 ], [ 108.3851, -6.6593 ], [ 108.3848, -6.6557 ], [ 108.3788, -6.6557 ], [ 108.3747, -6.6761 ] ] ] } },
{ "type": "Feature", "properties": { "district_id": "IDN.9.9.36_1", "name": "Susukanlebak", "kabupaten": "Cirebon", "provinsi": "Jawa Barat" }, "geometry": { "type": "MultiPolygon", "coordinates": [ [ [ [ 108.6357, -6.8838 ], [ 108.6159, -6.89 ], [ 108.6129, -6.882 ], [ 108.61, -6.8836 ], [ 108.6064, -6.8811 ], [ 108.6046, -6.871 ], [ 108.6004, -6.866 ], [ 108.5865, -6.8598 ], [ 108.5844, -6.8452 ], [ 108.5926, -6.8437 ], [ 108.5969, -6.8366 ], [ 108.6002, -6.8414 ], [ 108.6102, -6.844 ], [ 108.6068, -6.8481 ], [ 108.6077, -6.8502 ], [ 108.615, -6.8503 ], [ 108.6191, -6.856 ], [ 108.6202, -6.8525 ], [ 108.6272, -6.8546 ], [ 108.6303, -6.8518 ], [ 108.6292, -6.8557 ], [ 108.6367, -6.8544 ], [ 108.6378, -6.8571 ], [ 108.6426, -6.8577 ], [ 108.6378, -6.8662 ], [ 108.637, -6.8732 ], [ 108.6337, -6.873 ], [ 108.63, -6.8791 ], [ 108.6315, -6.8843 ], [ 108.6357, -6.8838 ] ] ], [ [ [ 108.6483, -6.8767 ], [ 108.6489, -6.8741 ], [ 108.6511, -6.8747 ], [ 108.6514, -6.8791 ], [ 108.6483, -6.8767 ] ] ], [ [ [ 108.6746, -6.8697 ], [ 108.6805, -6.8681 ], [ 108.6777, -6.8732 ], [ 108.6744, -6.8723 ], [ 108.6738, -6.869 ], [ 108.6716, -6.8694 ], [ 108.6753, -6.8634 ], [ 108.6746, -6.8697 ] ] ], [ [ [ 108.6497, -6.8591 ], [ 108.6521, -6.8506 ], [ 108.662, -6.8519 ], [ 108.6612, -6.8547 ], [ 108.6705, -6.856 ], [ 108.6701, -6.8587 ], [ 108.6622, -6.8576 ], [ 108.6526, -6.8597 ], [ 108.6497, -6.8591 ] ] ], [ [ [ 108.6437, -6.8271 ], [ 108.6433, -6.8289 ], [ 108.6387, -6.8281 ], [ 108.6395, -6.8247 ], [ 108.6437, -6.8271 ] ] ] ] } },
{ "type": "Feature", "properties": { "district_id": "IDN.9.9.37_1", "name": "Talun", "kabupaten": "Cirebon", "provinsi": "Jawa Barat" }, "geometry": { "type": "Polygon", "coordinates": [ [ [ 108.5095, -6.7937 ], [ 108.4979, -6.7936 ], [ 108.4945, -6.7909 ], [ 108.4892, -6.7921 ], [ 108.4823, -6.7866 ], [ 108.4814, -6.7811 ], [ 108.4788, -6.7798 ], [ 108.4818, -6.7747 ], [ 108.4895, -6.7748 ], [ 108.4915, -6.7622 ], [ 108.5054, -6.7594 ], [ 108.5043, -6.7571 ], [ 108.5106, -6.7457 ], [ 108.5083, -6.7428 ], [ 108.5127, -6.7315 ], [ 108.519, -6.733 ], [ 108.5192, -6.7414 ], [ 108.5284, -6.7498 ], [ 108.5268, -6.7518 ], [ 108.5302, -6.7528 ], [ 108.5289, -6.7568 ], [ 108.5349, -6.7579 ], [ 108.5358, -6.7624 ], [ 108.529, -6.7814 ], [ 108.5167, -6.7769 ], [ 108.5125, -6.7912 ], [ 108.5095, -6.7937 ] ] ] } },
{ "type": "Feature", "properties": { "district_id": "IDN.9.9.38_1", "name": "Tengah Tani", "kabupaten": "Cirebon", "provinsi": "Jawa Barat" }, "geometry": { "type": "Polygon", "coordinates": [ [ [ 108.5034, -6.7346 ], [ 108.5042, -6.7323 ], [ 108.5014, -6.7323 ], [ 108.5065, -6.7261 ], [ 108.5073, -6.7186 ], [ 108.5168, -6.7102 ], [ 108.5172, -6.7003 ], [ 108.514, -6.6998 ], [ 108.5128, -6.6969 ], [ 108.5178, -6.6859 ], [ 108.5241, -6.681 ], [ 108.5219, -6.6776 ], [ 108.5241, -6.6697 ], [ 108.5268, -6.6687 ], [ 108.5264, -6.6712 ], [ 108.5365, -6.6725 ], [ 108.5387, -6.6749 ], [ 108.5366, -6.6778 ], [ 108.5339, -6.6773 ], [ 108.5304, -6.6829 ], [ 108.5237, -6.6836 ], [ 108.5223, -6.6857 ], [ 108.5294, -6.6852 ], [ 108.5336, -6.6882 ], [ 108.5361, -6.684 ], [ 108.5425, -6.6848 ], [ 108.5468, -6.6979 ], [ 108.5398, -6.6951 ], [ 108.539, -6.691 ], [ 108.5367, -6.6914 ], [ 108.5311, -6.7069 ], [ 108.5244, -6.7098 ], [ 108.5166, -6.7196 ], [ 108.5149, -6.7266 ], [ 108.5173, -6.73 ], [ 108.5082, -6.7359 ], [ 108.5079, -6.7325 ], [ 108.5034, -6.7346 ] ] ] } },
{ "type": "Feature", "properties": { "district_id": "IDN.9.9.39_1", "name": "Waled", "kabupaten": "Cirebon", "provinsi": "Jawa Barat" }, "geometry": { "type": "Polygon", "coordinates": [ [ [ 108.7018, -6.8903 ], [ 108.7128, -6.8932 ], [ 108.7112, -6.8973 ], [ 108.7157, -6.8989 ], [ 108.7125, -6.9062 ], [ 108.7158, -6.9086 ], [ 108.715, -6.9121 ], [ 108.719, -6.9125 ], [ 108.7196, -6.9168 ], [ 108.7119, -6.9197 ], [ 108.7027, -6.9355 ], [ 108.6832, -6.9315 ], [ 108.6815, -6.9287 ], [ 108.6855, -6.9269 ], [ 108.6827, -6.9233 ], [ 108.6747, -6.9281 ], [ 108.6779, -6.9295 ], [ 108.6758, -6.9321 ], [ 108.6693, -6.9333 ], [ 108.6708, -6.9353 ], [ 108.6691, -6.9375 ], [ 108.6664, -6.935 ], [ 108.6661, -6.9406 ], [ 108.6533, -6.9343 ], [ 108.6524, -6.9316 ], [ 108.6619, -6.925 ], [ 108.6658, -6.9172 ], [ 108.655, -6.9044 ], [ 108.656, -6.8978 ], [ 108.6596, -6.896 ], [ 108.6591, -6.8914 ], [ 108.6712, -6.8941 ], [ 108.6749, -6.8855 ], [ 108.6793, -6.8816 ], [ 108.6771, -6.8802 ], [ 108.6811, -6.8802 ], [ 108.6824, -6.877 ], [ 108.6898, -6.884 ], [ 108.7022, -6.8872 ], [ 108.7018, -6.8903 ] ] ] } },
{ "type": "Feature", "properties": { "district_id": "IDN.9.9.40_1", "name": "Weru", "kabupaten": "Cirebon", "provinsi": "Jawa Barat" }, "geometry": { "type": "Polygon", "coordinates": [ [ [ 108.4761, -6.7329 ], [ 108.4733, -6.7291 ], [ 108.4791, -6.7188 ], [ 108.4853, -6.7183 ], [ 108.4852, -6.7237 ], [ 108.4865, -6.7214 ], [ 108.4874, -6.7242 ], [ 108.4922, -6.7201 ], [ 108.495, -6.7219 ], [ 108.4948, -6.7163 ], [ 108.4864, -6.7101 ], [ 108.4872, -6.7003 ], [ 108.4975, -6.7027 ], [ 108.4974, -6.7068 ], [ 108.4999, -6.7056 ], [ 108.5027, -6.7075 ], [ 108.5053, -6.7048 ], [ 108.5008, -6.7036 ], [ 108.503, -6.6994 ], [ 108.514, -6.7026 ], [ 108.513, -6.7075 ], [ 108.5168, -6.7102 ], [ 108.5073, -6.7186 ], [ 108.5065, -6.7261 ], [ 108.5007, -6.7351 ], [ 108.4976, -6.7327 ], [ 108.4983, -6.7296 ], [ 108.4761, -6.7329 ] ] ] } },
{ "type": "Feature", "properties": { "district_id": "IDN.9.12.1_1", "name": "Anjatan", "kabupaten": "Indramayu", "provinsi": "Jawa Barat" }, "geometry": { "type": "Polygon", "coordinates": [ [ [ 107.9427, -6.4046 ], [ 107.9414, -6.4098 ], [ 107.9342, -6.4103 ], [ 107.9291, -6.4191 ], [ 107.9257, -6.4178 ], [ 107.9222, -6.4198 ], [ 107.9171, -6.427 ], [ 107.9111, -6.4226 ], [ 107.9021, -6.4219 ], [ 107.8979, -6.4191 ], [ 107.8943, -6.4202 ], [ 107.8929, -6.4164 ], [ 107.8879, -6.4163 ], [ 107.8917, -6.414 ], [ 107.8931, -6.4079 ], [ 107.8906, -6.4033 ], [ 107.8992, -6.4058 ], [ 107.8987, -6.4014 ], [ 107.8948, -6.3972 ], [ 107.8995, -6.388 ], [ 107.9083, -6.3776 ], [ 107.914, -6.3769 ], [ 107.9189, -6.371 ], [ 107.9146, -6.3705 ], [ 107.9235, -6.3599 ], [ 107.9216, -6.354 ], [ 107.9256, -6.354 ], [ 107.9245, -6.348 ], [ 107.9351, -6.316 ], [ 107.9421, -6.3183 ], [ 107.9553, -6.3149 ], [ 107.9559, -6.3214 ], [ 107.9672, -6.319 ], [ 107.9702, -6.3245 ], [ 107.9686, -6.3295 ], [ 107.9649, -6.3313 ], [ 107.9805, -6.3372 ], [ 107.9791, -6.3423 ], [ 107.9812, -6.3426 ], [ 107.9831, -6.3484 ], [ 107.9751, -6.3607 ], [ 107.9782, -6.3618 ], [ 107.9841, -6.3527 ], [ 107.9948, -6.3535 ], [ 107.9953, -6.3665 ], [ 107.9762, -6.3741 ], [ 107.9734, -6.3898 ], [ 107.9802, -6.3981 ], [ 107.9855, -6.3988 ], [ 107.9902, -6.3945 ], [ 107.9945, -6.3962 ], [ 107.9915, -6.4001 ], [ 107.9947, -6.4057 ], [ 107.9938, -6.4156 ], [ 107.9905, -6.4208 ], [ 107.9592, -6.4175 ], [ 107.9427, -6.4046 ] ] ] } },
{ "type": "Feature", "properties": { "district_id": "IDN.9.12.2_1", "name": "Arahan", "kabupaten": "Indramayu", "provinsi": "Jawa Barat" }, "geometry": { "type": "Polygon", "coordinates": [ [ [ 108.2888, -6.3675 ], [ 108.2838, -6.3733 ], [ 108.2822, -6.3817 ], [ 108.2756, -6.3805 ], [ 108.2756, -6.3847 ], [ 108.2703, -6.3859 ], [ 108.2656, -6.3827 ], [ 108.2601, -6.3929 ], [ 108.259, -6.3899 ], [ 108.252, -6.3919 ], [ 108.2421, -6.3822 ], [ 108.2339, -6.3796 ], [ 108.2334, -6.3745 ], [ 108.2197, -6.3743 ], [ 108.2182, -6.3705 ], [ 108.2134, -6.37 ], [ 108.2129, -6.3661 ], [ 108.2087, -6.3675 ], [ 108.2033, -6.3529 ], [ 108.2088, -6.352 ], [ 108.2082, -6.3454 ], [ 108.2157, -6.3349 ], [ 108.222, -6.3347 ], [ 108.228, -6.3422 ], [ 108.234, -6.3406 ], [ 108.234, -6.3444 ], [ 108.2371, -6.3441 ], [ 108.2442, -6.3518 ], [ 108.2468, -6.3466 ], [ 108.2558, -6.3478 ], [ 108.261, -6.345 ], [ 108.2726, -6.3544 ], [ 108.2796, -6.3547 ], [ 108.2812, -6.3481 ], [ 108.2859, -6.3529 ], [ 108.2857, -6.3608 ], [ 108.2891, -6.3635 ], [ 108.2888, -6.3675 ] ] ] } },
{ "type": "Feature", "properties": { "district_id": "IDN.9.12.3_1", "name": "Balongan", "kabupaten": "Indramayu", "provinsi": "Jawa Barat" }, "geometry": { "type": "Polygon", "coordinates": [ [ [ 108.383, -6.4102 ], [ 108.3858, -6.4232 ], [ 108.3825, -6.4247 ], [ 108.3812, -6.4302 ], [ 108.3736, -6.4288 ], [ 108.3701, -6.4228 ], [ 108.3636, -6.4212 ], [ 108.3627, -6.405 ], [ 108.357, -6.404 ], [ 108.3575, -6.3956 ], [ 108.3546, -6.3955 ], [ 108.3531, -6.3879 ], [ 108.3426, -6.387 ], [ 108.3435, -6.3831 ], [ 108.3417, -6.3824 ], [ 108.3447, -6.3764 ], [ 108.3519, -6.3746 ], [ 108.3643, -6.3501 ], [ 108.3654, -6.3485 ], [ 108.3682, -6.3498 ], [ 108.3761, -6.338 ], [ 108.3854, -6.3562 ], [ 108.3928, -6.3614 ], [ 108.4096, -6.3871 ], [ 108.3997, -6.3981 ], [ 108.3938, -6.3996 ], [ 108.3848, -6.3979 ], [ 108.383, -6.4102 ] ] ] } },
{ "type": "Feature", "properties": { "district_id": "IDN.9.12.4_1", "name": "Bangodua", "kabupaten": "Indramayu", "provinsi": "Jawa Barat" }, "geometry": { "type": "Polygon", "coordinates": [ [ [ 108.2623, -6.5243 ], [ 108.2641, -6.5285 ], [ 108.2544, -6.5349 ], [ 108.2475, -6.5346 ], [ 108.2352, -6.5395 ], [ 108.2192, -6.5422 ], [ 108.2244, -6.5293 ], [ 108.225, -6.5097 ], [ 108.2229, -6.5069 ], [ 108.2272, -6.4992 ], [ 108.2332, -6.4974 ], [ 108.2328, -6.4946 ], [ 108.2368, -6.4903 ], [ 108.2445, -6.4918 ], [ 108.2514, -6.5009 ], [ 108.2669, -6.4962 ], [ 108.2696, -6.5036 ], [ 108.2723, -6.5051 ], [ 108.2751, -6.4983 ], [ 108.2957, -6.4952 ], [ 108.3033, -6.4915 ], [ 108.3043, -6.4882 ], [ 108.3078, -6.4892 ], [ 108.3062, -6.4994 ], [ 108.3125, -6.4988 ], [ 108.3155, -6.5035 ], [ 108.3215, -6.5047 ], [ 108.3233, -6.5076 ], [ 108.3225, -6.518 ], [ 108.3166, -6.5241 ], [ 108.3211, -6.5251 ], [ 108.3264, -6.521 ], [ 108.3316, -6.5246 ], [ 108.3412, -6.5241 ], [ 108.3465, -6.518 ], [ 108.3506, -6.5259 ], [ 108.3511, -6.5367 ], [ 108.348, -6.5401 ], [ 108.3488, -6.5447 ], [ 108.3436, -6.5412 ], [ 108.337, -6.5431 ], [ 108.3302, -6.5361 ], [ 108.3134, -6.5347 ], [ 108.301, -6.5262 ], [ 108.2903, -6.5312 ], [ 108.2862, -6.5245 ], [ 108.2698, -6.5223 ], [ 108.2623, -6.5243 ] ] ] } },
{ "type": "Feature", "properties": { "district_id": "IDN.9.12.5_1", "name": "Bongas", "kabupaten": "Indramayu", "provinsi": "Jawa Barat" }, "geometry": { "type": "Polygon", "coordinates": [ [ [ 107.991, -6.42 ], [ 107.9947, -6.4068 ], [ 107.9915, -6.4001 ], [ 107.9946, -6.3963 ], [ 107.9904, -6.3945 ], [ 107.9855, -6.3988 ], [ 107.9789, -6.3972 ], [ 107.9734, -6.3898 ], [ 107.9752, -6.3752 ], [ 107.9954, -6.3667 ], [ 108.012, -6.3522 ], [ 108.0262, -6.3455 ], [ 108.0261, -6.3415 ], [ 108.0399, -6.3381 ], [ 108.0458, -6.3403 ], [ 108.0484, -6.3387 ], [ 108.0505, -6.3421 ], [ 108.0475, -6.3425 ], [ 108.0479, -6.3446 ], [ 108.0514, -6.3493 ], [ 108.0539, -6.3493 ], [ 108.0562, -6.3579 ], [ 108.0592, -6.3562 ], [ 108.0597, -6.3594 ], [ 108.0534, -6.3703 ], [ 108.0536, -6.3765 ], [ 108.0497, -6.3776 ], [ 108.046, -6.384 ], [ 108.0409, -6.3863 ], [ 108.0376, -6.3852 ], [ 108.0346, -6.3896 ], [ 108.0369, -6.4031 ], [ 108.0082, -6.4268 ], [ 108.0039, -6.4227 ], [ 107.991, -6.42 ] ] ] } },
{ "type": "Feature", "properties": { "district_id": "IDN.9.12.6_1", "name": "Cantigi", "kabupaten": "Indramayu", "provinsi": "Jawa Barat" }, "geometry": { "type": "Polygon", "coordinates": [ [ [ 108.2814, -6.3336 ], [ 108.2801, -6.3547 ], [ 108.2726, -6.3544 ], [ 108.261, -6.345 ], [ 108.2558, -6.3478 ], [ 108.2468, -6.3466 ], [ 108.2442, -6.3518 ], [ 108.2371, -6.3441 ], [ 108.234, -6.3444 ], [ 108.234, -6.3406 ], [ 108.2276, -6.342 ], [ 108.2239, -6.3355 ], [ 108.2292, -6.3309 ], [ 108.2258, -6.3277 ], [ 108.2319, -6.3253 ], [ 108.2289, -6.3202 ], [ 108.2257, -6.3211 ], [ 108.2273, -6.3144 ], [ 108.2199, -6.3018 ], [ 108.2045, -6.2864 ], [ 108.2083, -6.281 ], [ 108.2066, -6.2794 ], [ 108.2031, -6.2813 ], [ 108.2016, -6.2771 ], [ 108.2055, -6.273 ], [ 108.2101, -6.2739 ], [ 108.2062, -6.2682 ], [ 108.2127, -6.2651 ], [ 108.2064, -6.2609 ], [ 108.2028, -6.2414 ], [ 108.1885, -6.2338 ], [ 108.1891, -6.2294 ], [ 108.2016, -6.2299 ], [ 108.2094, -6.2396 ], [ 108.2172, -6.2377 ], [ 108.2157, -6.2395 ], [ 108.2205, -6.25 ], [ 108.2247, -6.2489 ], [ 108.2266, -6.2448 ], [ 108.2297, -6.2448 ], [ 108.2313, -6.2407 ], [ 108.2341, -6.2448 ], [ 108.2367, -6.2441 ], [ 108.2376, -6.2472 ], [ 108.2343, -6.252 ], [ 108.2372, -6.2631 ], [ 108.2459, -6.2666 ], [ 108.2482, -6.2772 ], [ 108.2647, -6.2877 ], [ 108.2647, -6.2908 ], [ 108.271, -6.299 ], [ 108.2646, -6.3048 ], [ 108.2579, -6.3024 ], [ 108.2734, -6.3282 ], [ 108.2814, -6.3336 ] ] ] } },
{ "type": "Feature", "properties": { "district_id": "IDN.9.12.7_1", "name": "Cikedung", "kabupaten": "Indramayu", "provinsi": "Jawa Barat" }, "geometry": { "type": "Polygon", "coordinates": [ [ [ 108.1758, -6.4798 ], [ 108.1787, -6.477 ], [ 108.1807, -6.4624 ], [ 108.1687, -6.4639 ], [ 108.1698, -6.4691 ], [ 108.1638, -6.4696 ], [ 108.1657, -6.4664 ], [ 108.1642, -6.4636 ], [ 108.1773, -6.4607 ], [ 108.1785, -6.4543 ], [ 108.183, -6.4544 ], [ 108.1902, -6.4492 ], [ 108.1915, -6.4448 ], [ 108.1983, -6.4441 ], [ 108.196, -6.4567 ], [ 108.2036, -6.4556 ], [ 108.2101, -6.4814 ], [ 108.2092, -6.4943 ], [ 108.2049, -6.4994 ], [ 108.2062, -6.5093 ], [ 108.209, -6.5106 ], [ 108.2132, -6.5226 ], [ 108.2083, -6.5322 ], [ 108.2065, -6.5471 ], [ 108.2086, -6.5513 ], [ 108.2174, -6.5551 ], [ 108.2108, -6.5727 ], [ 108.2059, -6.575 ], [ 108.1976, -6.5935 ], [ 108.1907, -6.6012 ], [ 108.1897, -6.6083 ], [ 108.1849, -6.6106 ], [ 108.1735, -6.6057 ], [ 108.1664, -6.6088 ], [ 108.1636, -6.6137 ], [ 108.1486, -6.606 ], [ 108.1459, -6.6004 ], [ 108.1465, -6.5927 ], [ 108.1443, -6.5876 ], [ 108.1477, -6.578 ], [ 108.1421, -6.5745 ], [ 108.142, -6.5652 ], [ 108.1276, -6.5652 ], [ 108.1322, -6.555 ], [ 108.1281, -6.5492 ], [ 108.1288, -6.5411 ], [ 108.1251, -6.5374 ], [ 108.1267, -6.5364 ], [ 108.125, -6.531 ], [ 108.1284, -6.5298 ], [ 108.1262, -6.521 ], [ 108.1305, -6.518 ], [ 108.1328, -6.5203 ], [ 108.1355, -6.5126 ], [ 108.1411, -6.51 ], [ 108.1462, -6.5122 ], [ 108.1458, -6.5101 ], [ 108.1499, -6.5104 ], [ 108.1558, -6.5036 ], [ 108.1578, -6.4989 ], [ 108.1559, -6.4907 ], [ 108.1648, -6.4889 ], [ 108.1718, -6.4759 ], [ 108.1758, -6.4798 ] ] ] } },
{ "type": "Feature", "properties": { "district_id": "IDN.9.12.8_1", "name": "Gabuswetan", "kabupaten": "Indramayu", "provinsi": "Jawa Barat" }, "geometry": { "type": "Polygon", "coordinates": [ [ [ 108.1075, -6.4467 ], [ 108.1189, -6.4513 ], [ 108.1246, -6.4506 ], [ 108.1259, -6.454 ], [ 108.119, -6.4608 ], [ 108.1187, -6.4668 ], [ 108.1151, -6.4683 ], [ 108.0898, -6.4668 ], [ 108.0867, -6.4717 ], [ 108.0765, -6.4774 ], [ 108.0746, -6.4691 ], [ 108.0772, -6.4597 ], [ 108.077, -6.4472 ], [ 108.0716, -6.4472 ], [ 108.0715, -6.4539 ], [ 108.0565, -6.4514 ], [ 108.0539, -6.4537 ], [ 108.05, -6.4496 ], [ 108.0406, -6.4644 ], [ 108.0273, -6.464 ], [ 108.0281, -6.4616 ], [ 108.0259, -6.4619 ], [ 108.023, -6.4508 ], [ 108.0293, -6.4416 ], [ 108.0133, -6.4332 ], [ 108.0082, -6.4268 ], [ 108.0369, -6.4031 ], [ 108.0346, -6.3896 ], [ 108.0376, -6.3852 ], [ 108.0409, -6.3863 ], [ 108.046, -6.384 ], [ 108.0497, -6.3776 ], [ 108.0536, -6.3765 ], [ 108.0534, -6.3703 ], [ 108.059, -6.3611 ], [ 108.0594, -6.3812 ], [ 108.0636, -6.3818 ], [ 108.0824, -6.3986 ], [ 108.0941, -6.4011 ], [ 108.0961, -6.3996 ], [ 108.0972, -6.4022 ], [ 108.1011, -6.3994 ], [ 108.1038, -6.4019 ], [ 108.1009, -6.4079 ], [ 108.1028, -6.4113 ], [ 108.1208, -6.4121 ], [ 108.1199, -6.4215 ], [ 108.1097, -6.436 ], [ 108.1075, -6.4467 ] ] ] } },
{ "type": "Feature", "properties": { "district_id": "IDN.9.12.9_1", "name": "Gantar", "kabupaten": "Indramayu", "provinsi": "Jawa Barat" }, "geometry": { "type": "Polygon", "coordinates": [ [ [ 107.9644, -6.4853 ], [ 107.9684, -6.4722 ], [ 108.0087, -6.4747 ], [ 108.0107, -6.4794 ], [ 108.0084, -6.4807 ], [ 108.0093, -6.4835 ], [ 108.0071, -6.4895 ], [ 108.0006, -6.4932 ], [ 107.9972, -6.4998 ], [ 107.9967, -6.5077 ], [ 108.0059, -6.5021 ], [ 108.0174, -6.5039 ], [ 108.0157, -6.5136 ], [ 108.009, -6.5185 ], [ 108.0087, -6.5216 ], [ 108.0116, -6.5236 ], [ 108.0098, -6.5272 ], [ 108.0134, -6.536 ], [ 108.0112, -6.5394 ], [ 108.0131, -6.5436 ], [ 108.0115, -6.5448 ], [ 108.0127, -6.5501 ], [ 108.0061, -6.5582 ], [ 108.0072, -6.5619 ], [ 108.0021, -6.5711 ], [ 107.9934, -6.5744 ], [ 107.9943, -6.5778 ], [ 107.9874, -6.577 ], [ 107.9825, -6.5812 ], [ 107.9801, -6.5873 ], [ 107.9742, -6.5912 ], [ 107.97, -6.6045 ], [ 107.9656, -6.6067 ], [ 107.9666, -6.6209 ], [ 107.9702, -6.6237 ], [ 107.9756, -6.635 ], [ 107.9709, -6.6398 ], [ 107.9613, -6.6326 ], [ 107.9534, -6.6311 ], [ 107.9503, -6.6273 ], [ 107.9403, -6.6256 ], [ 107.9366, -6.622 ], [ 107.9352, -6.6148 ], [ 107.9271, -6.6141 ], [ 107.9183, -6.6032 ], [ 107.9053, -6.5935 ], [ 107.8795, -6.5878 ], [ 107.8752, -6.5845 ], [ 107.8576, -6.5799 ], [ 107.8507, -6.5733 ], [ 107.8614, -6.5679 ], [ 107.8804, -6.5672 ], [ 107.8807, -6.5615 ], [ 107.8844, -6.5568 ], [ 107.8867, -6.5553 ], [ 107.8934, -6.5574 ], [ 107.8924, -6.5531 ], [ 107.8969, -6.5526 ], [ 107.8983, -6.5496 ], [ 107.8936, -6.5493 ], [ 107.8939, -6.5465 ], [ 107.9013, -6.5457 ], [ 107.9093, -6.5394 ], [ 107.9114, -6.5342 ], [ 107.9083, -6.5287 ], [ 107.9162, -6.5246 ], [ 107.9174, -6.517 ], [ 107.9202, -6.5145 ], [ 107.918, -6.5115 ], [ 107.9198, -6.5086 ], [ 107.9155, -6.501 ], [ 107.911, -6.5069 ], [ 107.906, -6.5066 ], [ 107.9093, -6.4984 ], [ 107.9075, -6.4963 ], [ 107.919, -6.4946 ], [ 107.9203, -6.491 ], [ 107.9155, -6.4949 ], [ 107.9131, -6.4912 ], [ 107.919, -6.488 ], [ 107.9188, -6.4858 ], [ 107.9123, -6.4884 ], [ 107.9134, -6.4845 ], [ 107.9114, -6.4825 ], [ 107.9267, -6.4777 ], [ 107.9297, -6.4656 ], [ 107.9342, -6.4709 ], [ 107.9443, -6.4734 ], [ 107.9483, -6.4818 ], [ 107.9505, -6.4792 ], [ 107.9558, -6.4869 ], [ 107.9644, -6.4853 ] ] ] } },
{ "type": "Feature", "properties": { "district_id": "IDN.9.12.10_1", "name": "Haurgeulis", "kabupaten": "Indramayu", "provinsi": "Jawa Barat" }, "geometry": { "type": "Polygon", "coordinates": [ [ [ 107.9297, -6.4656 ], [ 107.9265, -6.4778 ], [ 107.9126, -6.4809 ], [ 107.9106, -6.4856 ], [ 107.9029, -6.4824 ], [ 107.8983, -6.485 ], [ 107.8965, -6.4804 ], [ 107.8994, -6.4774 ], [ 107.8978, -6.4752 ], [ 107.8992, -6.4716 ], [ 107.8952, -6.472 ], [ 107.8951, -6.4627 ], [ 107.892, -6.4629 ], [ 107.8873, -6.4579 ], [ 107.8789, -6.4577 ], [ 107.8889, -6.4578 ], [ 107.893, -6.4524 ], [ 107.8912, -6.4489 ], [ 107.8948, -6.4489 ], [ 107.89, -6.4433 ], [ 107.8927, -6.4389 ], [ 107.8916, -6.4338 ], [ 107.897, -6.4257 ], [ 107.8943, -6.4202 ], [ 107.9111, -6.4226 ], [ 107.9173, -6.4269 ], [ 107.9222, -6.4198 ], [ 107.9257, -6.4178 ], [ 107.9291, -6.4191 ], [ 107.9342, -6.4103 ], [ 107.9414, -6.4098 ], [ 107.9429, -6.4045 ], [ 107.9468, -6.4096 ], [ 107.9592, -6.4175 ], [ 107.9929, -6.4211 ], [ 107.9945, -6.4293 ], [ 107.9926, -6.4345 ], [ 107.9747, -6.4485 ], [ 107.9732, -6.4553 ], [ 107.9695, -6.4586 ], [ 107.9674, -6.47 ], [ 107.9692, -6.4747 ], [ 107.9643, -6.4855 ], [ 107.9558, -6.4869 ], [ 107.9505, -6.4792 ], [ 107.9483, -6.4818 ], [ 107.9443, -6.4734 ], [ 107.9342, -6.4709 ], [ 107.9297, -6.4656 ] ] ] } },
{ "type": "Feature", "properties": { "district_id": "IDN.9.12.11_1", "name": "Indramayu", "kabupaten": "Indramayu", "provinsi": "Jawa Barat" }, "geometry": { "type": "Polygon", "coordinates": [ [ [ 108.3374, -6.3876 ], [ 108.3293, -6.4049 ], [ 108.3256, -6.4033 ], [ 108.3196, -6.3939 ], [ 108.3149, -6.3953 ], [ 108.3, -6.3926 ], [ 108.2947, -6.383 ], [ 108.2978, -6.3823 ], [ 108.296, -6.3774 ], [ 108.3067, -6.3731 ], [ 108.3137, -6.3747 ], [ 108.3145, -6.3726 ], [ 108.311, -6.3712 ], [ 108.3164, -6.3663 ], [ 108.3142, -6.3617 ], [ 108.3189, -6.3619 ], [ 108.3195, -6.3677 ], [ 108.3248, -6.3665 ], [ 108.3216, -6.3614 ], [ 108.3223, -6.356 ], [ 108.3172, -6.3555 ], [ 108.3111, -6.3492 ], [ 108.3173, -6.3489 ], [ 108.3173, -6.3371 ], [ 108.3209, -6.3402 ], [ 108.3234, -6.339 ], [ 108.3242, -6.3324 ], [ 108.3191, -6.3208 ], [ 108.3195, -6.3149 ], [ 108.3249, -6.3163 ], [ 108.3261, -6.3097 ], [ 108.3302, -6.3092 ], [ 108.3319, -6.3058 ], [ 108.3538, -6.3041 ], [ 108.3513, -6.2999 ], [ 108.3542, -6.2888 ], [ 108.3683, -6.2898 ], [ 108.3749, -6.2956 ], [ 108.3696, -6.2974 ], [ 108.3666, -6.3058 ], [ 108.3761, -6.338 ], [ 108.3682, -6.3498 ], [ 108.3654, -6.3485 ], [ 108.3643, -6.3501 ], [ 108.3519, -6.3746 ], [ 108.3447, -6.3764 ], [ 108.3417, -6.3824 ], [ 108.3435, -6.3831 ], [ 108.3426, -6.387 ], [ 108.3374, -6.3876 ] ] ] } },
{ "type": "Feature", "properties": { "district_id": "IDN.9.12.12_1", "name": "Jatibarang", "kabupaten": "Indramayu", "provinsi": "Jawa Barat" }, "geometry": { "type": "Polygon", "coordinates": [ [ [ 108.34, -6.5088 ], [ 108.3375, -6.5145 ], [ 108.3319, -6.5106 ], [ 108.3275, -6.5164 ], [ 108.3237, -6.5125 ], [ 108.3215, -6.5047 ], [ 108.3155, -6.5035 ], [ 108.3125, -6.4988 ], [ 108.3062, -6.4994 ], [ 108.3085, -6.49 ], [ 108.3034, -6.4879 ], [ 108.3033, -6.4824 ], [ 108.2998, -6.4801 ], [ 108.302, -6.4731 ], [ 108.2972, -6.4705 ], [ 108.2905, -6.4613 ], [ 108.2901, -6.4577 ], [ 108.2996, -6.4585 ], [ 108.2941, -6.4513 ], [ 108.2999, -6.4509 ], [ 108.3001, -6.4478 ], [ 108.2955, -6.4461 ], [ 108.2922, -6.45 ], [ 108.2934, -6.4442 ], [ 108.299, -6.4429 ], [ 108.3013, -6.4385 ], [ 108.2942, -6.4398 ], [ 108.2967, -6.4322 ], [ 108.2939, -6.4205 ], [ 108.2917, -6.4212 ], [ 108.2905, -6.4267 ], [ 108.2859, -6.4202 ], [ 108.2877, -6.4171 ], [ 108.2939, -6.4175 ], [ 108.2996, -6.4114 ], [ 108.2992, -6.4099 ], [ 108.2924, -6.4131 ], [ 108.2856, -6.4103 ], [ 108.2868, -6.4071 ], [ 108.2934, -6.4085 ], [ 108.2882, -6.3959 ], [ 108.2947, -6.383 ], [ 108.3014, -6.3937 ], [ 108.3196, -6.3939 ], [ 108.3256, -6.4033 ], [ 108.3293, -6.4049 ], [ 108.3305, -6.3975 ], [ 108.3374, -6.3876 ], [ 108.3487, -6.3876 ], [ 108.346, -6.3935 ], [ 108.3393, -6.3977 ], [ 108.3372, -6.4174 ], [ 108.3288, -6.419 ], [ 108.3278, -6.4276 ], [ 108.3212, -6.438 ], [ 108.3212, -6.4461 ], [ 108.3241, -6.4477 ], [ 108.3202, -6.4502 ], [ 108.3235, -6.4527 ], [ 108.3203, -6.4542 ], [ 108.3232, -6.4684 ], [ 108.3199, -6.4773 ], [ 108.3239, -6.4826 ], [ 108.3253, -6.4989 ], [ 108.329, -6.5021 ], [ 108.3392, -6.5036 ], [ 108.34, -6.5088 ] ] ] } },
{ "type": "Feature", "properties": { "district_id": "IDN.9.12.13_1", "name": "Juntinyuat", "kabupaten": "Indramayu", "provinsi": "Jawa Barat" }, "geometry": { "type": "Polygon", "coordinates": [ [ [ 108.4086, -6.4715 ], [ 108.4142, -6.4708 ], [ 108.4089, -6.4748 ], [ 108.4069, -6.4724 ], [ 108.4005, -6.4755 ], [ 108.3753, -6.4727 ], [ 108.3749, -6.4773 ], [ 108.3717, -6.4773 ], [ 108.372, -6.4615 ], [ 108.3753, -6.4648 ], [ 108.3795, -6.4611 ], [ 108.3805, -6.45 ], [ 108.3749, -6.4452 ], [ 108.3751, -6.4428 ], [ 108.3772, -6.4421 ], [ 108.3825, -6.4247 ], [ 108.3858, -6.4232 ], [ 108.3824, -6.4135 ], [ 108.3848, -6.3979 ], [ 108.3938, -6.3996 ], [ 108.3997, -6.3981 ], [ 108.4096, -6.3871 ], [ 108.4205, -6.4017 ], [ 108.4492, -6.4311 ], [ 108.4738, -6.4504 ], [ 108.4717, -6.4525 ], [ 108.4652, -6.452 ], [ 108.4635, -6.4488 ], [ 108.4577, -6.4502 ], [ 108.4552, -6.446 ], [ 108.4485, -6.4447 ], [ 108.4432, -6.4516 ], [ 108.4321, -6.4545 ], [ 108.4208, -6.4636 ], [ 108.4178, -6.4606 ], [ 108.4078, -6.4659 ], [ 108.4086, -6.4715 ] ] ] } },
{ "type": "Feature", "properties": { "district_id": "IDN.9.12.14_1", "name": "Kandanghaur", "kabupaten": "Indramayu", "provinsi": "Jawa Barat" }, "geometry": { "type": "Polygon", "coordinates": [ [ [ 108.1208, -6.4121 ], [ 108.1028, -6.4113 ], [ 108.1009, -6.4079 ], [ 108.1038, -6.4019 ], [ 108.1011, -6.3994 ], [ 108.0972, -6.4022 ], [ 108.0961, -6.3996 ], [ 108.0941, -6.4011 ], [ 108.0824, -6.3986 ], [ 108.0636, -6.3818 ], [ 108.0594, -6.3812 ], [ 108.0597, -6.3566 ], [ 108.0562, -6.3579 ], [ 108.0539, -6.3493 ], [ 108.0514, -6.3493 ], [ 108.0479, -6.3446 ], [ 108.0475, -6.3425 ], [ 108.0505, -6.3421 ], [ 108.0484, -6.3387 ], [ 108.0458, -6.3403 ], [ 108.0399, -6.3381 ], [ 108.0261, -6.3415 ], [ 108.0258, -6.332 ], [ 108.0351, -6.3248 ], [ 108.035, -6.3053 ], [ 108.0602, -6.3156 ], [ 108.082, -6.3201 ], [ 108.0888, -6.3192 ], [ 108.0898, -6.3245 ], [ 108.1064, -6.3286 ], [ 108.1049, -6.3285 ], [ 108.1074, -6.3305 ], [ 108.104, -6.3285 ], [ 108.1032, -6.331 ], [ 108.1077, -6.3341 ], [ 108.1299, -6.3344 ], [ 108.1358, -6.3201 ], [ 108.1401, -6.3259 ], [ 108.1513, -6.3333 ], [ 108.1497, -6.3362 ], [ 108.1532, -6.339 ], [ 108.1507, -6.3398 ], [ 108.1477, -6.3473 ], [ 108.1492, -6.3496 ], [ 108.141, -6.3645 ], [ 108.1349, -6.3699 ], [ 108.1304, -6.3808 ], [ 108.1272, -6.381 ], [ 108.1239, -6.3864 ], [ 108.1253, -6.3981 ], [ 108.1211, -6.4054 ], [ 108.1225, -6.4082 ], [ 108.1208, -6.4121 ] ] ] } },
{ "type": "Feature", "properties": { "district_id": "IDN.9.12.15_1", "name": "Karangampel", "kabupaten": "Indramayu", "provinsi": "Jawa Barat" }, "geometry": { "type": "Polygon", "coordinates": [ [ [ 108.4639, -6.4963 ], [ 108.4508, -6.4922 ], [ 108.4515, -6.4896 ], [ 108.4473, -6.4865 ], [ 108.4344, -6.4903 ], [ 108.4243, -6.4882 ], [ 108.4267, -6.4756 ], [ 108.4105, -6.4802 ], [ 108.4094, -6.4748 ], [ 108.4142, -6.4708 ], [ 108.4086, -6.4715 ], [ 108.4078, -6.4659 ], [ 108.4178, -6.4606 ], [ 108.4208, -6.4636 ], [ 108.4321, -6.4545 ], [ 108.4432, -6.4516 ], [ 108.4485, -6.4447 ], [ 108.4552, -6.446 ], [ 108.4577, -6.4502 ], [ 108.4635, -6.4488 ], [ 108.4652, -6.452 ], [ 108.4717, -6.4525 ], [ 108.4738, -6.4504 ], [ 108.4914, -6.461 ], [ 108.4853, -6.482 ], [ 108.4728, -6.4864 ], [ 108.4743, -6.4915 ], [ 108.4639, -6.4963 ] ] ] } },
{ "type": "Feature", "properties": { "district_id": "IDN.9.12.16_1", "name": "Kedokan Bunder", "kabupaten": "Indramayu", "provinsi": "Jawa Barat" }, "geometry": { "type": "Polygon", "coordinates": [ [ [ 108.4175, -6.5245 ], [ 108.4041, -6.5357 ], [ 108.4003, -6.5357 ], [ 108.4087, -6.5179 ], [ 108.4027, -6.5146 ], [ 108.3984, -6.505 ], [ 108.3876, -6.5037 ], [ 108.3788, -6.5071 ], [ 108.3756, -6.5043 ], [ 108.3751, -6.5 ], [ 108.3798, -6.4906 ], [ 108.3784, -6.4732 ], [ 108.4005, -6.4755 ], [ 108.4069, -6.4724 ], [ 108.4089, -6.4748 ], [ 108.4107, -6.4725 ], [ 108.4105, -6.4802 ], [ 108.4267, -6.4756 ], [ 108.4243, -6.4882 ], [ 108.4344, -6.4903 ], [ 108.4473, -6.4865 ], [ 108.4515, -6.4896 ], [ 108.4508, -6.4922 ], [ 108.463, -6.4967 ], [ 108.4479, -6.5069 ], [ 108.4407, -6.5067 ], [ 108.4394, -6.5117 ], [ 108.4302, -6.5206 ], [ 108.4175, -6.5245 ] ] ] } },
{ "type": "Feature", "properties": { "district_id": "IDN.9.12.17_1", "name": "Kertasemaya", "kabupaten": "Indramayu", "provinsi": "Jawa Barat" }, "geometry": { "type": "Polygon", "coordinates": [ [ [ 108.3776, -6.546 ], [ 108.3732, -6.5486 ], [ 108.3702, -6.5549 ], [ 108.3516, -6.5533 ], [ 108.348, -6.5401 ], [ 108.351, -6.5377 ], [ 108.3509, -6.5274 ], [ 108.3465, -6.518 ], [ 108.3412, -6.5241 ], [ 108.3316, -6.5246 ], [ 108.3264, -6.521 ], [ 108.3211, -6.5251 ], [ 108.3166, -6.5241 ], [ 108.3225, -6.518 ], [ 108.3237, -6.5125 ], [ 108.3275, -6.5164 ], [ 108.3319, -6.5106 ], [ 108.3381, -6.5142 ], [ 108.34, -6.5088 ], [ 108.3384, -6.4983 ], [ 108.3429, -6.4952 ], [ 108.3468, -6.4869 ], [ 108.3794, -6.4858 ], [ 108.3784, -6.4957 ], [ 108.3751, -6.5 ], [ 108.3765, -6.5057 ], [ 108.3788, -6.5071 ], [ 108.3876, -6.5037 ], [ 108.3967, -6.504 ], [ 108.4027, -6.5146 ], [ 108.4086, -6.5176 ], [ 108.4003, -6.5357 ], [ 108.3937, -6.5345 ], [ 108.3908, -6.5361 ], [ 108.3864, -6.5454 ], [ 108.3831, -6.5473 ], [ 108.3776, -6.546 ] ] ] } },
{ "type": "Feature", "properties": { "district_id": "IDN.9.12.18_1", "name": "Krangkeng", "kabupaten": "Indramayu", "provinsi": "Jawa Barat" }, "geometry": { "type": "Polygon", "coordinates": [ [ [ 108.4485, -6.5708 ], [ 108.4489, -6.5371 ], [ 108.4427, -6.5264 ], [ 108.4368, -6.5218 ], [ 108.4301, -6.5202 ], [ 108.4394, -6.5117 ], [ 108.4407, -6.5067 ], [ 108.4479, -6.5069 ], [ 108.4704, -6.4926 ], [ 108.4718, -6.4939 ], [ 108.4743, -6.4915 ], [ 108.4728, -6.4864 ], [ 108.4853, -6.482 ], [ 108.4914, -6.461 ], [ 108.5397, -6.4837 ], [ 108.5356, -6.4975 ], [ 108.5381, -6.5164 ], [ 108.5255, -6.5175 ], [ 108.519, -6.522 ], [ 108.519, -6.5276 ], [ 108.5138, -6.5271 ], [ 108.5099, -6.5287 ], [ 108.5066, -6.5339 ], [ 108.5028, -6.534 ], [ 108.5009, -6.542 ], [ 108.4941, -6.5426 ], [ 108.4907, -6.5455 ], [ 108.491, -6.5548 ], [ 108.487, -6.5593 ], [ 108.4836, -6.5565 ], [ 108.4818, -6.5591 ], [ 108.4753, -6.5583 ], [ 108.4736, -6.5646 ], [ 108.4702, -6.5647 ], [ 108.47, -6.5681 ], [ 108.4673, -6.5699 ], [ 108.4602, -6.5684 ], [ 108.456, -6.5729 ], [ 108.4485, -6.5708 ] ] ] } },
{ "type": "Feature", "properties": { "district_id": "IDN.9.12.19_1", "name": "Kroya", "kabupaten": "Indramayu", "provinsi": "Jawa Barat" }, "geometry": { "type": "Polygon", "coordinates": [ [ [ 108.0764, -6.4774 ], [ 108.0867, -6.4717 ], [ 108.0898, -6.4668 ], [ 108.1154, -6.4682 ], [ 108.115, -6.4704 ], [ 108.106, -6.4732 ], [ 108.1089, -6.486 ], [ 108.1054, -6.5014 ], [ 108.0956, -6.511 ], [ 108.092, -6.5232 ], [ 108.0792, -6.5332 ], [ 108.0777, -6.5609 ], [ 108.0256, -6.5645 ], [ 108.0225, -6.5667 ], [ 108.0284, -6.5703 ], [ 108.0241, -6.579 ], [ 107.9943, -6.5778 ], [ 107.9934, -6.5744 ], [ 108.0021, -6.5711 ], [ 108.0078, -6.5605 ], [ 108.0061, -6.5582 ], [ 108.0127, -6.5501 ], [ 108.0112, -6.5394 ], [ 108.0135, -6.5355 ], [ 108.0098, -6.5272 ], [ 108.0116, -6.5232 ], [ 108.0088, -6.5196 ], [ 108.0158, -6.5135 ], [ 108.0174, -6.5039 ], [ 108.0059, -6.5021 ], [ 107.9967, -6.5077 ], [ 107.9972, -6.4998 ], [ 108.0006, -6.4932 ], [ 108.0071, -6.4895 ], [ 108.0084, -6.4807 ], [ 108.0107, -6.4794 ], [ 108.009, -6.4748 ], [ 107.9791, -6.4741 ], [ 107.9682, -6.4723 ], [ 107.9674, -6.47 ], [ 107.9695, -6.4587 ], [ 107.9732, -6.4553 ], [ 107.9747, -6.4485 ], [ 107.9926, -6.4345 ], [ 107.9945, -6.4293 ], [ 107.9927, -6.4214 ], [ 108.0039, -6.4227 ], [ 108.0133, -6.4332 ], [ 108.0284, -6.4403 ], [ 108.0295, -6.4436 ], [ 108.0274, -6.4431 ], [ 108.023, -6.4508 ], [ 108.0259, -6.4619 ], [ 108.0281, -6.4616 ], [ 108.0273, -6.464 ], [ 108.0406, -6.4644 ], [ 108.05, -6.4496 ], [ 108.0539, -6.4537 ], [ 108.0565, -6.4514 ], [ 108.0715, -6.4539 ], [ 108.0716, -6.4472 ], [ 108.077, -6.4472 ], [ 108.0772, -6.4597 ], [ 108.0746, -6.4691 ], [ 108.0764, -6.4774 ] ] ] } },
{ "type": "Feature", "properties": { "district_id": "IDN.9.12.20_1", "name": "Lelea", "kabupaten": "Indramayu", "provinsi": "Jawa Barat" }, "geometry": { "type": "Polygon", "coordinates": [ [ [ 108.2225, -6.536 ], [ 108.2194, -6.5382 ], [ 108.219, -6.5542 ], [ 108.2128, -6.5542 ], [ 108.2086, -6.5513 ], [ 108.2064, -6.5417 ], [ 108.2089, -6.5301 ], [ 108.2132, -6.5226 ], [ 108.209, -6.5106 ], [ 108.2062, -6.5093 ], [ 108.2049, -6.4994 ], [ 108.2092, -6.4943 ], [ 108.2096, -6.4761 ], [ 108.2066, -6.4734 ], [ 108.2091, -6.4722 ], [ 108.2041, -6.4619 ], [ 108.2036, -6.4556 ], [ 108.196, -6.4567 ], [ 108.1981, -6.4304 ], [ 108.1991, -6.4252 ], [ 108.2023, -6.425 ], [ 108.202, -6.4217 ], [ 108.1984, -6.4224 ], [ 108.1973, -6.4198 ], [ 108.2002, -6.4174 ], [ 108.1907, -6.4133 ], [ 108.2043, -6.4102 ], [ 108.2126, -6.4118 ], [ 108.2168, -6.4079 ], [ 108.2197, -6.4109 ], [ 108.2208, -6.4085 ], [ 108.2273, -6.4095 ], [ 108.2279, -6.4171 ], [ 108.2242, -6.4176 ], [ 108.226, -6.4221 ], [ 108.2421, -6.4123 ], [ 108.2468, -6.4129 ], [ 108.2508, -6.4097 ], [ 108.2559, -6.4137 ], [ 108.254, -6.4186 ], [ 108.2577, -6.4213 ], [ 108.259, -6.4259 ], [ 108.2573, -6.4359 ], [ 108.2615, -6.4514 ], [ 108.2548, -6.4564 ], [ 108.2559, -6.4612 ], [ 108.2513, -6.461 ], [ 108.2549, -6.466 ], [ 108.2505, -6.4688 ], [ 108.2523, -6.473 ], [ 108.239, -6.477 ], [ 108.2375, -6.4895 ], [ 108.2328, -6.4946 ], [ 108.2332, -6.4974 ], [ 108.2272, -6.4992 ], [ 108.2229, -6.5069 ], [ 108.2254, -6.5163 ], [ 108.2225, -6.536 ] ] ] } },
{ "type": "Feature", "properties": { "district_id": "IDN.9.12.21_1", "name": "Lohbener", "kabupaten": "Indramayu", "provinsi": "Jawa Barat" }, "geometry": { "type": "Polygon", "coordinates": [ [ [ 108.2905, -6.4267 ], [ 108.2934, -6.4202 ], [ 108.2967, -6.4322 ], [ 108.2942, -6.4398 ], [ 108.2914, -6.4387 ], [ 108.29, -6.4307 ], [ 108.2859, -6.4269 ], [ 108.274, -6.4269 ], [ 108.2703, -6.4198 ], [ 108.2639, -6.4226 ], [ 108.263, -6.4262 ], [ 108.259, -6.4259 ], [ 108.2577, -6.4213 ], [ 108.254, -6.4186 ], [ 108.2551, -6.4117 ], [ 108.2508, -6.4097 ], [ 108.2256, -6.422 ], [ 108.2243, -6.4171 ], [ 108.2279, -6.4171 ], [ 108.228, -6.4098 ], [ 108.2208, -6.4085 ], [ 108.2194, -6.4108 ], [ 108.2168, -6.4079 ], [ 108.2118, -6.4118 ], [ 108.2098, -6.4082 ], [ 108.2117, -6.404 ], [ 108.2086, -6.4063 ], [ 108.204, -6.4017 ], [ 108.2057, -6.4001 ], [ 108.2028, -6.3978 ], [ 108.2106, -6.3949 ], [ 108.213, -6.3966 ], [ 108.2144, -6.3929 ], [ 108.2181, -6.3937 ], [ 108.2215, -6.3883 ], [ 108.2201, -6.3818 ], [ 108.2087, -6.3675 ], [ 108.2129, -6.3661 ], [ 108.2134, -6.37 ], [ 108.2182, -6.3705 ], [ 108.2197, -6.3743 ], [ 108.2334, -6.3745 ], [ 108.2339, -6.3796 ], [ 108.2421, -6.3822 ], [ 108.2516, -6.3917 ], [ 108.259, -6.3899 ], [ 108.2601, -6.3929 ], [ 108.2656, -6.3827 ], [ 108.2703, -6.3859 ], [ 108.2756, -6.3847 ], [ 108.2756, -6.3805 ], [ 108.2822, -6.3817 ], [ 108.2838, -6.3733 ], [ 108.2888, -6.3686 ], [ 108.2883, -6.3621 ], [ 108.2923, -6.3614 ], [ 108.293, -6.3674 ], [ 108.2964, -6.371 ], [ 108.2916, -6.3758 ], [ 108.2978, -6.3791 ], [ 108.2978, -6.3823 ], [ 108.2931, -6.3849 ], [ 108.2882, -6.3959 ], [ 108.2934, -6.4085 ], [ 108.2868, -6.4071 ], [ 108.2855, -6.4096 ], [ 108.2924, -6.4131 ], [ 108.2998, -6.41 ], [ 108.2939, -6.4175 ], [ 108.2858, -6.4189 ], [ 108.2905, -6.4267 ] ] ] } },
{ "type": "Feature", "properties": { "district_id": "IDN.9.12.22_1", "name": "Losarang", "kabupaten": "Indramayu", "provinsi": "Jawa Barat" }, "geometry": { "type": "Polygon", "coordinates": [ [ [ 108.1736, -6.4449 ], [ 108.1674, -6.451 ], [ 108.148, -6.4468 ], [ 108.1514, -6.4384 ], [ 108.1378, -6.4323 ], [ 108.1318, -6.4379 ], [ 108.1286, -6.4322 ], [ 108.1149, -6.4295 ], [ 108.1199, -6.4213 ], [ 108.1225, -6.4082 ], [ 108.1211, -6.4055 ], [ 108.1253, -6.3981 ], [ 108.1239, -6.3864 ], [ 108.1272, -6.381 ], [ 108.1304, -6.3808 ], [ 108.1349, -6.3699 ], [ 108.1414, -6.3639 ], [ 108.1493, -6.3495 ], [ 108.1476, -6.3476 ], [ 108.1507, -6.3398 ], [ 108.1532, -6.339 ], [ 108.1497, -6.3362 ], [ 108.151, -6.3331 ], [ 108.1401, -6.3259 ], [ 108.1358, -6.3201 ], [ 108.1689, -6.3064 ], [ 108.1811, -6.2944 ], [ 108.1896, -6.2962 ], [ 108.1935, -6.2913 ], [ 108.1917, -6.2817 ], [ 108.1945, -6.2788 ], [ 108.202, -6.2789 ], [ 108.2042, -6.2814 ], [ 108.2066, -6.2794 ], [ 108.2083, -6.281 ], [ 108.2045, -6.2864 ], [ 108.2199, -6.3018 ], [ 108.2273, -6.3144 ], [ 108.2257, -6.3211 ], [ 108.2292, -6.3204 ], [ 108.2321, -6.3258 ], [ 108.2266, -6.3264 ], [ 108.2258, -6.3285 ], [ 108.2292, -6.3316 ], [ 108.2239, -6.3355 ], [ 108.2157, -6.3349 ], [ 108.2082, -6.3454 ], [ 108.2088, -6.352 ], [ 108.2033, -6.3529 ], [ 108.2047, -6.3608 ], [ 108.2067, -6.3609 ], [ 108.209, -6.3684 ], [ 108.2201, -6.3818 ], [ 108.2215, -6.3883 ], [ 108.2181, -6.3937 ], [ 108.2144, -6.3929 ], [ 108.2129, -6.3966 ], [ 108.2106, -6.3949 ], [ 108.2029, -6.3973 ], [ 108.2086, -6.4063 ], [ 108.2117, -6.404 ], [ 108.2098, -6.4082 ], [ 108.2115, -6.411 ], [ 108.2043, -6.4102 ], [ 108.1907, -6.4133 ], [ 108.2002, -6.4174 ], [ 108.1973, -6.4198 ], [ 108.1984, -6.4224 ], [ 108.202, -6.4217 ], [ 108.2023, -6.425 ], [ 108.1991, -6.4252 ], [ 108.1981, -6.4304 ], [ 108.1983, -6.4441 ], [ 108.1736, -6.4449 ] ] ] } },
{ "type": "Feature", "properties": { "district_id": "IDN.9.12.23_1", "name": "Pasekan", "kabupaten": "Indramayu", "provinsi": "Jawa Barat" }, "geometry": { "type": "MultiPolygon", "coordinates": [ [ [ [ 108.3303, -6.3091 ], [ 108.3261, -6.3097 ], [ 108.3255, -6.3143 ], [ 108.3204, -6.3112 ], [ 108.3213, -6.3078 ], [ 108.311, -6.3018 ], [ 108.2864, -6.3001 ], [ 108.2862, -6.3022 ], [ 108.271, -6.299 ], [ 108.2647, -6.2908 ], [ 108.2647, -6.2877 ], [ 108.2482, -6.2772 ], [ 108.2459, -6.2666 ], [ 108.2372, -6.2631 ], [ 108.2344, -6.2518 ], [ 108.2376, -6.2472 ], [ 108.2367, -6.2441 ], [ 108.2404, -6.243 ], [ 108.2374, -6.2389 ], [ 108.2312, -6.2368 ], [ 108.2373, -6.2378 ], [ 108.2625, -6.2482 ], [ 108.2777, -6.2491 ], [ 108.2882, -6.2456 ], [ 108.2998, -6.2488 ], [ 108.3278, -6.2634 ], [ 108.3269, -6.2681 ], [ 108.3349, -6.2748 ], [ 108.3389, -6.2727 ], [ 108.3419, -6.2558 ], [ 108.3407, -6.2463 ], [ 108.36, -6.2455 ], [ 108.3632, -6.2622 ], [ 108.3653, -6.2617 ], [ 108.364, -6.2663 ], [ 108.3747, -6.2952 ], [ 108.3683, -6.2898 ], [ 108.3542, -6.2888 ], [ 108.3513, -6.2999 ], [ 108.3538, -6.3041 ], [ 108.3319, -6.3058 ], [ 108.3303, -6.3091 ] ] ], [ [ [ 108.3675, -6.2713 ], [ 108.3669, -6.2683 ], [ 108.3661, -6.266 ], [ 108.3668, -6.2669 ], [ 108.3675, -6.2713 ] ] ] ] } },
{ "type": "Feature", "properties": { "district_id": "IDN.9.12.24_1", "name": "Patrol", "kabupaten": "Indramayu", "provinsi": "Jawa Barat" }, "geometry": { "type": "Polygon", "coordinates": [ [ [ 107.9954, -6.3667 ], [ 107.9948, -6.3535 ], [ 107.9841, -6.3527 ], [ 107.9782, -6.3618 ], [ 107.9751, -6.3607 ], [ 107.9831, -6.3484 ], [ 107.9812, -6.3426 ], [ 107.9791, -6.3423 ], [ 107.9805, -6.3372 ], [ 107.9649, -6.3313 ], [ 107.9686, -6.3295 ], [ 107.9702, -6.3245 ], [ 107.9742, -6.3233 ], [ 107.9849, -6.3024 ], [ 107.9759, -6.3008 ], [ 107.9769, -6.2966 ], [ 107.9728, -6.2964 ], [ 107.9795, -6.2731 ], [ 108.035, -6.3053 ], [ 108.0351, -6.3248 ], [ 108.0258, -6.332 ], [ 108.0262, -6.3455 ], [ 108.012, -6.3522 ], [ 107.9954, -6.3667 ] ] ] } },
{ "type": "Feature", "properties": { "district_id": "IDN.9.12.25_1", "name": "Sindang", "kabupaten": "Indramayu", "provinsi": "Jawa Barat" }, "geometry": { "type": "Polygon", "coordinates": [ [ [ 108.3162, -6.3544 ], [ 108.3223, -6.356 ], [ 108.3216, -6.3614 ], [ 108.3246, -6.3668 ], [ 108.3195, -6.3677 ], [ 108.3189, -6.3619 ], [ 108.3142, -6.3617 ], [ 108.3165, -6.366 ], [ 108.3114, -6.37 ], [ 108.3146, -6.3731 ], [ 108.3127, -6.3755 ], [ 108.3067, -6.3731 ], [ 108.3022, -6.3764 ], [ 108.2972, -6.376 ], [ 108.2967, -6.3789 ], [ 108.2917, -6.376 ], [ 108.2963, -6.3691 ], [ 108.293, -6.3674 ], [ 108.2923, -6.3614 ], [ 108.2858, -6.3611 ], [ 108.2859, -6.3529 ], [ 108.2813, -6.3481 ], [ 108.2814, -6.3336 ], [ 108.2734, -6.3282 ], [ 108.2579, -6.3024 ], [ 108.2646, -6.3048 ], [ 108.271, -6.299 ], [ 108.2862, -6.3022 ], [ 108.2864, -6.3001 ], [ 108.3096, -6.3016 ], [ 108.3213, -6.3078 ], [ 108.3204, -6.3112 ], [ 108.3255, -6.3143 ], [ 108.3245, -6.3166 ], [ 108.3206, -6.3144 ], [ 108.3186, -6.3169 ], [ 108.324, -6.3316 ], [ 108.3234, -6.339 ], [ 108.3209, -6.3402 ], [ 108.3173, -6.3371 ], [ 108.3173, -6.3489 ], [ 108.3112, -6.3487 ], [ 108.3162, -6.3544 ] ] ] } },
{ "type": "Feature", "properties": { "district_id": "IDN.9.12.26_1", "name": "Sliyeg", "kabupaten": "Indramayu", "provinsi": "Jawa Barat" }, "geometry": { "type": "Polygon", "coordinates": [ [ [ 108.3246, -6.4954 ], [ 108.3239, -6.4826 ], [ 108.3199, -6.4773 ], [ 108.3232, -6.4684 ], [ 108.3203, -6.4542 ], [ 108.3235, -6.4527 ], [ 108.3202, -6.4502 ], [ 108.3241, -6.4477 ], [ 108.3212, -6.4461 ], [ 108.3212, -6.438 ], [ 108.3278, -6.4276 ], [ 108.3288, -6.419 ], [ 108.3372, -6.4174 ], [ 108.3395, -6.3972 ], [ 108.346, -6.3935 ], [ 108.3489, -6.3887 ], [ 108.3531, -6.3879 ], [ 108.3546, -6.3955 ], [ 108.3575, -6.3956 ], [ 108.357, -6.404 ], [ 108.3627, -6.405 ], [ 108.3636, -6.4212 ], [ 108.3701, -6.4228 ], [ 108.3736, -6.4288 ], [ 108.381, -6.43 ], [ 108.3749, -6.4452 ], [ 108.3805, -6.45 ], [ 108.3794, -6.4616 ], [ 108.3753, -6.4648 ], [ 108.372, -6.4615 ], [ 108.3718, -6.4777 ], [ 108.3749, -6.4773 ], [ 108.3753, -6.4727 ], [ 108.3784, -6.4732 ], [ 108.3794, -6.4858 ], [ 108.3468, -6.4869 ], [ 108.3429, -6.4952 ], [ 108.3391, -6.4967 ], [ 108.3392, -6.5036 ], [ 108.329, -6.5021 ], [ 108.3246, -6.4954 ] ] ] } },
{ "type": "Feature", "properties": { "district_id": "IDN.9.12.27_1", "name": "Sukagumiwang", "kabupaten": "Indramayu", "provinsi": "Jawa Barat" }, "geometry": { "type": "Polygon", "coordinates": [ [ [ 108.3147, -6.6082 ], [ 108.3111, -6.6215 ], [ 108.3053, -6.6239 ], [ 108.3051, -6.6195 ], [ 108.3021, -6.6205 ], [ 108.3004, -6.6164 ], [ 108.2942, -6.6128 ], [ 108.2943, -6.6026 ], [ 108.2885, -6.5968 ], [ 108.2877, -6.5925 ], [ 108.2947, -6.5924 ], [ 108.2973, -6.5862 ], [ 108.3022, -6.585 ], [ 108.303, -6.5749 ], [ 108.3076, -6.5691 ], [ 108.3059, -6.5669 ], [ 108.3091, -6.5686 ], [ 108.3149, -6.5639 ], [ 108.328, -6.5602 ], [ 108.3283, -6.547 ], [ 108.3351, -6.5464 ], [ 108.3384, -6.5421 ], [ 108.3447, -6.5415 ], [ 108.3504, -6.5472 ], [ 108.3516, -6.5533 ], [ 108.3609, -6.5548 ], [ 108.3536, -6.5756 ], [ 108.3481, -6.5778 ], [ 108.3312, -6.5941 ], [ 108.3283, -6.5993 ], [ 108.3307, -6.6079 ], [ 108.3255, -6.613 ], [ 108.3236, -6.6208 ], [ 108.3147, -6.6082 ] ] ] } },
{ "type": "Feature", "properties": { "district_id": "IDN.9.12.28_1", "name": "Sukra", "kabupaten": "Indramayu", "provinsi": "Jawa Barat" }, "geometry": { "type": "Polygon", "coordinates": [ [ [ 107.9351, -6.316 ], [ 107.9245, -6.348 ], [ 107.9256, -6.354 ], [ 107.9216, -6.354 ], [ 107.9167, -6.3472 ], [ 107.9197, -6.3404 ], [ 107.9243, -6.34 ], [ 107.9283, -6.3275 ], [ 107.9239, -6.3241 ], [ 107.918, -6.3235 ], [ 107.9216, -6.322 ], [ 107.928, -6.3249 ], [ 107.9301, -6.3186 ], [ 107.9271, -6.3122 ], [ 107.9305, -6.3097 ], [ 107.9296, -6.308 ], [ 107.9273, -6.3114 ], [ 107.9219, -6.3108 ], [ 107.9235, -6.3029 ], [ 107.9218, -6.2956 ], [ 107.925, -6.2909 ], [ 107.9229, -6.2882 ], [ 107.9245, -6.2854 ], [ 107.9215, -6.2834 ], [ 107.9254, -6.2796 ], [ 107.9207, -6.2768 ], [ 107.9214, -6.2743 ], [ 107.9181, -6.2711 ], [ 107.9152, -6.2738 ], [ 107.9155, -6.2707 ], [ 107.9118, -6.2698 ], [ 107.9147, -6.2678 ], [ 107.918, -6.2692 ], [ 107.9259, -6.2617 ], [ 107.9264, -6.2564 ], [ 107.9191, -6.2489 ], [ 107.948, -6.2566 ], [ 107.9795, -6.2731 ], [ 107.9728, -6.2964 ], [ 107.9769, -6.2966 ], [ 107.9759, -6.3008 ], [ 107.9849, -6.3024 ], [ 107.9732, -6.3244 ], [ 107.9702, -6.3245 ], [ 107.9672, -6.319 ], [ 107.9559, -6.3214 ], [ 107.9553, -6.3149 ], [ 107.9421, -6.3183 ], [ 107.9351, -6.316 ] ] ] } },
{ "type": "Feature", "properties": { "district_id": "IDN.9.12.29_1", "name": "Terisi", "kabupaten": "Indramayu", "provinsi": "Jawa Barat" }, "geometry": { "type": "Polygon", "coordinates": [ [ [ 107.9853, -6.5786 ], [ 108.0241, -6.579 ], [ 108.0284, -6.5703 ], [ 108.0225, -6.5667 ], [ 108.0256, -6.5645 ], [ 108.0777, -6.5609 ], [ 108.0792, -6.5332 ], [ 108.092, -6.5232 ], [ 108.0956, -6.511 ], [ 108.1054, -6.5014 ], [ 108.105, -6.4981 ], [ 108.1087, -6.4936 ], [ 108.1089, -6.4801 ], [ 108.1063, -6.4781 ], [ 108.106, -6.4732 ], [ 108.1152, -6.4702 ], [ 108.116, -6.467 ], [ 108.119, -6.4664 ], [ 108.1191, -6.4606 ], [ 108.1259, -6.454 ], [ 108.1246, -6.4506 ], [ 108.1189, -6.4513 ], [ 108.1075, -6.4467 ], [ 108.1107, -6.4324 ], [ 108.1142, -6.4297 ], [ 108.1286, -6.4322 ], [ 108.1304, -6.4374 ], [ 108.1332, -6.438 ], [ 108.1378, -6.4323 ], [ 108.1514, -6.4384 ], [ 108.148, -6.4468 ], [ 108.1596, -6.4478 ], [ 108.1669, -6.451 ], [ 108.173, -6.445 ], [ 108.1915, -6.4448 ], [ 108.1902, -6.4492 ], [ 108.183, -6.4544 ], [ 108.1785, -6.4543 ], [ 108.1773, -6.4607 ], [ 108.1642, -6.4636 ], [ 108.1657, -6.4664 ], [ 108.1638, -6.4696 ], [ 108.1698, -6.4691 ], [ 108.1687, -6.4639 ], [ 108.1807, -6.4624 ], [ 108.1769, -6.4795 ], [ 108.1718, -6.4759 ], [ 108.1648, -6.4889 ], [ 108.1559, -6.4907 ], [ 108.1572, -6.5012 ], [ 108.1499, -6.5104 ], [ 108.1458, -6.51 ], [ 108.1467, -6.5117 ], [ 108.1458, -6.5123 ], [ 108.1389, -6.5105 ], [ 108.1335, -6.5157 ], [ 108.1328, -6.5203 ], [ 108.1305, -6.518 ], [ 108.1262, -6.521 ], [ 108.1284, -6.5291 ], [ 108.1254, -6.5296 ], [ 108.1267, -6.5367 ], [ 108.125, -6.5372 ], [ 108.1288, -6.5411 ], [ 108.1274, -6.5443 ], [ 108.1222, -6.5432 ], [ 108.123, -6.5408 ], [ 108.1215, -6.5426 ], [ 108.1198, -6.5412 ], [ 108.1161, -6.5531 ], [ 108.1133, -6.554 ], [ 108.1125, -6.552 ], [ 108.1064, -6.5555 ], [ 108.1075, -6.5587 ], [ 108.1048, -6.5621 ], [ 108.0993, -6.5622 ], [ 108.0972, -6.5648 ], [ 108.0978, -6.5623 ], [ 108.0939, -6.5628 ], [ 108.0918, -6.568 ], [ 108.0858, -6.5729 ], [ 108.078, -6.5748 ], [ 108.0779, -6.5769 ], [ 108.0734, -6.5752 ], [ 108.075, -6.5767 ], [ 108.0733, -6.5795 ], [ 108.0755, -6.5801 ], [ 108.0738, -6.5816 ], [ 108.0766, -6.5825 ], [ 108.0745, -6.5836 ], [ 108.0744, -6.589 ], [ 108.071, -6.5882 ], [ 108.0736, -6.5896 ], [ 108.0722, -6.5947 ], [ 108.0743, -6.5965 ], [ 108.0692, -6.6014 ], [ 108.0726, -6.6022 ], [ 108.0699, -6.6034 ], [ 108.0689, -6.6085 ], [ 108.0712, -6.6094 ], [ 108.0709, -6.6141 ], [ 108.0678, -6.6129 ], [ 108.0669, -6.6165 ], [ 108.0649, -6.6147 ], [ 108.0595, -6.6201 ], [ 108.0573, -6.6188 ], [ 108.0583, -6.6225 ], [ 108.0551, -6.6211 ], [ 108.0491, -6.6234 ], [ 108.0523, -6.6269 ], [ 108.0459, -6.6293 ], [ 108.048, -6.6301 ], [ 108.0476, -6.6332 ], [ 108.0441, -6.6312 ], [ 108.0458, -6.6335 ], [ 108.0422, -6.6371 ], [ 108.0428, -6.6406 ], [ 108.0351, -6.6408 ], [ 108.032, -6.6369 ], [ 108.0349, -6.6473 ], [ 108.0324, -6.652 ], [ 108.0348, -6.6546 ], [ 108.0287, -6.6564 ], [ 108.0302, -6.6596 ], [ 108.0249, -6.6696 ], [ 108.0275, -6.6741 ], [ 108.0248, -6.674 ], [ 108.0253, -6.6779 ], [ 108.0204, -6.6762 ], [ 108.0199, -6.6736 ], [ 108.0167, -6.6762 ], [ 108.0116, -6.675 ], [ 108.0126, -6.6722 ], [ 108.0083, -6.6743 ], [ 108.0088, -6.6716 ], [ 108.0057, -6.6702 ], [ 108.0046, -6.6726 ], [ 107.9966, -6.6672 ], [ 107.9887, -6.6695 ], [ 107.9857, -6.6622 ], [ 107.9771, -6.6545 ], [ 107.9709, -6.6398 ], [ 107.9756, -6.635 ], [ 107.9702, -6.6237 ], [ 107.9666, -6.6209 ], [ 107.9656, -6.6067 ], [ 107.971, -6.6028 ], [ 107.9742, -6.5912 ], [ 107.9773, -6.5906 ], [ 107.9853, -6.5786 ] ] ] } },
{ "type": "Feature", "properties": { "district_id": "IDN.9.12.30_1", "name": "Tukdana", "kabupaten": "Indramayu", "provinsi": "Jawa Barat" }, "geometry": { "type": "Polygon", "coordinates": [ [ [ 108.2929, -6.6012 ], [ 108.293, -6.6092 ], [ 108.287, -6.6092 ], [ 108.2855, -6.6117 ], [ 108.2876, -6.6153 ], [ 108.2939, -6.6154 ], [ 108.2925, -6.6209 ], [ 108.2808, -6.6206 ], [ 108.2752, -6.6165 ], [ 108.2726, -6.6096 ], [ 108.2763, -6.5915 ], [ 108.2637, -6.5874 ], [ 108.2519, -6.5872 ], [ 108.2101, -6.5732 ], [ 108.2194, -6.5532 ], [ 108.2195, -6.5427 ], [ 108.2475, -6.5346 ], [ 108.2544, -6.5349 ], [ 108.2641, -6.5285 ], [ 108.2622, -6.524 ], [ 108.2675, -6.5224 ], [ 108.2862, -6.5245 ], [ 108.2903, -6.5312 ], [ 108.301, -6.5262 ], [ 108.3134, -6.5347 ], [ 108.3306, -6.5364 ], [ 108.337, -6.5431 ], [ 108.3351, -6.5464 ], [ 108.3278, -6.5477 ], [ 108.3284, -6.5599 ], [ 108.3149, -6.5639 ], [ 108.3091, -6.5686 ], [ 108.3056, -6.5673 ], [ 108.3076, -6.5691 ], [ 108.303, -6.5749 ], [ 108.3022, -6.585 ], [ 108.2973, -6.5862 ], [ 108.2947, -6.5924 ], [ 108.2877, -6.5925 ], [ 108.2885, -6.5968 ], [ 108.2929, -6.6012 ] ] ] } },
{ "type": "Feature", "properties": { "district_id": "IDN.9.12.31_1", "name": "Widasari", "kabupaten": "Indramayu", "provinsi": "Jawa Barat" }, "geometry": { "type": "Polygon", "coordinates": [ [ [ 108.2669, -6.4962 ], [ 108.2514, -6.5009 ], [ 108.2445, -6.4918 ], [ 108.2368, -6.4903 ], [ 108.239, -6.477 ], [ 108.2523, -6.473 ], [ 108.2505, -6.4688 ], [ 108.2549, -6.466 ], [ 108.2513, -6.461 ], [ 108.2559, -6.4612 ], [ 108.2548, -6.4564 ], [ 108.2615, -6.4514 ], [ 108.2573, -6.4359 ], [ 108.2588, -6.4262 ], [ 108.263, -6.4262 ], [ 108.2637, -6.4228 ], [ 108.2692, -6.4196 ], [ 108.2734, -6.4231 ], [ 108.274, -6.4269 ], [ 108.2859, -6.4269 ], [ 108.29, -6.4307 ], [ 108.2929, -6.4399 ], [ 108.3013, -6.4385 ], [ 108.299, -6.4429 ], [ 108.2934, -6.4442 ], [ 108.2922, -6.45 ], [ 108.2955, -6.4461 ], [ 108.3001, -6.4478 ], [ 108.2999, -6.4509 ], [ 108.2941, -6.4513 ], [ 108.2996, -6.4585 ], [ 108.2901, -6.4577 ], [ 108.2914, -6.4634 ], [ 108.302, -6.4731 ], [ 108.2994, -6.479 ], [ 108.3033, -6.4824 ], [ 108.3043, -6.4886 ], [ 108.3033, -6.4915 ], [ 108.2957, -6.4952 ], [ 108.2749, -6.4984 ], [ 108.2731, -6.5049 ], [ 108.2696, -6.5036 ], [ 108.2669, -6.4962 ] ] ] } },
{ "type": "Feature", "properties": { "district_id": "IDN.9.13.1_1", "name": "Banyusari", "kabupaten": "Karawang", "provinsi": "Jawa Barat" }, "geometry": { "type": "Polygon", "coordinates": [ [ [ 107.5707, -6.3329 ], [ 107.5728, -6.3326 ], [ 107.568, -6.3366 ], [ 107.5686, -6.3389 ], [ 107.5707, -6.3373 ], [ 107.5705, -6.341 ], [ 107.566, -6.346 ], [ 107.5491, -6.3406 ], [ 107.5432, -6.3296 ], [ 107.5288, -6.3271 ], [ 107.5236, -6.3286 ], [ 107.5253, -6.3224 ], [ 107.5222, -6.318 ], [ 107.5224, -6.312 ], [ 107.5054, -6.3155 ], [ 107.511, -6.3062 ], [ 107.5031, -6.3029 ], [ 107.4986, -6.3053 ], [ 107.4951, -6.3176 ], [ 107.4872, -6.3205 ], [ 107.4884, -6.3064 ], [ 107.4912, -6.3001 ], [ 107.4897, -6.2962 ], [ 107.4868, -6.2964 ], [ 107.4828, -6.2912 ], [ 107.4879, -6.2837 ], [ 107.5, -6.2857 ], [ 107.5057, -6.2811 ], [ 107.5092, -6.2721 ], [ 107.5123, -6.2708 ], [ 107.5291, -6.2714 ], [ 107.5306, -6.2764 ], [ 107.5381, -6.272 ], [ 107.5555, -6.2752 ], [ 107.5675, -6.2801 ], [ 107.5714, -6.2791 ], [ 107.5713, -6.2847 ], [ 107.5819, -6.2864 ], [ 107.5861, -6.2947 ], [ 107.5847, -6.2985 ], [ 107.5802, -6.3006 ], [ 107.5788, -6.3066 ], [ 107.5813, -6.3066 ], [ 107.5799, -6.3088 ], [ 107.5827, -6.3122 ], [ 107.5799, -6.3137 ], [ 107.5789, -6.3227 ], [ 107.5763, -6.3284 ], [ 107.5707, -6.3329 ] ] ] } },
{ "type": "Feature", "properties": { "district_id": "IDN.9.13.2_1", "name": "Batujaya", "kabupaten": "Karawang", "provinsi": "Jawa Barat" }, "geometry": { "type": "Polygon", "coordinates": [ [ [ 107.2366, -6.1044 ], [ 107.2301, -6.1026 ], [ 107.2216, -6.1039 ], [ 107.2026, -6.0935 ], [ 107.1903, -6.0899 ], [ 107.187, -6.0863 ], [ 107.1884, -6.0803 ], [ 107.1857, -6.0766 ], [ 107.177, -6.0817 ], [ 107.1596, -6.0677 ], [ 107.1516, -6.0728 ], [ 107.1433, -6.071 ], [ 107.1525, -6.0597 ], [ 107.154, -6.0483 ], [ 107.1588, -6.0399 ], [ 107.1571, -6.0357 ], [ 107.1608, -6.0282 ], [ 107.1585, -6.0148 ], [ 107.1616, -6.0055 ], [ 107.1697, -5.997 ], [ 107.1703, -5.9875 ], [ 107.1847, -5.9883 ], [ 107.1871, -5.9904 ], [ 107.1867, -5.9954 ], [ 107.1908, -5.9969 ], [ 107.1932, -5.9952 ], [ 107.1957, -6.004 ], [ 107.2082, -6.0089 ], [ 107.214, -6.0148 ], [ 107.2174, -6.0354 ], [ 107.2132, -6.0528 ], [ 107.2216, -6.0579 ], [ 107.2222, -6.0622 ], [ 107.2187, -6.0715 ], [ 107.2246, -6.074 ], [ 107.2317, -6.0687 ], [ 107.2319, -6.066 ], [ 107.2353, -6.0653 ], [ 107.2361, -6.0602 ], [ 107.2386, -6.061 ], [ 107.2383, -6.0635 ], [ 107.244, -6.068 ], [ 107.2447, -6.0826 ], [ 107.2478, -6.086 ], [ 107.2488, -6.0991 ], [ 107.2535, -6.107 ], [ 107.2482, -6.1086 ], [ 107.2479, -6.1024 ], [ 107.2457, -6.1008 ], [ 107.2366, -6.1044 ] ] ] } },
{ "type": "Feature", "properties": { "district_id": "IDN.9.13.3_1", "name": "Ciampel", "kabupaten": "Karawang", "provinsi": "Jawa Barat" }, "geometry": { "type": "Polygon", "coordinates": [ [ [ 107.3732, -6.4683 ], [ 107.3729, -6.4748 ], [ 107.3811, -6.4812 ], [ 107.3822, -6.4882 ], [ 107.3892, -6.4912 ], [ 107.3903, -6.4998 ], [ 107.375, -6.4952 ], [ 107.3667, -6.4967 ], [ 107.3504, -6.4856 ], [ 107.3403, -6.4881 ], [ 107.3275, -6.4845 ], [ 107.3058, -6.491 ], [ 107.2987, -6.4965 ], [ 107.2947, -6.493 ], [ 107.2943, -6.4865 ], [ 107.2905, -6.4829 ], [ 107.2961, -6.481 ], [ 107.3006, -6.4531 ], [ 107.3096, -6.4407 ], [ 107.3048, -6.4281 ], [ 107.2995, -6.4237 ], [ 107.2999, -6.4205 ], [ 107.2876, -6.4221 ], [ 107.2815, -6.4173 ], [ 107.2788, -6.4186 ], [ 107.2753, -6.4092 ], [ 107.2779, -6.4093 ], [ 107.2786, -6.4055 ], [ 107.2824, -6.4054 ], [ 107.2878, -6.3925 ], [ 107.2852, -6.3882 ], [ 107.2953, -6.3815 ], [ 107.2952, -6.3762 ], [ 107.3021, -6.3698 ], [ 107.3061, -6.3571 ], [ 107.3112, -6.3605 ], [ 107.3123, -6.3582 ], [ 107.3186, -6.3592 ], [ 107.3216, -6.3568 ], [ 107.3261, -6.3629 ], [ 107.3302, -6.3584 ], [ 107.3338, -6.3588 ], [ 107.3462, -6.3684 ], [ 107.3393, -6.3712 ], [ 107.3457, -6.3736 ], [ 107.3498, -6.3859 ], [ 107.354, -6.387 ], [ 107.3584, -6.3837 ], [ 107.3659, -6.3825 ], [ 107.3681, -6.3853 ], [ 107.3673, -6.3934 ], [ 107.3757, -6.3957 ], [ 107.3762, -6.4 ], [ 107.3667, -6.3999 ], [ 107.3619, -6.4021 ], [ 107.3594, -6.4066 ], [ 107.3616, -6.4117 ], [ 107.3665, -6.4112 ], [ 107.3736, -6.4168 ], [ 107.3782, -6.4378 ], [ 107.3788, -6.4509 ], [ 107.3763, -6.4546 ], [ 107.3708, -6.4553 ], [ 107.3697, -6.4595 ], [ 107.3744, -6.465 ], [ 107.3804, -6.4661 ], [ 107.3732, -6.4683 ] ] ] } },
{ "type": "Feature", "properties": { "district_id": "IDN.9.13.4_1", "name": "Cibuaya", "kabupaten": "Karawang", "provinsi": "Jawa Barat" }, "geometry": { "type": "Polygon", "coordinates": [ [ [ 107.3682, -6.0447 ], [ 107.3524, -6.0671 ], [ 107.3563, -6.0795 ], [ 107.3336, -6.0796 ], [ 107.3274, -6.1008 ], [ 107.3197, -6.0965 ], [ 107.3231, -6.0889 ], [ 107.3195, -6.0832 ], [ 107.3209, -6.0758 ], [ 107.3177, -6.0715 ], [ 107.3124, -6.0727 ], [ 107.3118, -6.0626 ], [ 107.3044, -6.0587 ], [ 107.3081, -6.0412 ], [ 107.2961, -6.0419 ], [ 107.2967, -6.0368 ], [ 107.2928, -6.0361 ], [ 107.2961, -6.0221 ], [ 107.2871, -6.0196 ], [ 107.2932, -5.9925 ], [ 107.2931, -5.9829 ], [ 107.2818, -5.9927 ], [ 107.2706, -5.978 ], [ 107.2659, -5.9824 ], [ 107.2553, -5.9822 ], [ 107.2543, -5.9793 ], [ 107.2487, -5.9776 ], [ 107.2474, -5.9797 ], [ 107.2418, -5.9755 ], [ 107.2395, -5.9778 ], [ 107.2402, -5.974 ], [ 107.233, -5.9746 ], [ 107.2322, -5.9726 ], [ 107.2774, -5.96 ], [ 107.298, -5.9577 ], [ 107.3292, -5.9649 ], [ 107.3406, -5.9695 ], [ 107.3507, -5.9769 ], [ 107.3746, -6.0002 ], [ 107.3942, -6.0244 ], [ 107.3905, -6.0269 ], [ 107.3927, -6.0315 ], [ 107.3902, -6.0333 ], [ 107.3881, -6.0294 ], [ 107.3839, -6.0347 ], [ 107.3918, -6.0546 ], [ 107.3867, -6.0617 ], [ 107.3789, -6.059 ], [ 107.375, -6.0524 ], [ 107.3696, -6.0493 ], [ 107.3682, -6.0447 ] ] ] } },
{ "type": "Feature", "properties": { "district_id": "IDN.9.13.5_1", "name": "Cikampek", "kabupaten": "Karawang", "provinsi": "Jawa Barat" }, "geometry": { "type": "Polygon", "coordinates": [ [ [ 107.4624, -6.4249 ], [ 107.4583, -6.4315 ], [ 107.4589, -6.4369 ], [ 107.4519, -6.4441 ], [ 107.4402, -6.446 ], [ 107.4348, -6.4529 ], [ 107.4257, -6.4443 ], [ 107.4233, -6.4394 ], [ 107.4258, -6.4348 ], [ 107.4221, -6.4354 ], [ 107.4204, -6.4297 ], [ 107.4147, -6.4267 ], [ 107.405, -6.4299 ], [ 107.399, -6.4251 ], [ 107.4019, -6.4179 ], [ 107.4004, -6.4144 ], [ 107.4022, -6.4067 ], [ 107.4169, -6.4016 ], [ 107.422, -6.387 ], [ 107.4259, -6.3878 ], [ 107.427, -6.3806 ], [ 107.4488, -6.3799 ], [ 107.456, -6.382 ], [ 107.455, -6.387 ], [ 107.4652, -6.3941 ], [ 107.4592, -6.4032 ], [ 107.4636, -6.4052 ], [ 107.4639, -6.4084 ], [ 107.4709, -6.4086 ], [ 107.4676, -6.4143 ], [ 107.4597, -6.4179 ], [ 107.4621, -6.4199 ], [ 107.4624, -6.4249 ] ] ] } },
{ "type": "Feature", "properties": { "district_id": "IDN.9.13.6_1", "name": "Cilamaya Kulon", "kabupaten": "Karawang", "provinsi": "Jawa Barat" }, "geometry": { "type": "Polygon", "coordinates": [ [ [ 107.5275, -6.2704 ], [ 107.5099, -6.2715 ], [ 107.5057, -6.2811 ], [ 107.5, -6.2857 ], [ 107.4879, -6.2837 ], [ 107.4875, -6.28 ], [ 107.4949, -6.2689 ], [ 107.4986, -6.2373 ], [ 107.4904, -6.2334 ], [ 107.485, -6.2274 ], [ 107.4875, -6.2177 ], [ 107.4851, -6.2095 ], [ 107.4874, -6.2033 ], [ 107.4826, -6.2028 ], [ 107.4828, -6.1989 ], [ 107.4765, -6.1968 ], [ 107.4776, -6.1923 ], [ 107.4752, -6.1885 ], [ 107.4755, -6.1864 ], [ 107.4791, -6.1858 ], [ 107.4828, -6.1769 ], [ 107.49, -6.1722 ], [ 107.4988, -6.175 ], [ 107.4986, -6.1822 ], [ 107.5039, -6.1816 ], [ 107.5085, -6.1773 ], [ 107.5122, -6.1638 ], [ 107.5295, -6.1738 ], [ 107.5513, -6.1802 ], [ 107.5473, -6.1835 ], [ 107.5452, -6.1949 ], [ 107.5528, -6.2032 ], [ 107.5504, -6.21 ], [ 107.5533, -6.2125 ], [ 107.5497, -6.2118 ], [ 107.5492, -6.2152 ], [ 107.5461, -6.2137 ], [ 107.5419, -6.2218 ], [ 107.5509, -6.2259 ], [ 107.5424, -6.2442 ], [ 107.538, -6.2474 ], [ 107.5365, -6.2544 ], [ 107.534, -6.2547 ], [ 107.532, -6.2609 ], [ 107.5279, -6.2635 ], [ 107.5275, -6.2704 ] ] ] } },
{ "type": "Feature", "properties": { "district_id": "IDN.9.13.7_1", "name": "Cilamaya Wetan", "kabupaten": "Karawang", "provinsi": "Jawa Barat" }, "geometry": { "type": "Polygon", "coordinates": [ [ [ 107.5729, -6.2857 ], [ 107.5714, -6.2791 ], [ 107.5675, -6.2801 ], [ 107.5555, -6.2752 ], [ 107.5381, -6.272 ], [ 107.5306, -6.2764 ], [ 107.5298, -6.2717 ], [ 107.5271, -6.2709 ], [ 107.5279, -6.2635 ], [ 107.532, -6.2609 ], [ 107.534, -6.2547 ], [ 107.5365, -6.2544 ], [ 107.538, -6.2474 ], [ 107.5424, -6.2442 ], [ 107.5509, -6.2259 ], [ 107.5419, -6.2218 ], [ 107.5461, -6.2137 ], [ 107.5492, -6.2152 ], [ 107.5497, -6.2118 ], [ 107.5533, -6.2125 ], [ 107.5504, -6.21 ], [ 107.5528, -6.2032 ], [ 107.5453, -6.1954 ], [ 107.5473, -6.1835 ], [ 107.5513, -6.1802 ], [ 107.564, -6.1816 ], [ 107.5764, -6.188 ], [ 107.5879, -6.1903 ], [ 107.6244, -6.1892 ], [ 107.6343, -6.2084 ], [ 107.6435, -6.2149 ], [ 107.6412, -6.2166 ], [ 107.6399, -6.2146 ], [ 107.63, -6.2242 ], [ 107.6223, -6.2221 ], [ 107.6087, -6.2354 ], [ 107.6004, -6.2379 ], [ 107.6001, -6.241 ], [ 107.6026, -6.2427 ], [ 107.5994, -6.253 ], [ 107.5921, -6.2509 ], [ 107.5807, -6.2564 ], [ 107.5839, -6.2601 ], [ 107.5817, -6.2664 ], [ 107.5782, -6.268 ], [ 107.5789, -6.2804 ], [ 107.5819, -6.2864 ], [ 107.5729, -6.2857 ] ] ] } },
{ "type": "Feature", "properties": { "district_id": "IDN.9.13.8_1", "name": "Cilebar", "kabupaten": "Karawang", "provinsi": "Jawa Barat" }, "geometry": { "type": "Polygon", "coordinates": [ [ [ 107.4224, -6.1885 ], [ 107.4134, -6.1717 ], [ 107.4028, -6.1729 ], [ 107.3939, -6.1793 ], [ 107.3956, -6.182 ], [ 107.3925, -6.1878 ], [ 107.3864, -6.1849 ], [ 107.3838, -6.1885 ], [ 107.3808, -6.1885 ], [ 107.383, -6.1751 ], [ 107.3817, -6.1559 ], [ 107.3666, -6.1511 ], [ 107.3662, -6.1469 ], [ 107.3595, -6.1415 ], [ 107.3676, -6.1378 ], [ 107.3701, -6.1289 ], [ 107.3749, -6.1285 ], [ 107.375, -6.1308 ], [ 107.3864, -6.1328 ], [ 107.3917, -6.1221 ], [ 107.3895, -6.1158 ], [ 107.3977, -6.1156 ], [ 107.3998, -6.1103 ], [ 107.4072, -6.1083 ], [ 107.4071, -6.104 ], [ 107.4048, -6.1031 ], [ 107.4086, -6.0977 ], [ 107.3993, -6.0855 ], [ 107.408, -6.0797 ], [ 107.4033, -6.0764 ], [ 107.4078, -6.0711 ], [ 107.4178, -6.0643 ], [ 107.4333, -6.0908 ], [ 107.4446, -6.1018 ], [ 107.4578, -6.1311 ], [ 107.4511, -6.1376 ], [ 107.4414, -6.1414 ], [ 107.4415, -6.1522 ], [ 107.4388, -6.1594 ], [ 107.4404, -6.1663 ], [ 107.4289, -6.1766 ], [ 107.4224, -6.1885 ] ] ] } },
{ "type": "Feature", "properties": { "district_id": "IDN.9.13.9_1", "name": "Jatisari", "kabupaten": "Karawang", "provinsi": "Jawa Barat" }, "geometry": { "type": "Polygon", "coordinates": [ [ [ 107.5379, -6.3868 ], [ 107.5397, -6.4034 ], [ 107.5371, -6.405 ], [ 107.5349, -6.4149 ], [ 107.5324, -6.4149 ], [ 107.5311, -6.4181 ], [ 107.522, -6.4186 ], [ 107.527, -6.4083 ], [ 107.5247, -6.4083 ], [ 107.5206, -6.3969 ], [ 107.5116, -6.3966 ], [ 107.5094, -6.3911 ], [ 107.5048, -6.3884 ], [ 107.5079, -6.3847 ], [ 107.5074, -6.3791 ], [ 107.5003, -6.3752 ], [ 107.4979, -6.3699 ], [ 107.5005, -6.3579 ], [ 107.4849, -6.3373 ], [ 107.4872, -6.3205 ], [ 107.4951, -6.3176 ], [ 107.4986, -6.3053 ], [ 107.5031, -6.3029 ], [ 107.511, -6.3062 ], [ 107.5054, -6.3155 ], [ 107.5224, -6.312 ], [ 107.5222, -6.318 ], [ 107.5253, -6.3224 ], [ 107.5236, -6.3286 ], [ 107.5288, -6.3271 ], [ 107.5418, -6.3291 ], [ 107.5491, -6.3406 ], [ 107.5658, -6.3461 ], [ 107.5629, -6.35 ], [ 107.5654, -6.3527 ], [ 107.5622, -6.3551 ], [ 107.562, -6.3587 ], [ 107.5594, -6.3589 ], [ 107.5581, -6.3646 ], [ 107.5533, -6.3635 ], [ 107.5486, -6.3713 ], [ 107.5483, -6.3795 ], [ 107.5379, -6.3868 ] ] ] } },
{ "type": "Feature", "properties": { "district_id": "IDN.9.13.10_1", "name": "Jayakerta", "kabupaten": "Karawang", "provinsi": "Jawa Barat" }, "geometry": { "type": "Polygon", "coordinates": [ [ [ 107.335, -6.1138 ], [ 107.3376, -6.1334 ], [ 107.3322, -6.1401 ], [ 107.3138, -6.1404 ], [ 107.3049, -6.1388 ], [ 107.3033, -6.1298 ], [ 107.3061, -6.1273 ], [ 107.3068, -6.1118 ], [ 107.2978, -6.1121 ], [ 107.2728, -6.1305 ], [ 107.2702, -6.1289 ], [ 107.2689, -6.1142 ], [ 107.2625, -6.111 ], [ 107.2485, -6.1161 ], [ 107.2482, -6.1086 ], [ 107.2548, -6.1075 ], [ 107.2726, -6.0724 ], [ 107.2834, -6.0703 ], [ 107.2823, -6.0793 ], [ 107.2863, -6.0873 ], [ 107.291, -6.079 ], [ 107.3177, -6.0715 ], [ 107.3209, -6.0758 ], [ 107.3195, -6.0832 ], [ 107.3231, -6.0889 ], [ 107.3197, -6.0965 ], [ 107.323, -6.0984 ], [ 107.3229, -6.1068 ], [ 107.335, -6.1138 ] ] ] } },
{ "type": "Feature", "properties": { "district_id": "IDN.9.13.11_1", "name": "Karawang Barat", "kabupaten": "Karawang", "provinsi": "Jawa Barat" }, "geometry": { "type": "Polygon", "coordinates": [ [ [ 107.3081, -6.3044 ], [ 107.3147, -6.3128 ], [ 107.3086, -6.3233 ], [ 107.3052, -6.3202 ], [ 107.2962, -6.3222 ], [ 107.3009, -6.3134 ], [ 107.2994, -6.3109 ], [ 107.2839, -6.3202 ], [ 107.278, -6.3198 ], [ 107.2747, -6.3171 ], [ 107.2751, -6.3124 ], [ 107.2797, -6.3095 ], [ 107.2863, -6.3126 ], [ 107.2895, -6.3095 ], [ 107.2864, -6.2954 ], [ 107.2775, -6.2941 ], [ 107.2819, -6.2891 ], [ 107.2747, -6.2876 ], [ 107.2766, -6.281 ], [ 107.2663, -6.2762 ], [ 107.2761, -6.267 ], [ 107.2734, -6.2584 ], [ 107.2778, -6.2542 ], [ 107.2745, -6.2412 ], [ 107.2691, -6.232 ], [ 107.2744, -6.2336 ], [ 107.2821, -6.2289 ], [ 107.2836, -6.2255 ], [ 107.28, -6.2233 ], [ 107.282, -6.2207 ], [ 107.2965, -6.227 ], [ 107.2952, -6.2284 ], [ 107.3063, -6.2423 ], [ 107.3023, -6.2522 ], [ 107.3086, -6.2541 ], [ 107.3086, -6.2576 ], [ 107.3142, -6.2604 ], [ 107.3263, -6.262 ], [ 107.3251, -6.2836 ], [ 107.3224, -6.2896 ], [ 107.3238, -6.2995 ], [ 107.3124, -6.2898 ], [ 107.3077, -6.2978 ], [ 107.3081, -6.3044 ] ] ] } },
{ "type": "Feature", "properties": { "district_id": "IDN.9.13.12_1", "name": "Karawang Timur", "kabupaten": "Karawang", "provinsi": "Jawa Barat" }, "geometry": { "type": "Polygon", "coordinates": [ [ [ 107.3362, -6.3371 ], [ 107.3248, -6.3367 ], [ 107.3253, -6.3327 ], [ 107.321, -6.3296 ], [ 107.3206, -6.3257 ], [ 107.3144, -6.3282 ], [ 107.3086, -6.3233 ], [ 107.3147, -6.3128 ], [ 107.3081, -6.3044 ], [ 107.3077, -6.2978 ], [ 107.3124, -6.2898 ], [ 107.3239, -6.2993 ], [ 107.3224, -6.2896 ], [ 107.3251, -6.2836 ], [ 107.3263, -6.262 ], [ 107.3217, -6.2613 ], [ 107.323, -6.2535 ], [ 107.3291, -6.2514 ], [ 107.3344, -6.2583 ], [ 107.3364, -6.2569 ], [ 107.3415, -6.2606 ], [ 107.3459, -6.2606 ], [ 107.3523, -6.2695 ], [ 107.3535, -6.276 ], [ 107.3543, -6.2943 ], [ 107.3502, -6.2997 ], [ 107.3439, -6.2983 ], [ 107.3452, -6.2946 ], [ 107.3398, -6.2954 ], [ 107.3399, -6.2924 ], [ 107.3337, -6.2964 ], [ 107.3344, -6.3085 ], [ 107.3453, -6.3123 ], [ 107.3512, -6.318 ], [ 107.3481, -6.3223 ], [ 107.3425, -6.3228 ], [ 107.3424, -6.3247 ], [ 107.3441, -6.3271 ], [ 107.3481, -6.3267 ], [ 107.3472, -6.3343 ], [ 107.3525, -6.3355 ], [ 107.3502, -6.3435 ], [ 107.3459, -6.3474 ], [ 107.3362, -6.3371 ] ] ] } },
{ "type": "Feature", "properties": { "district_id": "IDN.9.13.13_1", "name": "Klari", "kabupaten": "Karawang", "provinsi": "Jawa Barat" }, "geometry": { "type": "Polygon", "coordinates": [ [ [ 107.399, -6.4251 ], [ 107.405, -6.4299 ], [ 107.415, -6.4267 ], [ 107.4211, -6.4302 ], [ 107.4221, -6.4354 ], [ 107.4258, -6.4348 ], [ 107.4233, -6.4394 ], [ 107.425, -6.4433 ], [ 107.4348, -6.4529 ], [ 107.4346, -6.4586 ], [ 107.385, -6.4691 ], [ 107.378, -6.468 ], [ 107.3798, -6.4648 ], [ 107.3721, -6.4631 ], [ 107.3702, -6.4563 ], [ 107.3728, -6.454 ], [ 107.3763, -6.4546 ], [ 107.3789, -6.4503 ], [ 107.374, -6.418 ], [ 107.3678, -6.4118 ], [ 107.3616, -6.4117 ], [ 107.3594, -6.4066 ], [ 107.3619, -6.4021 ], [ 107.3667, -6.3999 ], [ 107.3762, -6.4 ], [ 107.3757, -6.3957 ], [ 107.3673, -6.3934 ], [ 107.3681, -6.3853 ], [ 107.3659, -6.3825 ], [ 107.3584, -6.3837 ], [ 107.354, -6.387 ], [ 107.3498, -6.3859 ], [ 107.3457, -6.3736 ], [ 107.3395, -6.3716 ], [ 107.3462, -6.3691 ], [ 107.3429, -6.3641 ], [ 107.3314, -6.3581 ], [ 107.3272, -6.3625 ], [ 107.3244, -6.3622 ], [ 107.323, -6.3574 ], [ 107.3271, -6.3488 ], [ 107.3248, -6.3367 ], [ 107.3366, -6.3371 ], [ 107.3459, -6.3474 ], [ 107.3502, -6.3435 ], [ 107.3525, -6.3355 ], [ 107.3652, -6.338 ], [ 107.371, -6.3352 ], [ 107.3818, -6.3355 ], [ 107.3812, -6.3234 ], [ 107.3917, -6.3227 ], [ 107.4045, -6.3253 ], [ 107.407, -6.3339 ], [ 107.3985, -6.3368 ], [ 107.3941, -6.3448 ], [ 107.3933, -6.3537 ], [ 107.3887, -6.3539 ], [ 107.3887, -6.3572 ], [ 107.3911, -6.3582 ], [ 107.389, -6.3678 ], [ 107.3926, -6.3741 ], [ 107.3864, -6.3898 ], [ 107.3899, -6.3924 ], [ 107.3904, -6.3995 ], [ 107.3956, -6.4093 ], [ 107.4017, -6.4161 ], [ 107.399, -6.4251 ] ] ] } },
{ "type": "Feature", "properties": { "district_id": "IDN.9.13.14_1", "name": "Kotabaru", "kabupaten": "Karawang", "provinsi": "Jawa Barat" }, "geometry": { "type": "Polygon", "coordinates": [ [ [ 107.4676, -6.4143 ], [ 107.4709, -6.4086 ], [ 107.4639, -6.4084 ], [ 107.4636, -6.4052 ], [ 107.4592, -6.4032 ], [ 107.4652, -6.3941 ], [ 107.455, -6.387 ], [ 107.456, -6.382 ], [ 107.47, -6.3788 ], [ 107.4735, -6.3711 ], [ 107.4726, -6.3644 ], [ 107.4985, -6.3608 ], [ 107.4985, -6.3717 ], [ 107.5007, -6.3755 ], [ 107.5074, -6.3791 ], [ 107.5079, -6.3847 ], [ 107.5048, -6.3884 ], [ 107.5094, -6.3911 ], [ 107.5116, -6.3966 ], [ 107.5206, -6.3969 ], [ 107.5247, -6.4083 ], [ 107.527, -6.4083 ], [ 107.5253, -6.4139 ], [ 107.522, -6.4186 ], [ 107.5137, -6.4213 ], [ 107.5028, -6.408 ], [ 107.492, -6.4149 ], [ 107.4901, -6.4198 ], [ 107.4807, -6.4266 ], [ 107.4793, -6.4313 ], [ 107.4742, -6.4324 ], [ 107.4625, -6.4267 ], [ 107.4621, -6.4199 ], [ 107.4596, -6.419 ], [ 107.4676, -6.4143 ] ] ] } },
{ "type": "Feature", "properties": { "district_id": "IDN.9.13.15_1", "name": "Kutawaluya", "kabupaten": "Karawang", "provinsi": "Jawa Barat" }, "geometry": { "type": "Polygon", "coordinates": [ [ [ 107.3814, -6.1557 ], [ 107.383, -6.1751 ], [ 107.3808, -6.1885 ], [ 107.3711, -6.204 ], [ 107.3715, -6.2118 ], [ 107.3632, -6.2138 ], [ 107.3466, -6.2142 ], [ 107.3448, -6.2117 ], [ 107.3239, -6.2067 ], [ 107.3275, -6.1905 ], [ 107.3237, -6.1865 ], [ 107.3234, -6.1803 ], [ 107.3185, -6.1772 ], [ 107.3023, -6.1766 ], [ 107.3037, -6.1558 ], [ 107.3097, -6.1568 ], [ 107.3173, -6.1527 ], [ 107.3198, -6.1399 ], [ 107.3322, -6.1401 ], [ 107.3376, -6.1334 ], [ 107.3432, -6.1356 ], [ 107.3428, -6.14 ], [ 107.3601, -6.1417 ], [ 107.3662, -6.1469 ], [ 107.3666, -6.1511 ], [ 107.375, -6.1553 ], [ 107.3814, -6.1557 ] ] ] } },
{ "type": "Feature", "properties": { "district_id": "IDN.9.13.16_1", "name": "Lemahabang", "kabupaten": "Karawang", "provinsi": "Jawa Barat" }, "geometry": { "type": "Polygon", "coordinates": [ [ [ 107.4486, -6.3243 ], [ 107.4495, -6.3306 ], [ 107.4457, -6.3349 ], [ 107.4269, -6.3378 ], [ 107.4276, -6.3302 ], [ 107.4191, -6.3299 ], [ 107.4167, -6.3342 ], [ 107.4077, -6.3343 ], [ 107.4036, -6.3252 ], [ 107.4131, -6.3055 ], [ 107.419, -6.3024 ], [ 107.4367, -6.3044 ], [ 107.4426, -6.275 ], [ 107.4451, -6.2741 ], [ 107.4497, -6.2565 ], [ 107.4529, -6.2561 ], [ 107.4553, -6.2375 ], [ 107.4705, -6.2377 ], [ 107.4713, -6.2353 ], [ 107.4815, -6.2361 ], [ 107.4904, -6.2334 ], [ 107.4975, -6.2358 ], [ 107.4986, -6.2495 ], [ 107.4949, -6.2689 ], [ 107.4875, -6.28 ], [ 107.4857, -6.2879 ], [ 107.4838, -6.2913 ], [ 107.4651, -6.2921 ], [ 107.4627, -6.2986 ], [ 107.4556, -6.3011 ], [ 107.4569, -6.3065 ], [ 107.4548, -6.3139 ], [ 107.4486, -6.3243 ] ] ] } },
{ "type": "Feature", "properties": { "district_id": "IDN.9.13.17_1", "name": "Majalaya", "kabupaten": "Karawang", "provinsi": "Jawa Barat" }, "geometry": { "type": "Polygon", "coordinates": [ [ [ 107.3812, -6.3236 ], [ 107.3818, -6.3355 ], [ 107.371, -6.3352 ], [ 107.3652, -6.338 ], [ 107.3472, -6.3343 ], [ 107.3481, -6.3267 ], [ 107.3439, -6.327 ], [ 107.3425, -6.3228 ], [ 107.3481, -6.3223 ], [ 107.3512, -6.318 ], [ 107.3453, -6.3123 ], [ 107.3344, -6.3085 ], [ 107.3337, -6.2964 ], [ 107.3399, -6.2924 ], [ 107.3398, -6.2954 ], [ 107.3452, -6.2946 ], [ 107.3437, -6.2981 ], [ 107.3501, -6.2997 ], [ 107.354, -6.2952 ], [ 107.3535, -6.276 ], [ 107.3493, -6.266 ], [ 107.3559, -6.2661 ], [ 107.3561, -6.2643 ], [ 107.374, -6.2674 ], [ 107.379, -6.2632 ], [ 107.3762, -6.2733 ], [ 107.3781, -6.2802 ], [ 107.3755, -6.2952 ], [ 107.3771, -6.3038 ], [ 107.3842, -6.3079 ], [ 107.3833, -6.3051 ], [ 107.39, -6.3032 ], [ 107.3977, -6.308 ], [ 107.4129, -6.305 ], [ 107.4036, -6.3252 ], [ 107.3917, -6.3227 ], [ 107.3812, -6.3236 ] ] ] } },
{ "type": "Feature", "properties": { "district_id": "IDN.9.13.18_1", "name": "Pakisjaya", "kabupaten": "Karawang", "provinsi": "Jawa Barat" }, "geometry": { "type": "Polygon", "coordinates": [ [ [ 107.1278, -6.0474 ], [ 107.1217, -6.0471 ], [ 107.1191, -6.0396 ], [ 107.1133, -6.0388 ], [ 107.1113, -6.0289 ], [ 107.1051, -6.0288 ], [ 107.0993, -6.025 ], [ 107.0939, -6.0274 ], [ 107.095, -6.0221 ], [ 107.1016, -6.0162 ], [ 107.0936, -6.0143 ], [ 107.092, -6.0058 ], [ 107.0846, -6.0023 ], [ 107.0883, -5.9954 ], [ 107.0844, -5.9908 ], [ 107.0872, -5.9872 ], [ 107.0848, -5.985 ], [ 107.0899, -5.9834 ], [ 107.0856, -5.9793 ], [ 107.09, -5.9764 ], [ 107.0896, -5.9684 ], [ 107.0971, -5.9613 ], [ 107.0936, -5.9575 ], [ 107.1004, -5.9362 ], [ 107.1109, -5.9539 ], [ 107.1329, -5.9768 ], [ 107.1516, -5.9851 ], [ 107.1703, -5.9875 ], [ 107.1697, -5.997 ], [ 107.1616, -6.0055 ], [ 107.1585, -6.0148 ], [ 107.1608, -6.0282 ], [ 107.1571, -6.0357 ], [ 107.1588, -6.0399 ], [ 107.154, -6.0483 ], [ 107.1525, -6.0597 ], [ 107.1433, -6.071 ], [ 107.1405, -6.0572 ], [ 107.1344, -6.0635 ], [ 107.1303, -6.0615 ], [ 107.1327, -6.0557 ], [ 107.1368, -6.0556 ], [ 107.1362, -6.0496 ], [ 107.1274, -6.0547 ], [ 107.1243, -6.0512 ], [ 107.1278, -6.0474 ] ] ] } },
{ "type": "Feature", "properties": { "district_id": "IDN.9.13.19_1", "name": "Pangkalan", "kabupaten": "Karawang", "provinsi": "Jawa Barat" }, "geometry": { "type": "Polygon", "coordinates": [ [ [ 107.1906, -6.5679 ], [ 107.1896, -6.5616 ], [ 107.186, -6.5608 ], [ 107.1843, -6.5556 ], [ 107.1787, -6.552 ], [ 107.1765, -6.533 ], [ 107.1745, -6.5327 ], [ 107.1752, -6.5295 ], [ 107.1664, -6.5161 ], [ 107.1676, -6.5115 ], [ 107.1649, -6.5113 ], [ 107.1642, -6.502 ], [ 107.1666, -6.4972 ], [ 107.1701, -6.4966 ], [ 107.1697, -6.4923 ], [ 107.1744, -6.4906 ], [ 107.1715, -6.4805 ], [ 107.1809, -6.4779 ], [ 107.181, -6.4748 ], [ 107.1784, -6.4739 ], [ 107.1828, -6.4735 ], [ 107.1818, -6.4678 ], [ 107.1853, -6.4671 ], [ 107.1836, -6.471 ], [ 107.1857, -6.4716 ], [ 107.1892, -6.4697 ], [ 107.1896, -6.4639 ], [ 107.1953, -6.4639 ], [ 107.1954, -6.4611 ], [ 107.1997, -6.4607 ], [ 107.2089, -6.4686 ], [ 107.2168, -6.4616 ], [ 107.2127, -6.455 ], [ 107.2054, -6.4519 ], [ 107.2079, -6.4493 ], [ 107.2111, -6.4525 ], [ 107.2117, -6.4493 ], [ 107.202, -6.4361 ], [ 107.2067, -6.4349 ], [ 107.2037, -6.4261 ], [ 107.1963, -6.4233 ], [ 107.2054, -6.4217 ], [ 107.202, -6.4139 ], [ 107.2122, -6.4172 ], [ 107.2126, -6.4096 ], [ 107.2212, -6.4084 ], [ 107.222, -6.4025 ], [ 107.2272, -6.4109 ], [ 107.2358, -6.4107 ], [ 107.2391, -6.4152 ], [ 107.2541, -6.4129 ], [ 107.2552, -6.4101 ], [ 107.2636, -6.4145 ], [ 107.2762, -6.4117 ], [ 107.2786, -6.4185 ], [ 107.2815, -6.4173 ], [ 107.2876, -6.4221 ], [ 107.2999, -6.4205 ], [ 107.2995, -6.4237 ], [ 107.3048, -6.4281 ], [ 107.3096, -6.441 ], [ 107.3045, -6.4452 ], [ 107.3007, -6.4537 ], [ 107.2964, -6.4517 ], [ 107.2747, -6.4585 ], [ 107.2687, -6.4574 ], [ 107.2628, -6.4623 ], [ 107.2535, -6.4613 ], [ 107.2468, -6.4572 ], [ 107.2468, -6.4635 ], [ 107.2421, -6.4656 ], [ 107.2466, -6.4685 ], [ 107.2461, -6.4724 ], [ 107.2429, -6.4741 ], [ 107.2443, -6.4755 ], [ 107.2425, -6.479 ], [ 107.2385, -6.4802 ], [ 107.2392, -6.4843 ], [ 107.2353, -6.4896 ], [ 107.2279, -6.489 ], [ 107.2254, -6.4923 ], [ 107.2226, -6.5079 ], [ 107.2107, -6.5138 ], [ 107.2082, -6.5066 ], [ 107.2028, -6.5169 ], [ 107.1892, -6.5146 ], [ 107.1878, -6.5161 ], [ 107.1851, -6.5205 ], [ 107.1882, -6.5223 ], [ 107.1857, -6.5287 ], [ 107.1923, -6.5367 ], [ 107.1856, -6.5468 ], [ 107.1965, -6.5618 ], [ 107.1906, -6.5679 ] ] ] } },
{ "type": "Feature", "properties": { "district_id": "IDN.9.13.20_1", "name": "Pedes", "kabupaten": "Karawang", "provinsi": "Jawa Barat" }, "geometry": { "type": "Polygon", "coordinates": [ [ [ 107.3376, -6.1334 ], [ 107.3352, -6.1141 ], [ 107.3229, -6.1068 ], [ 107.323, -6.0984 ], [ 107.3274, -6.1008 ], [ 107.3336, -6.0796 ], [ 107.3563, -6.0795 ], [ 107.3524, -6.0671 ], [ 107.3536, -6.0626 ], [ 107.3682, -6.0447 ], [ 107.3696, -6.0493 ], [ 107.375, -6.0524 ], [ 107.3789, -6.059 ], [ 107.3867, -6.0617 ], [ 107.3918, -6.0546 ], [ 107.3839, -6.0347 ], [ 107.3881, -6.0294 ], [ 107.3902, -6.0333 ], [ 107.3927, -6.0315 ], [ 107.3905, -6.0269 ], [ 107.3942, -6.0244 ], [ 107.4025, -6.036 ], [ 107.4168, -6.0645 ], [ 107.4033, -6.0764 ], [ 107.408, -6.0797 ], [ 107.4063, -6.0819 ], [ 107.3993, -6.0855 ], [ 107.4086, -6.0977 ], [ 107.4048, -6.1031 ], [ 107.4071, -6.104 ], [ 107.4072, -6.1083 ], [ 107.3998, -6.1103 ], [ 107.3977, -6.1156 ], [ 107.3895, -6.1158 ], [ 107.3917, -6.1221 ], [ 107.3864, -6.1328 ], [ 107.375, -6.1308 ], [ 107.3749, -6.1285 ], [ 107.3701, -6.1289 ], [ 107.3676, -6.1378 ], [ 107.3595, -6.1415 ], [ 107.3427, -6.1399 ], [ 107.3433, -6.1357 ], [ 107.3376, -6.1334 ] ] ] } },
{ "type": "Feature", "properties": { "district_id": "IDN.9.13.21_1", "name": "Purwasari", "kabupaten": "Karawang", "provinsi": "Jawa Barat" }, "geometry": { "type": "Polygon", "coordinates": [ [ [ 107.422, -6.3875 ], [ 107.4179, -6.4005 ], [ 107.4148, -6.4038 ], [ 107.4022, -6.4067 ], [ 107.4004, -6.4144 ], [ 107.3913, -6.4018 ], [ 107.3896, -6.3919 ], [ 107.3864, -6.3903 ], [ 107.3926, -6.3741 ], [ 107.389, -6.3678 ], [ 107.3911, -6.3582 ], [ 107.3887, -6.3572 ], [ 107.3887, -6.3539 ], [ 107.3933, -6.3537 ], [ 107.3941, -6.3448 ], [ 107.3977, -6.3377 ], [ 107.407, -6.3339 ], [ 107.4167, -6.3342 ], [ 107.4182, -6.3301 ], [ 107.4215, -6.3297 ], [ 107.428, -6.3308 ], [ 107.4274, -6.3373 ], [ 107.4211, -6.3435 ], [ 107.4229, -6.3463 ], [ 107.4341, -6.3472 ], [ 107.4282, -6.3546 ], [ 107.436, -6.368 ], [ 107.4342, -6.3721 ], [ 107.4289, -6.3731 ], [ 107.4309, -6.381 ], [ 107.427, -6.3806 ], [ 107.4259, -6.3878 ], [ 107.422, -6.3875 ] ] ] } },
{ "type": "Feature", "properties": { "district_id": "IDN.9.13.22_1", "name": "Rawamerta", "kabupaten": "Karawang", "provinsi": "Jawa Barat" }, "geometry": { "type": "Polygon", "coordinates": [ [ [ 107.3218, -6.2611 ], [ 107.3086, -6.2576 ], [ 107.3084, -6.254 ], [ 107.3022, -6.252 ], [ 107.3063, -6.2423 ], [ 107.2978, -6.2299 ], [ 107.3081, -6.2301 ], [ 107.3088, -6.2266 ], [ 107.3146, -6.2249 ], [ 107.3157, -6.2201 ], [ 107.3239, -6.2187 ], [ 107.3311, -6.2144 ], [ 107.3325, -6.208 ], [ 107.3448, -6.2117 ], [ 107.3466, -6.2142 ], [ 107.3711, -6.2121 ], [ 107.3709, -6.2044 ], [ 107.379, -6.19 ], [ 107.3864, -6.1849 ], [ 107.3925, -6.1878 ], [ 107.388, -6.2075 ], [ 107.3901, -6.2168 ], [ 107.3849, -6.2274 ], [ 107.388, -6.2281 ], [ 107.3914, -6.241 ], [ 107.3872, -6.2501 ], [ 107.3808, -6.2529 ], [ 107.379, -6.2632 ], [ 107.374, -6.2674 ], [ 107.3561, -6.2643 ], [ 107.3559, -6.2661 ], [ 107.3493, -6.266 ], [ 107.3459, -6.2606 ], [ 107.3415, -6.2606 ], [ 107.3364, -6.2569 ], [ 107.3344, -6.2583 ], [ 107.3298, -6.2514 ], [ 107.323, -6.2535 ], [ 107.3218, -6.2611 ] ] ] } },
{ "type": "Feature", "properties": { "district_id": "IDN.9.13.23_1", "name": "Rengasdengklok", "kabupaten": "Karawang", "provinsi": "Jawa Barat" }, "geometry": { "type": "Polygon", "coordinates": [ [ [ 107.2978, -6.2299 ], [ 107.2935, -6.2249 ], [ 107.282, -6.2207 ], [ 107.28, -6.2233 ], [ 107.2756, -6.2228 ], [ 107.2721, -6.2184 ], [ 107.2755, -6.2155 ], [ 107.2917, -6.2166 ], [ 107.2966, -6.2029 ], [ 107.2908, -6.2006 ], [ 107.2921, -6.1901 ], [ 107.2862, -6.1839 ], [ 107.286, -6.1753 ], [ 107.2794, -6.1711 ], [ 107.2786, -6.162 ], [ 107.2812, -6.1573 ], [ 107.2885, -6.1563 ], [ 107.2927, -6.1414 ], [ 107.289, -6.1419 ], [ 107.2858, -6.1487 ], [ 107.2817, -6.1473 ], [ 107.2838, -6.136 ], [ 107.2797, -6.1339 ], [ 107.2814, -6.1283 ], [ 107.2792, -6.1269 ], [ 107.2821, -6.1226 ], [ 107.2978, -6.1121 ], [ 107.3068, -6.1118 ], [ 107.3061, -6.1273 ], [ 107.3033, -6.1298 ], [ 107.3049, -6.1388 ], [ 107.3198, -6.1399 ], [ 107.3173, -6.1527 ], [ 107.3097, -6.1568 ], [ 107.3037, -6.1558 ], [ 107.3023, -6.1766 ], [ 107.3185, -6.1772 ], [ 107.3234, -6.1803 ], [ 107.3237, -6.1865 ], [ 107.3275, -6.1905 ], [ 107.3254, -6.2041 ], [ 107.3229, -6.2056 ], [ 107.3325, -6.208 ], [ 107.332, -6.2135 ], [ 107.325, -6.2183 ], [ 107.3157, -6.2201 ], [ 107.3146, -6.2249 ], [ 107.3088, -6.2266 ], [ 107.3081, -6.2301 ], [ 107.2978, -6.2299 ] ] ] } },
{ "type": "Feature", "properties": { "district_id": "IDN.9.13.24_1", "name": "Talagasari", "kabupaten": "Karawang", "provinsi": "Jawa Barat" }, "geometry": { "type": "Polygon", "coordinates": [ [ [ 107.4189, -6.3033 ], [ 107.3977, -6.308 ], [ 107.39, -6.3032 ], [ 107.3833, -6.3051 ], [ 107.3842, -6.3079 ], [ 107.3762, -6.3026 ], [ 107.3781, -6.2802 ], [ 107.3762, -6.2729 ], [ 107.3806, -6.2533 ], [ 107.3873, -6.25 ], [ 107.3914, -6.241 ], [ 107.3909, -6.2368 ], [ 107.393, -6.2369 ], [ 107.394, -6.2432 ], [ 107.4016, -6.247 ], [ 107.4113, -6.2478 ], [ 107.4189, -6.2393 ], [ 107.424, -6.2425 ], [ 107.4316, -6.2407 ], [ 107.4336, -6.2293 ], [ 107.4477, -6.2292 ], [ 107.4486, -6.2372 ], [ 107.4553, -6.2375 ], [ 107.4556, -6.2394 ], [ 107.4529, -6.2561 ], [ 107.4497, -6.2565 ], [ 107.4451, -6.2741 ], [ 107.4415, -6.2786 ], [ 107.438, -6.3008 ], [ 107.4362, -6.3045 ], [ 107.4189, -6.3033 ] ] ] } },
{ "type": "Feature", "properties": { "district_id": "IDN.9.13.25_1", "name": "Tegalwaru", "kabupaten": "Karawang", "provinsi": "Jawa Barat" }, "geometry": { "type": "Polygon", "coordinates": [ [ [ 107.1928, -6.5772 ], [ 107.1906, -6.5679 ], [ 107.1965, -6.5618 ], [ 107.1856, -6.5468 ], [ 107.1923, -6.5367 ], [ 107.1857, -6.5287 ], [ 107.1882, -6.5223 ], [ 107.1851, -6.5205 ], [ 107.1881, -6.5156 ], [ 107.2028, -6.5169 ], [ 107.2082, -6.5066 ], [ 107.2107, -6.5138 ], [ 107.2226, -6.5079 ], [ 107.2254, -6.4923 ], [ 107.2279, -6.489 ], [ 107.2353, -6.4896 ], [ 107.2392, -6.4843 ], [ 107.2385, -6.4802 ], [ 107.2425, -6.479 ], [ 107.2443, -6.4755 ], [ 107.2429, -6.4741 ], [ 107.2461, -6.4724 ], [ 107.2466, -6.4685 ], [ 107.2421, -6.4656 ], [ 107.2468, -6.4635 ], [ 107.2468, -6.4572 ], [ 107.2535, -6.4613 ], [ 107.2628, -6.4623 ], [ 107.2687, -6.4574 ], [ 107.2747, -6.4585 ], [ 107.299, -6.4518 ], [ 107.3008, -6.4579 ], [ 107.2961, -6.481 ], [ 107.2904, -6.4833 ], [ 107.2943, -6.4865 ], [ 107.2947, -6.493 ], [ 107.2982, -6.4966 ], [ 107.2891, -6.5017 ], [ 107.289, -6.5044 ], [ 107.2855, -6.5048 ], [ 107.2843, -6.5157 ], [ 107.286, -6.5222 ], [ 107.2839, -6.5299 ], [ 107.2778, -6.5353 ], [ 107.2726, -6.536 ], [ 107.265, -6.5553 ], [ 107.256, -6.5622 ], [ 107.2504, -6.5734 ], [ 107.236, -6.5772 ], [ 107.2238, -6.5857 ], [ 107.2205, -6.5907 ], [ 107.2051, -6.587 ], [ 107.1928, -6.5772 ] ] ] } },
{ "type": "Feature", "properties": { "district_id": "IDN.9.13.26_1", "name": "Telukjambe Barat", "kabupaten": "Karawang", "provinsi": "Jawa Barat" }, "geometry": { "type": "Polygon", "coordinates": [ [ [ 107.2261, -6.41 ], [ 107.2199, -6.3967 ], [ 107.2215, -6.3853 ], [ 107.2186, -6.3833 ], [ 107.2193, -6.3808 ], [ 107.2144, -6.3796 ], [ 107.2128, -6.3745 ], [ 107.2105, -6.3796 ], [ 107.2048, -6.3757 ], [ 107.2055, -6.3692 ], [ 107.2104, -6.3659 ], [ 107.2075, -6.3615 ], [ 107.2132, -6.3638 ], [ 107.2153, -6.3618 ], [ 107.2131, -6.3567 ], [ 107.215, -6.3499 ], [ 107.223, -6.3519 ], [ 107.2266, -6.3492 ], [ 107.2236, -6.3354 ], [ 107.2147, -6.33 ], [ 107.2191, -6.326 ], [ 107.2186, -6.3214 ], [ 107.2247, -6.3206 ], [ 107.2186, -6.3183 ], [ 107.2174, -6.3151 ], [ 107.2199, -6.3131 ], [ 107.2218, -6.3166 ], [ 107.2239, -6.3163 ], [ 107.2246, -6.3102 ], [ 107.2276, -6.3093 ], [ 107.2238, -6.3061 ], [ 107.2294, -6.3022 ], [ 107.233, -6.3037 ], [ 107.2331, -6.299 ], [ 107.2355, -6.3071 ], [ 107.2385, -6.3061 ], [ 107.2365, -6.2967 ], [ 107.242, -6.2967 ], [ 107.2462, -6.2995 ], [ 107.2487, -6.2933 ], [ 107.2549, -6.2949 ], [ 107.2551, -6.2905 ], [ 107.2643, -6.2858 ], [ 107.2652, -6.2898 ], [ 107.263, -6.2901 ], [ 107.2609, -6.3033 ], [ 107.268, -6.3085 ], [ 107.2673, -6.3236 ], [ 107.2749, -6.326 ], [ 107.2721, -6.3328 ], [ 107.2745, -6.3413 ], [ 107.2725, -6.3414 ], [ 107.2732, -6.3469 ], [ 107.2691, -6.3578 ], [ 107.2774, -6.3712 ], [ 107.2741, -6.3774 ], [ 107.2742, -6.3936 ], [ 107.2713, -6.3998 ], [ 107.2727, -6.4065 ], [ 107.2772, -6.4111 ], [ 107.2636, -6.4145 ], [ 107.2552, -6.4101 ], [ 107.2541, -6.4129 ], [ 107.2391, -6.4152 ], [ 107.2358, -6.4107 ], [ 107.2261, -6.41 ] ] ] } },
{ "type": "Feature", "properties": { "district_id": "IDN.9.13.27_1", "name": "Telukjambe Timur", "kabupaten": "Karawang", "provinsi": "Jawa Barat" }, "geometry": { "type": "Polygon", "coordinates": [ [ [ 107.2953, -6.3815 ], [ 107.285, -6.3886 ], [ 107.2878, -6.3925 ], [ 107.2851, -6.3958 ], [ 107.2867, -6.3971 ], [ 107.2834, -6.3992 ], [ 107.2824, -6.4054 ], [ 107.2786, -6.4055 ], [ 107.2779, -6.4093 ], [ 107.2754, -6.409 ], [ 107.2713, -6.3998 ], [ 107.2742, -6.3936 ], [ 107.2741, -6.3774 ], [ 107.2774, -6.3712 ], [ 107.2691, -6.3578 ], [ 107.2732, -6.3469 ], [ 107.2725, -6.3414 ], [ 107.2745, -6.3413 ], [ 107.2721, -6.3328 ], [ 107.2749, -6.326 ], [ 107.2673, -6.3236 ], [ 107.268, -6.3085 ], [ 107.2624, -6.306 ], [ 107.2603, -6.2993 ], [ 107.263, -6.2901 ], [ 107.2652, -6.2897 ], [ 107.262, -6.2815 ], [ 107.264, -6.2801 ], [ 107.2673, -6.2841 ], [ 107.2663, -6.2762 ], [ 107.2766, -6.281 ], [ 107.2747, -6.2876 ], [ 107.2818, -6.2886 ], [ 107.2776, -6.2943 ], [ 107.2842, -6.2938 ], [ 107.2878, -6.2988 ], [ 107.2891, -6.3108 ], [ 107.2857, -6.3126 ], [ 107.2803, -6.3094 ], [ 107.2759, -6.3115 ], [ 107.2758, -6.3186 ], [ 107.2839, -6.3202 ], [ 107.2994, -6.3109 ], [ 107.3009, -6.3134 ], [ 107.2962, -6.3222 ], [ 107.3056, -6.3203 ], [ 107.3144, -6.3282 ], [ 107.3203, -6.3256 ], [ 107.321, -6.3296 ], [ 107.3254, -6.3331 ], [ 107.327, -6.3496 ], [ 107.3229, -6.3579 ], [ 107.3191, -6.3573 ], [ 107.3177, -6.3592 ], [ 107.3155, -6.3573 ], [ 107.3112, -6.3605 ], [ 107.3061, -6.3571 ], [ 107.3021, -6.3698 ], [ 107.2952, -6.3762 ], [ 107.2953, -6.3815 ] ] ] } },
{ "type": "Feature", "properties": { "district_id": "IDN.9.13.28_1", "name": "Tempuran", "kabupaten": "Karawang", "provinsi": "Jawa Barat" }, "geometry": { "type": "Polygon", "coordinates": [ [ [ 107.4482, -6.2299 ], [ 107.4336, -6.2293 ], [ 107.4316, -6.2407 ], [ 107.424, -6.2425 ], [ 107.4189, -6.2393 ], [ 107.4109, -6.2479 ], [ 107.4016, -6.247 ], [ 107.394, -6.2432 ], [ 107.388, -6.2281 ], [ 107.3849, -6.2274 ], [ 107.3901, -6.2168 ], [ 107.3882, -6.2061 ], [ 107.3903, -6.191 ], [ 107.3956, -6.182 ], [ 107.3939, -6.1793 ], [ 107.4033, -6.1727 ], [ 107.4138, -6.1718 ], [ 107.4184, -6.1762 ], [ 107.4224, -6.1885 ], [ 107.4289, -6.1766 ], [ 107.4404, -6.1663 ], [ 107.4388, -6.1594 ], [ 107.4415, -6.1522 ], [ 107.4414, -6.1414 ], [ 107.4511, -6.1376 ], [ 107.4578, -6.1311 ], [ 107.4665, -6.143 ], [ 107.4793, -6.1525 ], [ 107.5098, -6.1627 ], [ 107.5122, -6.1655 ], [ 107.5082, -6.1779 ], [ 107.5028, -6.1823 ], [ 107.4986, -6.1822 ], [ 107.4999, -6.1771 ], [ 107.4959, -6.1726 ], [ 107.49, -6.1722 ], [ 107.4828, -6.1769 ], [ 107.479, -6.186 ], [ 107.4753, -6.1868 ], [ 107.4776, -6.1925 ], [ 107.4765, -6.1968 ], [ 107.4828, -6.1989 ], [ 107.4826, -6.2028 ], [ 107.4874, -6.2033 ], [ 107.4851, -6.2095 ], [ 107.4875, -6.2177 ], [ 107.485, -6.2272 ], [ 107.49, -6.2339 ], [ 107.4808, -6.2361 ], [ 107.4713, -6.2353 ], [ 107.47, -6.2377 ], [ 107.4489, -6.2373 ], [ 107.4482, -6.2299 ] ] ] } },
{ "type": "Feature", "properties": { "district_id": "IDN.9.13.29_1", "name": "Tirtajaya", "kabupaten": "Karawang", "provinsi": "Jawa Barat" }, "geometry": { "type": "Polygon", "coordinates": [ [ [ 107.2541, -6.1081 ], [ 107.2488, -6.0991 ], [ 107.2478, -6.086 ], [ 107.2447, -6.0826 ], [ 107.244, -6.068 ], [ 107.2383, -6.0635 ], [ 107.2386, -6.061 ], [ 107.2361, -6.0602 ], [ 107.2353, -6.0653 ], [ 107.2319, -6.066 ], [ 107.2317, -6.0687 ], [ 107.2246, -6.074 ], [ 107.2187, -6.0715 ], [ 107.2222, -6.0622 ], [ 107.2216, -6.0579 ], [ 107.2132, -6.0528 ], [ 107.2174, -6.0354 ], [ 107.214, -6.0148 ], [ 107.2082, -6.0089 ], [ 107.1957, -6.004 ], [ 107.1932, -5.9952 ], [ 107.1908, -5.9969 ], [ 107.1865, -5.9951 ], [ 107.1871, -5.9904 ], [ 107.1847, -5.9883 ], [ 107.2045, -5.9821 ], [ 107.2034, -5.9788 ], [ 107.2322, -5.9726 ], [ 107.233, -5.9746 ], [ 107.2402, -5.974 ], [ 107.2395, -5.9778 ], [ 107.2418, -5.9755 ], [ 107.2474, -5.9797 ], [ 107.2487, -5.9776 ], [ 107.2543, -5.9793 ], [ 107.2553, -5.9822 ], [ 107.2659, -5.9824 ], [ 107.2706, -5.978 ], [ 107.2818, -5.9927 ], [ 107.2931, -5.9829 ], [ 107.2932, -5.9925 ], [ 107.2871, -6.0196 ], [ 107.2961, -6.0221 ], [ 107.2928, -6.0361 ], [ 107.2967, -6.0368 ], [ 107.2961, -6.0419 ], [ 107.3081, -6.0412 ], [ 107.3044, -6.0587 ], [ 107.3118, -6.0626 ], [ 107.3124, -6.0727 ], [ 107.3049, -6.0765 ], [ 107.291, -6.079 ], [ 107.2863, -6.0873 ], [ 107.2823, -6.0793 ], [ 107.2834, -6.0703 ], [ 107.2726, -6.0724 ], [ 107.2541, -6.1081 ] ] ] } },
{ "type": "Feature", "properties": { "district_id": "IDN.9.13.30_1", "name": "Tirtamulya", "kabupaten": "Karawang", "provinsi": "Jawa Barat" }, "geometry": { "type": "Polygon", "coordinates": [ [ [ 107.4564, -6.382 ], [ 107.4309, -6.381 ], [ 107.4289, -6.3731 ], [ 107.4342, -6.3721 ], [ 107.4359, -6.3651 ], [ 107.4311, -6.3611 ], [ 107.4283, -6.3543 ], [ 107.4345, -6.3487 ], [ 107.4229, -6.3463 ], [ 107.421, -6.3426 ], [ 107.4258, -6.3381 ], [ 107.4446, -6.3354 ], [ 107.4491, -6.3315 ], [ 107.4478, -6.3252 ], [ 107.4548, -6.3139 ], [ 107.4569, -6.3065 ], [ 107.4556, -6.3011 ], [ 107.4627, -6.2986 ], [ 107.4651, -6.2921 ], [ 107.4828, -6.2912 ], [ 107.4868, -6.2964 ], [ 107.4897, -6.2962 ], [ 107.4912, -6.3001 ], [ 107.4884, -6.3064 ], [ 107.4849, -6.3373 ], [ 107.5005, -6.3579 ], [ 107.5, -6.3609 ], [ 107.4899, -6.3606 ], [ 107.4726, -6.3644 ], [ 107.4735, -6.3711 ], [ 107.47, -6.3788 ], [ 107.4564, -6.382 ] ] ] } },
{ "type": "Feature", "properties": { "district_id": "IDN.9.15.1_1", "name": "Bantargebang", "kabupaten": "Kota Bekasi", "provinsi": "Jawa Barat" }, "geometry": { "type": "Polygon", "coordinates": [ [ [ 107.0039, -6.3551 ], [ 106.9941, -6.3554 ], [ 106.994, -6.3671 ], [ 106.9881, -6.3637 ], [ 106.9797, -6.3643 ], [ 106.9819, -6.3579 ], [ 106.9696, -6.3491 ], [ 106.9726, -6.3467 ], [ 106.9662, -6.3422 ], [ 106.9757, -6.3409 ], [ 106.9728, -6.3401 ], [ 106.9755, -6.3352 ], [ 106.9725, -6.3319 ], [ 106.9741, -6.3301 ], [ 106.977, -6.3314 ], [ 106.9763, -6.3192 ], [ 106.9809, -6.3151 ], [ 106.9736, -6.312 ], [ 106.9722, -6.3058 ], [ 106.9976, -6.3061 ], [ 106.988, -6.3182 ], [ 106.9853, -6.327 ], [ 107.0023, -6.3325 ], [ 107.0062, -6.3309 ], [ 107.0168, -6.339 ], [ 107.0181, -6.3484 ], [ 107.0172, -6.3536 ], [ 107.0069, -6.3626 ], [ 107.0039, -6.3597 ], [ 107.0039, -6.3551 ] ] ] } },
{ "type": "Feature", "properties": { "district_id": "IDN.9.15.2_1", "name": "Bekasi Barat", "kabupaten": "Kota Bekasi", "provinsi": "Jawa Barat" }, "geometry": { "type": "Polygon", "coordinates": [ [ [ 106.9795, -6.2332 ], [ 106.9761, -6.2487 ], [ 106.963, -6.2552 ], [ 106.9559, -6.2565 ], [ 106.9562, -6.2497 ], [ 106.9438, -6.2497 ], [ 106.9436, -6.2387 ], [ 106.9418, -6.2382 ], [ 106.9455, -6.2368 ], [ 106.9486, -6.2222 ], [ 106.9508, -6.2191 ], [ 106.9558, -6.2195 ], [ 106.959, -6.2129 ], [ 106.9624, -6.2144 ], [ 106.9662, -6.2069 ], [ 106.9698, -6.2093 ], [ 106.97, -6.214 ], [ 106.9769, -6.2133 ], [ 106.9739, -6.2199 ], [ 106.9841, -6.229 ], [ 106.9817, -6.2335 ], [ 106.9795, -6.2332 ] ] ] } },
{ "type": "Feature", "properties": { "district_id": "IDN.9.15.3_1", "name": "Bekasi Selatan", "kabupaten": "Kota Bekasi", "provinsi": "Jawa Barat" }, "geometry": { "type": "Polygon", "coordinates": [ [ [ 106.9573, -6.2564 ], [ 106.9761, -6.2487 ], [ 106.9795, -6.2331 ], [ 106.9817, -6.2335 ], [ 106.9841, -6.229 ], [ 107.0017, -6.2387 ], [ 106.9963, -6.2527 ], [ 106.9939, -6.2529 ], [ 106.9931, -6.2581 ], [ 106.9887, -6.2623 ], [ 106.9892, -6.2683 ], [ 106.9873, -6.2691 ], [ 106.9856, -6.2661 ], [ 106.9858, -6.2699 ], [ 106.983, -6.2712 ], [ 106.9845, -6.2806 ], [ 106.9834, -6.278 ], [ 106.9786, -6.2767 ], [ 106.9743, -6.2814 ], [ 106.9542, -6.2812 ], [ 106.9567, -6.2739 ], [ 106.9573, -6.2564 ] ] ] } },
{ "type": "Feature", "properties": { "district_id": "IDN.9.15.4_1", "name": "Bekasi Timur", "kabupaten": "Kota Bekasi", "provinsi": "Jawa Barat" }, "geometry": { "type": "Polygon", "coordinates": [ [ [ 107.0351, -6.2467 ], [ 107.0244, -6.255 ], [ 107.02, -6.2636 ], [ 106.9935, -6.2545 ], [ 107.0019, -6.2416 ], [ 107.003, -6.2373 ], [ 107.0011, -6.2346 ], [ 107.0077, -6.2328 ], [ 107.0064, -6.2296 ], [ 107.0099, -6.2286 ], [ 107.0099, -6.2251 ], [ 107.0194, -6.2226 ], [ 107.0296, -6.2227 ], [ 107.0305, -6.2268 ], [ 107.0352, -6.2266 ], [ 107.0387, -6.2323 ], [ 107.0425, -6.2328 ], [ 107.0415, -6.2462 ], [ 107.0351, -6.2467 ] ] ] } },
{ "type": "Feature", "properties": { "district_id": "IDN.9.15.5_1", "name": "Bekasi Utara", "kabupaten": "Kota Bekasi", "provinsi": "Jawa Barat" }, "geometry": { "type": "Polygon", "coordinates": [ [ [ 107.0311, -6.2235 ], [ 107.0099, -6.2251 ], [ 107.0099, -6.2286 ], [ 107.0064, -6.2296 ], [ 107.0077, -6.2328 ], [ 107.0011, -6.2346 ], [ 107.0017, -6.2387 ], [ 106.9966, -6.2352 ], [ 106.9995, -6.2327 ], [ 106.9948, -6.2308 ], [ 106.9934, -6.22 ], [ 106.979, -6.2131 ], [ 106.9801, -6.1968 ], [ 106.9911, -6.1983 ], [ 106.9924, -6.1968 ], [ 106.9933, -6.1882 ], [ 106.9972, -6.1849 ], [ 106.9963, -6.1803 ], [ 106.9988, -6.1808 ], [ 106.9983, -6.1723 ], [ 107.0107, -6.1724 ], [ 107.007, -6.1777 ], [ 107.0059, -6.1959 ], [ 107.0149, -6.1951 ], [ 107.018, -6.1998 ], [ 107.0199, -6.1964 ], [ 107.0325, -6.1984 ], [ 107.0338, -6.2124 ], [ 107.0308, -6.2156 ], [ 107.033, -6.2201 ], [ 107.0311, -6.2235 ] ] ] } },
{ "type": "Feature", "properties": { "district_id": "IDN.9.15.6_1", "name": "Jatiasih", "kabupaten": "Kota Bekasi", "provinsi": "Jawa Barat" }, "geometry": { "type": "Polygon", "coordinates": [ [ [ 106.9609, -6.3223 ], [ 106.9618, -6.3251 ], [ 106.9647, -6.3249 ], [ 106.9608, -6.3262 ], [ 106.9634, -6.3289 ], [ 106.9602, -6.3315 ], [ 106.9618, -6.3358 ], [ 106.9528, -6.3402 ], [ 106.9546, -6.3444 ], [ 106.9503, -6.3442 ], [ 106.9536, -6.351 ], [ 106.9519, -6.3491 ], [ 106.9507, -6.3519 ], [ 106.9348, -6.352 ], [ 106.9365, -6.3423 ], [ 106.9419, -6.3325 ], [ 106.9412, -6.3082 ], [ 106.9366, -6.3077 ], [ 106.9411, -6.2881 ], [ 106.9382, -6.285 ], [ 106.942, -6.2798 ], [ 106.938, -6.2785 ], [ 106.9396, -6.2734 ], [ 106.937, -6.2724 ], [ 106.9412, -6.268 ], [ 106.9567, -6.2717 ], [ 106.9542, -6.2812 ], [ 106.974, -6.2814 ], [ 106.9744, -6.2792 ], [ 106.9789, -6.2812 ], [ 106.9722, -6.2921 ], [ 106.9742, -6.2971 ], [ 106.9712, -6.2989 ], [ 106.975, -6.303 ], [ 106.9709, -6.3044 ], [ 106.9708, -6.3023 ], [ 106.9689, -6.3027 ], [ 106.9698, -6.3057 ], [ 106.9667, -6.303 ], [ 106.967, -6.3052 ], [ 106.9645, -6.3052 ], [ 106.9666, -6.307 ], [ 106.9651, -6.3102 ], [ 106.9613, -6.3084 ], [ 106.9634, -6.3122 ], [ 106.9603, -6.313 ], [ 106.9637, -6.3176 ], [ 106.9609, -6.3223 ] ] ] } },
{ "type": "Feature", "properties": { "district_id": "IDN.9.15.7_1", "name": "Jatisampurna", "kabupaten": "Kota Bekasi", "provinsi": "Jawa Barat" }, "geometry": { "type": "Polygon", "coordinates": [ [ [ 106.9338, -6.3836 ], [ 106.9265, -6.3855 ], [ 106.9258, -6.3883 ], [ 106.9247, -6.3862 ], [ 106.9232, -6.3899 ], [ 106.9218, -6.3889 ], [ 106.9208, -6.3927 ], [ 106.923, -6.3944 ], [ 106.921, -6.3969 ], [ 106.9062, -6.3944 ], [ 106.9003, -6.3978 ], [ 106.8978, -6.3967 ], [ 106.9044, -6.3916 ], [ 106.9039, -6.3803 ], [ 106.9082, -6.3767 ], [ 106.9076, -6.3708 ], [ 106.9101, -6.3679 ], [ 106.9125, -6.3684 ], [ 106.9162, -6.3629 ], [ 106.9136, -6.3588 ], [ 106.9171, -6.3564 ], [ 106.9159, -6.3463 ], [ 106.9194, -6.3436 ], [ 106.9197, -6.3337 ], [ 106.9235, -6.334 ], [ 106.9241, -6.3302 ], [ 106.9403, -6.3353 ], [ 106.9343, -6.3487 ], [ 106.9348, -6.352 ], [ 106.9524, -6.3533 ], [ 106.9495, -6.3541 ], [ 106.9486, -6.3587 ], [ 106.9439, -6.358 ], [ 106.9471, -6.3602 ], [ 106.9439, -6.3664 ], [ 106.9455, -6.3685 ], [ 106.9423, -6.3674 ], [ 106.9386, -6.3706 ], [ 106.9406, -6.3714 ], [ 106.9378, -6.3774 ], [ 106.9331, -6.3758 ], [ 106.9296, -6.3812 ], [ 106.9338, -6.3836 ] ] ] } },
{ "type": "Feature", "properties": { "district_id": "IDN.9.15.8_1", "name": "Medan Satria", "kabupaten": "Kota Bekasi", "provinsi": "Jawa Barat" }, "geometry": { "type": "Polygon", "coordinates": [ [ [ 106.9833, -6.2285 ], [ 106.9739, -6.2199 ], [ 106.9769, -6.2133 ], [ 106.97, -6.214 ], [ 106.9698, -6.2093 ], [ 106.9674, -6.2092 ], [ 106.9658, -6.2058 ], [ 106.9665, -6.1957 ], [ 106.9696, -6.195 ], [ 106.9713, -6.1876 ], [ 106.9716, -6.1722 ], [ 106.9983, -6.1723 ], [ 106.9988, -6.1808 ], [ 106.9963, -6.1803 ], [ 106.9972, -6.1849 ], [ 106.9933, -6.1882 ], [ 106.9924, -6.1968 ], [ 106.9911, -6.1983 ], [ 106.9801, -6.1968 ], [ 106.9787, -6.2118 ], [ 106.9934, -6.22 ], [ 106.9948, -6.2308 ], [ 106.9995, -6.2329 ], [ 106.9966, -6.2352 ], [ 106.9833, -6.2285 ] ] ] } },
{ "type": "Feature", "properties": { "district_id": "IDN.9.15.9_1", "name": "Mustikajaya", "kabupaten": "Kota Bekasi", "provinsi": "Jawa Barat" }, "geometry": { "type": "Polygon", "coordinates": [ [ [ 107.028, -6.3303 ], [ 107.021, -6.328 ], [ 107.0174, -6.3297 ], [ 107.0159, -6.3389 ], [ 107.0057, -6.3305 ], [ 107.0023, -6.3325 ], [ 106.9853, -6.327 ], [ 106.988, -6.3182 ], [ 106.9976, -6.3061 ], [ 106.9931, -6.3054 ], [ 107.0036, -6.2872 ], [ 107.0166, -6.2761 ], [ 107.0225, -6.2804 ], [ 107.0281, -6.2779 ], [ 107.0314, -6.2821 ], [ 107.0375, -6.2837 ], [ 107.0401, -6.2879 ], [ 107.0409, -6.2961 ], [ 107.0383, -6.3063 ], [ 107.0411, -6.3094 ], [ 107.0371, -6.3141 ], [ 107.0371, -6.3215 ], [ 107.0325, -6.3231 ], [ 107.028, -6.3303 ] ] ] } },
{ "type": "Feature", "properties": { "district_id": "IDN.9.15.10_1", "name": "Pondokgede", "kabupaten": "Kota Bekasi", "provinsi": "Jawa Barat" }, "geometry": { "type": "Polygon", "coordinates": [ [ [ 106.9378, -6.2727 ], [ 106.9396, -6.2734 ], [ 106.938, -6.2785 ], [ 106.942, -6.2798 ], [ 106.9382, -6.285 ], [ 106.9411, -6.2881 ], [ 106.9393, -6.2938 ], [ 106.9305, -6.2928 ], [ 106.9181, -6.2853 ], [ 106.9088, -6.2844 ], [ 106.9101, -6.2728 ], [ 106.9042, -6.2702 ], [ 106.9044, -6.2621 ], [ 106.91, -6.258 ], [ 106.9097, -6.2555 ], [ 106.9157, -6.2584 ], [ 106.9162, -6.2525 ], [ 106.9199, -6.2503 ], [ 106.922, -6.2539 ], [ 106.9279, -6.2546 ], [ 106.9408, -6.2535 ], [ 106.9439, -6.2523 ], [ 106.9438, -6.2497 ], [ 106.9562, -6.2497 ], [ 106.9566, -6.2716 ], [ 106.9412, -6.268 ], [ 106.9378, -6.2727 ] ] ] } },
{ "type": "Feature", "properties": { "district_id": "IDN.9.15.11_1", "name": "Pondokmelati", "kabupaten": "Kota Bekasi", "provinsi": "Jawa Barat" }, "geometry": { "type": "Polygon", "coordinates": [ [ [ 106.9207, -6.3329 ], [ 106.9204, -6.3289 ], [ 106.9182, -6.3279 ], [ 106.9217, -6.323 ], [ 106.9207, -6.3183 ], [ 106.9228, -6.3142 ], [ 106.9201, -6.3114 ], [ 106.9218, -6.3034 ], [ 106.9177, -6.298 ], [ 106.9118, -6.2983 ], [ 106.9123, -6.2946 ], [ 106.9102, -6.2943 ], [ 106.9118, -6.2903 ], [ 106.9093, -6.2909 ], [ 106.9105, -6.287 ], [ 106.9086, -6.2844 ], [ 106.9172, -6.285 ], [ 106.9273, -6.2917 ], [ 106.9393, -6.2938 ], [ 106.9366, -6.3077 ], [ 106.9412, -6.3082 ], [ 106.9418, -6.3329 ], [ 106.9389, -6.336 ], [ 106.9269, -6.33 ], [ 106.9241, -6.3302 ], [ 106.9235, -6.334 ], [ 106.9207, -6.3329 ] ] ] } },
{ "type": "Feature", "properties": { "district_id": "IDN.9.15.12_1", "name": "Rawalumbu", "kabupaten": "Kota Bekasi", "provinsi": "Jawa Barat" }, "geometry": { "type": "Polygon", "coordinates": [ [ [ 106.972, -6.3051 ], [ 106.9751, -6.3028 ], [ 106.9712, -6.2989 ], [ 106.9742, -6.2971 ], [ 106.9727, -6.29 ], [ 106.9789, -6.2816 ], [ 106.9744, -6.2792 ], [ 106.9786, -6.2767 ], [ 106.9847, -6.2804 ], [ 106.983, -6.2712 ], [ 106.9858, -6.2699 ], [ 106.9856, -6.2661 ], [ 106.9873, -6.2691 ], [ 106.9892, -6.2683 ], [ 106.9887, -6.2623 ], [ 106.9931, -6.2581 ], [ 106.9935, -6.2545 ], [ 107.0178, -6.2628 ], [ 107.0166, -6.2761 ], [ 107.0097, -6.2835 ], [ 107.0057, -6.284 ], [ 106.9932, -6.3054 ], [ 106.972, -6.3051 ] ] ] } },
{ "type": "Feature", "properties": { "district_id": "IDN.9.17.1_1", "name": "Harjamukti", "kabupaten": "Kota Cirebon", "provinsi": "Jawa Barat" }, "geometry": { "type": "Polygon", "coordinates": [ [ [ 108.545, -6.7962 ], [ 108.541, -6.7883 ], [ 108.5305, -6.7832 ], [ 108.5296, -6.7791 ], [ 108.5358, -6.7618 ], [ 108.534, -6.7572 ], [ 108.5314, -6.7586 ], [ 108.5289, -6.7568 ], [ 108.5302, -6.7528 ], [ 108.5268, -6.7518 ], [ 108.5285, -6.7501 ], [ 108.5268, -6.7492 ], [ 108.5384, -6.7462 ], [ 108.5463, -6.7392 ], [ 108.5506, -6.7396 ], [ 108.5571, -6.7355 ], [ 108.5608, -6.737 ], [ 108.5643, -6.7338 ], [ 108.5754, -6.7502 ], [ 108.5701, -6.7503 ], [ 108.5665, -6.7547 ], [ 108.5604, -6.7569 ], [ 108.5585, -6.7652 ], [ 108.5558, -6.7656 ], [ 108.5553, -6.7808 ], [ 108.5499, -6.7929 ], [ 108.545, -6.7962 ] ] ] } },
{ "type": "Feature", "properties": { "district_id": "IDN.9.17.2_1", "name": "Kejaksan", "kabupaten": "Kota Cirebon", "provinsi": "Jawa Barat" }, "geometry": { "type": "Polygon", "coordinates": [ [ [ 108.5655, -6.7107 ], [ 108.558, -6.716 ], [ 108.5489, -6.7119 ], [ 108.5474, -6.7064 ], [ 108.5443, -6.7062 ], [ 108.5434, -6.7091 ], [ 108.5429, -6.6964 ], [ 108.547, -6.698 ], [ 108.5481, -6.701 ], [ 108.5623, -6.6912 ], [ 108.5684, -6.7052 ], [ 108.5639, -6.7072 ], [ 108.5655, -6.7107 ] ] ] } },
{ "type": "Feature", "properties": { "district_id": "IDN.9.17.3_1", "name": "Kesambi", "kabupaten": "Kota Cirebon", "provinsi": "Jawa Barat" }, "geometry": { "type": "Polygon", "coordinates": [ [ [ 108.5482, -6.7395 ], [ 108.5384, -6.7462 ], [ 108.527, -6.7491 ], [ 108.5192, -6.7414 ], [ 108.5187, -6.7369 ], [ 108.5349, -6.7298 ], [ 108.5343, -6.7256 ], [ 108.541, -6.7243 ], [ 108.5448, -6.7281 ], [ 108.5448, -6.7257 ], [ 108.5472, -6.7266 ], [ 108.5466, -6.7213 ], [ 108.5488, -6.7195 ], [ 108.5498, -6.7119 ], [ 108.558, -6.716 ], [ 108.5644, -6.7346 ], [ 108.5482, -6.7395 ] ] ] } },
{ "type": "Feature", "properties": { "district_id": "IDN.9.17.4_1", "name": "Lemahwungkuk", "kabupaten": "Kota Cirebon", "provinsi": "Jawa Barat" }, "geometry": { "type": "Polygon", "coordinates": [ [ [ 108.5761, -6.7511 ], [ 108.5643, -6.7338 ], [ 108.5699, -6.7297 ], [ 108.5682, -6.7194 ], [ 108.5657, -6.7197 ], [ 108.5619, -6.7134 ], [ 108.5656, -6.711 ], [ 108.5639, -6.7072 ], [ 108.5684, -6.7052 ], [ 108.5724, -6.7078 ], [ 108.5717, -6.7115 ], [ 108.5692, -6.7113 ], [ 108.5717, -6.7143 ], [ 108.5696, -6.7145 ], [ 108.5734, -6.7157 ], [ 108.5733, -6.7111 ], [ 108.5776, -6.7242 ], [ 108.5813, -6.7277 ], [ 108.5829, -6.7265 ], [ 108.5853, -6.7307 ], [ 108.5831, -6.7331 ], [ 108.5867, -6.7307 ], [ 108.5884, -6.7334 ], [ 108.5858, -6.7361 ], [ 108.587, -6.7393 ], [ 108.5955, -6.7451 ], [ 108.5881, -6.7497 ], [ 108.5817, -6.747 ], [ 108.5761, -6.7511 ] ] ] } },
{ "type": "Feature", "properties": { "district_id": "IDN.9.17.5_1", "name": "Pekalipan", "kabupaten": "Kota Cirebon", "provinsi": "Jawa Barat" }, "geometry": { "type": "Polygon", "coordinates": [ [ [ 108.5641, -6.7337 ], [ 108.5579, -6.7177 ], [ 108.5619, -6.7134 ], [ 108.5657, -6.7197 ], [ 108.5682, -6.7194 ], [ 108.5699, -6.7297 ], [ 108.5641, -6.7337 ] ] ] } },
{ "type": "Feature", "properties": { "district_id": "IDN.9.23.1_1", "name": "Binong", "kabupaten": "Subang", "provinsi": "Jawa Barat" }, "geometry": { "type": "Polygon", "coordinates": [ [ [ 107.8332, -6.4013 ], [ 107.8421, -6.4087 ], [ 107.8428, -6.4122 ], [ 107.8366, -6.4158 ], [ 107.8362, -6.4292 ], [ 107.8259, -6.447 ], [ 107.8183, -6.4458 ], [ 107.8203, -6.4414 ], [ 107.8176, -6.4298 ], [ 107.8157, -6.4286 ], [ 107.8118, -6.4311 ], [ 107.8027, -6.4267 ], [ 107.8012, -6.4216 ], [ 107.7859, -6.4305 ], [ 107.779, -6.4259 ], [ 107.7611, -6.437 ], [ 107.7588, -6.4325 ], [ 107.7527, -6.432 ], [ 107.7499, -6.427 ], [ 107.7529, -6.4275 ], [ 107.7551, -6.4213 ], [ 107.7598, -6.4236 ], [ 107.7671, -6.4208 ], [ 107.7674, -6.4187 ], [ 107.7643, -6.4171 ], [ 107.7714, -6.4098 ], [ 107.77, -6.4064 ], [ 107.775, -6.3861 ], [ 107.7798, -6.3877 ], [ 107.7802, -6.3831 ], [ 107.775, -6.3792 ], [ 107.7746, -6.371 ], [ 107.7693, -6.3692 ], [ 107.7692, -6.365 ], [ 107.77, -6.361 ], [ 107.7778, -6.3581 ], [ 107.7796, -6.3543 ], [ 107.7857, -6.3567 ], [ 107.7934, -6.3552 ], [ 107.8024, -6.3623 ], [ 107.8165, -6.365 ], [ 107.8193, -6.3779 ], [ 107.8225, -6.3781 ], [ 107.8221, -6.382 ], [ 107.8255, -6.3862 ], [ 107.83, -6.3864 ], [ 107.8293, -6.3894 ], [ 107.8337, -6.3959 ], [ 107.8332, -6.4013 ] ] ] } },
{ "type": "Feature", "properties": { "district_id": "IDN.9.23.2_1", "name": "Blanakan", "kabupaten": "Subang", "provinsi": "Jawa Barat" }, "geometry": { "type": "Polygon", "coordinates": [ [ [ 107.674, -6.246 ], [ 107.6868, -6.2407 ], [ 107.6904, -6.237 ], [ 107.6942, -6.2244 ], [ 107.6977, -6.2229 ], [ 107.715, -6.235 ], [ 107.7224, -6.2368 ], [ 107.7273, -6.2353 ], [ 107.7333, -6.2496 ], [ 107.7327, -6.257 ], [ 107.7413, -6.2781 ], [ 107.7424, -6.2936 ], [ 107.7252, -6.294 ], [ 107.7114, -6.3008 ], [ 107.7065, -6.2997 ], [ 107.7011, -6.3042 ], [ 107.7005, -6.2952 ], [ 107.6954, -6.2911 ], [ 107.6841, -6.2907 ], [ 107.6805, -6.2939 ], [ 107.6763, -6.2908 ], [ 107.665, -6.2947 ], [ 107.6575, -6.2941 ], [ 107.6539, -6.2878 ], [ 107.6457, -6.2908 ], [ 107.6442, -6.2981 ], [ 107.6377, -6.2976 ], [ 107.6343, -6.2996 ], [ 107.633, -6.3041 ], [ 107.6305, -6.3003 ], [ 107.6263, -6.3064 ], [ 107.6128, -6.2824 ], [ 107.6174, -6.2803 ], [ 107.614, -6.2755 ], [ 107.6101, -6.2776 ], [ 107.6102, -6.2812 ], [ 107.5943, -6.2741 ], [ 107.5933, -6.2694 ], [ 107.5877, -6.2686 ], [ 107.5873, -6.2706 ], [ 107.5804, -6.2678 ], [ 107.5839, -6.2602 ], [ 107.5806, -6.2565 ], [ 107.5842, -6.2535 ], [ 107.5923, -6.2509 ], [ 107.5995, -6.2529 ], [ 107.6026, -6.2427 ], [ 107.6001, -6.241 ], [ 107.6004, -6.2379 ], [ 107.6087, -6.2354 ], [ 107.6223, -6.2221 ], [ 107.6256, -6.2244 ], [ 107.6306, -6.2239 ], [ 107.6399, -6.2146 ], [ 107.6413, -6.2225 ], [ 107.6553, -6.2403 ], [ 107.6641, -6.2455 ], [ 107.674, -6.246 ] ] ] } },
{ "type": "Feature", "properties": { "district_id": "IDN.9.23.3_1", "name": "Ciasem", "kabupaten": "Subang", "provinsi": "Jawa Barat" }, "geometry": { "type": "Polygon", "coordinates": [ [ [ 107.6793, -6.3527 ], [ 107.671, -6.3556 ], [ 107.6645, -6.3549 ], [ 107.6646, -6.3574 ], [ 107.6589, -6.3612 ], [ 107.6571, -6.3654 ], [ 107.6451, -6.3553 ], [ 107.6575, -6.3534 ], [ 107.6546, -6.3405 ], [ 107.632, -6.3397 ], [ 107.6185, -6.3469 ], [ 107.616, -6.3259 ], [ 107.5989, -6.3201 ], [ 107.579, -6.3208 ], [ 107.5799, -6.3137 ], [ 107.5827, -6.3122 ], [ 107.5799, -6.3088 ], [ 107.5813, -6.3066 ], [ 107.5788, -6.3066 ], [ 107.5802, -6.3006 ], [ 107.5848, -6.2985 ], [ 107.5861, -6.2945 ], [ 107.5789, -6.2806 ], [ 107.5783, -6.2677 ], [ 107.5873, -6.2706 ], [ 107.5877, -6.2686 ], [ 107.5933, -6.2694 ], [ 107.5943, -6.2741 ], [ 107.6102, -6.2812 ], [ 107.6101, -6.2776 ], [ 107.614, -6.2755 ], [ 107.6174, -6.2803 ], [ 107.6128, -6.2824 ], [ 107.6263, -6.3064 ], [ 107.6305, -6.3003 ], [ 107.633, -6.3041 ], [ 107.6343, -6.2996 ], [ 107.6377, -6.2976 ], [ 107.6442, -6.2981 ], [ 107.6457, -6.2908 ], [ 107.6539, -6.2878 ], [ 107.6575, -6.2941 ], [ 107.665, -6.2947 ], [ 107.6763, -6.2908 ], [ 107.6805, -6.2939 ], [ 107.6841, -6.2907 ], [ 107.6954, -6.2911 ], [ 107.7005, -6.2952 ], [ 107.7011, -6.3042 ], [ 107.7065, -6.2997 ], [ 107.7107, -6.3009 ], [ 107.7167, -6.2984 ], [ 107.7185, -6.3195 ], [ 107.7202, -6.3187 ], [ 107.7202, -6.3218 ], [ 107.7291, -6.3215 ], [ 107.7277, -6.3261 ], [ 107.7317, -6.323 ], [ 107.7322, -6.3253 ], [ 107.7397, -6.3275 ], [ 107.7387, -6.3322 ], [ 107.7431, -6.3358 ], [ 107.7456, -6.3473 ], [ 107.7421, -6.3529 ], [ 107.7319, -6.3568 ], [ 107.7072, -6.3574 ], [ 107.7041, -6.3593 ], [ 107.6953, -6.3572 ], [ 107.6959, -6.3544 ], [ 107.6873, -6.3558 ], [ 107.6853, -6.3532 ], [ 107.6797, -6.3562 ], [ 107.6793, -6.3527 ] ] ] } },
{ "type": "Feature", "properties": { "district_id": "IDN.9.23.4_1", "name": "Ciater", "kabupaten": "Subang", "provinsi": "Jawa Barat" }, "geometry": { "type": "Polygon", "coordinates": [ [ [ 107.7134, -6.7414 ], [ 107.696, -6.7577 ], [ 107.6946, -6.7648 ], [ 107.6845, -6.7658 ], [ 107.6779, -6.7761 ], [ 107.6723, -6.779 ], [ 107.6711, -6.7763 ], [ 107.6573, -6.773 ], [ 107.6276, -6.7738 ], [ 107.6207, -6.7645 ], [ 107.6174, -6.7633 ], [ 107.6182, -6.7608 ], [ 107.6214, -6.7606 ], [ 107.6191, -6.7537 ], [ 107.6247, -6.7513 ], [ 107.623, -6.7488 ], [ 107.6246, -6.7439 ], [ 107.6389, -6.7303 ], [ 107.6404, -6.7248 ], [ 107.6466, -6.7227 ], [ 107.6498, -6.7115 ], [ 107.65, -6.6949 ], [ 107.6552, -6.6828 ], [ 107.6556, -6.6863 ], [ 107.6615, -6.6897 ], [ 107.6605, -6.6946 ], [ 107.6643, -6.6999 ], [ 107.6799, -6.6985 ], [ 107.6793, -6.7036 ], [ 107.6724, -6.7117 ], [ 107.6818, -6.7125 ], [ 107.6888, -6.7038 ], [ 107.6889, -6.7072 ], [ 107.6942, -6.7057 ], [ 107.6923, -6.7129 ], [ 107.6973, -6.7129 ], [ 107.7082, -6.7037 ], [ 107.7221, -6.6999 ], [ 107.729, -6.7004 ], [ 107.7252, -6.7093 ], [ 107.7198, -6.7117 ], [ 107.7156, -6.7179 ], [ 107.7169, -6.7218 ], [ 107.7121, -6.7303 ], [ 107.7139, -6.7393 ], [ 107.7113, -6.7395 ], [ 107.7134, -6.7414 ] ] ] } },
{ "type": "Feature", "properties": { "district_id": "IDN.9.23.5_1", "name": "Cibogo", "kabupaten": "Subang", "provinsi": "Jawa Barat" }, "geometry": { "type": "Polygon", "coordinates": [ [ [ 107.8509, -6.6064 ], [ 107.852, -6.6203 ], [ 107.855, -6.6254 ], [ 107.8506, -6.6325 ], [ 107.8489, -6.6424 ], [ 107.8514, -6.6524 ], [ 107.8488, -6.6504 ], [ 107.8457, -6.6395 ], [ 107.8472, -6.6351 ], [ 107.8218, -6.6335 ], [ 107.8181, -6.6248 ], [ 107.8201, -6.6212 ], [ 107.8248, -6.6207 ], [ 107.8257, -6.6189 ], [ 107.8231, -6.618 ], [ 107.8271, -6.6182 ], [ 107.8266, -6.6143 ], [ 107.8298, -6.6149 ], [ 107.8333, -6.6115 ], [ 107.8353, -6.6066 ], [ 107.8333, -6.6033 ], [ 107.8353, -6.6013 ], [ 107.8331, -6.6008 ], [ 107.8368, -6.5997 ], [ 107.8377, -6.5963 ], [ 107.8346, -6.5913 ], [ 107.8362, -6.5892 ], [ 107.8299, -6.5861 ], [ 107.8328, -6.58 ], [ 107.8278, -6.5728 ], [ 107.829, -6.5675 ], [ 107.8228, -6.5612 ], [ 107.8182, -6.5644 ], [ 107.8159, -6.5622 ], [ 107.8093, -6.5633 ], [ 107.8027, -6.5613 ], [ 107.799, -6.5638 ], [ 107.7882, -6.5627 ], [ 107.7881, -6.5562 ], [ 107.7784, -6.5553 ], [ 107.7846, -6.5408 ], [ 107.7847, -6.5319 ], [ 107.8013, -6.5304 ], [ 107.8105, -6.5339 ], [ 107.8099, -6.536 ], [ 107.8368, -6.5357 ], [ 107.8429, -6.5389 ], [ 107.8687, -6.5352 ], [ 107.8708, -6.5368 ], [ 107.8716, -6.5341 ], [ 107.8743, -6.5345 ], [ 107.8711, -6.5323 ], [ 107.8717, -6.5291 ], [ 107.8882, -6.5385 ], [ 107.8884, -6.5469 ], [ 107.8916, -6.5505 ], [ 107.8983, -6.5496 ], [ 107.896, -6.5532 ], [ 107.8924, -6.5531 ], [ 107.8934, -6.5574 ], [ 107.8867, -6.5553 ], [ 107.8844, -6.5568 ], [ 107.8807, -6.5615 ], [ 107.8799, -6.5675 ], [ 107.8631, -6.5677 ], [ 107.8513, -6.5718 ], [ 107.8513, -6.5748 ], [ 107.8556, -6.579 ], [ 107.849, -6.5812 ], [ 107.8479, -6.5862 ], [ 107.8568, -6.5999 ], [ 107.8509, -6.6064 ] ] ] } },
{ "type": "Feature", "properties": { "district_id": "IDN.9.23.6_1", "name": "Cijambe", "kabupaten": "Subang", "provinsi": "Jawa Barat" }, "geometry": { "type": "Polygon", "coordinates": [ [ [ 107.8218, -6.6329 ], [ 107.8472, -6.6351 ], [ 107.8457, -6.6395 ], [ 107.8498, -6.6558 ], [ 107.8449, -6.6566 ], [ 107.8409, -6.6652 ], [ 107.8261, -6.671 ], [ 107.8129, -6.6687 ], [ 107.8083, -6.6714 ], [ 107.7978, -6.6724 ], [ 107.7777, -6.6663 ], [ 107.7686, -6.667 ], [ 107.7635, -6.6711 ], [ 107.7584, -6.669 ], [ 107.7483, -6.6566 ], [ 107.7389, -6.6584 ], [ 107.7343, -6.6489 ], [ 107.7289, -6.6476 ], [ 107.7233, -6.6387 ], [ 107.7127, -6.6325 ], [ 107.7118, -6.6267 ], [ 107.7025, -6.6258 ], [ 107.7067, -6.6143 ], [ 107.7113, -6.6088 ], [ 107.7173, -6.609 ], [ 107.7216, -6.6034 ], [ 107.7292, -6.6044 ], [ 107.735, -6.5928 ], [ 107.743, -6.5915 ], [ 107.7481, -6.5844 ], [ 107.7696, -6.5862 ], [ 107.775, -6.5806 ], [ 107.7887, -6.5785 ], [ 107.7937, -6.5909 ], [ 107.7921, -6.5929 ], [ 107.7934, -6.5977 ], [ 107.7883, -6.6003 ], [ 107.7928, -6.6071 ], [ 107.7918, -6.6142 ], [ 107.8022, -6.613 ], [ 107.8257, -6.6189 ], [ 107.8236, -6.6221 ], [ 107.8203, -6.6211 ], [ 107.8183, -6.6235 ], [ 107.8218, -6.6329 ] ] ] } },
{ "type": "Feature", "properties": { "district_id": "IDN.9.23.7_1", "name": "Cikaum", "kabupaten": "Subang", "provinsi": "Jawa Barat" }, "geometry": { "type": "Polygon", "coordinates": [ [ [ 107.7498, -6.4832 ], [ 107.7403, -6.4919 ], [ 107.7405, -6.4953 ], [ 107.7373, -6.4962 ], [ 107.7315, -6.5066 ], [ 107.7274, -6.5086 ], [ 107.7244, -6.5055 ], [ 107.7255, -6.5008 ], [ 107.723, -6.5014 ], [ 107.7223, -6.4983 ], [ 107.7233, -6.4795 ], [ 107.7178, -6.4678 ], [ 107.7227, -6.4556 ], [ 107.7289, -6.4517 ], [ 107.7295, -6.4377 ], [ 107.7163, -6.4336 ], [ 107.7118, -6.4411 ], [ 107.7074, -6.4426 ], [ 107.7041, -6.4384 ], [ 107.7032, -6.4321 ], [ 107.695, -6.433 ], [ 107.6948, -6.4297 ], [ 107.6951, -6.427 ], [ 107.7008, -6.4254 ], [ 107.6992, -6.4093 ], [ 107.7074, -6.4082 ], [ 107.7154, -6.3993 ], [ 107.7127, -6.3967 ], [ 107.7099, -6.379 ], [ 107.713, -6.3636 ], [ 107.7072, -6.3574 ], [ 107.7319, -6.3568 ], [ 107.7421, -6.3529 ], [ 107.7456, -6.3473 ], [ 107.7469, -6.357 ], [ 107.7564, -6.3567 ], [ 107.77, -6.3607 ], [ 107.7693, -6.3692 ], [ 107.774, -6.3701 ], [ 107.7744, -6.3781 ], [ 107.7802, -6.3831 ], [ 107.7798, -6.3877 ], [ 107.775, -6.3861 ], [ 107.77, -6.4064 ], [ 107.7714, -6.4098 ], [ 107.7643, -6.4171 ], [ 107.7674, -6.4187 ], [ 107.7671, -6.4208 ], [ 107.7598, -6.4236 ], [ 107.7551, -6.4213 ], [ 107.7529, -6.4275 ], [ 107.7498, -6.4267 ], [ 107.7531, -6.4307 ], [ 107.7529, -6.4394 ], [ 107.746, -6.4522 ], [ 107.7475, -6.4549 ], [ 107.7431, -6.4562 ], [ 107.7451, -6.4633 ], [ 107.748, -6.463 ], [ 107.7502, -6.4717 ], [ 107.7498, -6.4832 ] ] ] } },
{ "type": "Feature", "properties": { "district_id": "IDN.9.23.8_1", "name": "Cipeundeuy", "kabupaten": "Subang", "provinsi": "Jawa Barat" }, "geometry": { "type": "Polygon", "coordinates": [ [ [ 107.5565, -6.5583 ], [ 107.561, -6.5557 ], [ 107.5584, -6.5503 ], [ 107.5624, -6.546 ], [ 107.5558, -6.5398 ], [ 107.559, -6.5362 ], [ 107.558, -6.5317 ], [ 107.5637, -6.5279 ], [ 107.5621, -6.5244 ], [ 107.5586, -6.5233 ], [ 107.5602, -6.5202 ], [ 107.5548, -6.5174 ], [ 107.5607, -6.5147 ], [ 107.5588, -6.5102 ], [ 107.5615, -6.5095 ], [ 107.5603, -6.5 ], [ 107.5625, -6.4963 ], [ 107.5596, -6.4904 ], [ 107.5637, -6.4903 ], [ 107.5655, -6.4872 ], [ 107.5624, -6.4853 ], [ 107.562, -6.4885 ], [ 107.559, -6.4872 ], [ 107.5593, -6.4759 ], [ 107.5521, -6.474 ], [ 107.551, -6.4706 ], [ 107.5453, -6.4702 ], [ 107.545, -6.4597 ], [ 107.5427, -6.4597 ], [ 107.5441, -6.4557 ], [ 107.5411, -6.4538 ], [ 107.5438, -6.45 ], [ 107.5421, -6.4456 ], [ 107.5456, -6.4473 ], [ 107.569, -6.447 ], [ 107.5696, -6.4573 ], [ 107.6042, -6.4567 ], [ 107.6057, -6.4546 ], [ 107.6027, -6.4515 ], [ 107.6035, -6.4486 ], [ 107.6062, -6.449 ], [ 107.6067, -6.4435 ], [ 107.6123, -6.4399 ], [ 107.6196, -6.4407 ], [ 107.6244, -6.4343 ], [ 107.6268, -6.4345 ], [ 107.6275, -6.4379 ], [ 107.6283, -6.4345 ], [ 107.6328, -6.4353 ], [ 107.6396, -6.4304 ], [ 107.639, -6.4331 ], [ 107.6442, -6.4422 ], [ 107.6428, -6.4475 ], [ 107.648, -6.453 ], [ 107.6353, -6.4663 ], [ 107.6259, -6.4677 ], [ 107.6282, -6.4787 ], [ 107.6247, -6.4911 ], [ 107.6282, -6.497 ], [ 107.6336, -6.4974 ], [ 107.6389, -6.5015 ], [ 107.6395, -6.505 ], [ 107.6449, -6.5072 ], [ 107.6499, -6.5249 ], [ 107.6369, -6.519 ], [ 107.6313, -6.5305 ], [ 107.6361, -6.534 ], [ 107.6388, -6.5409 ], [ 107.6377, -6.5425 ], [ 107.6319, -6.5411 ], [ 107.631, -6.5453 ], [ 107.6276, -6.5447 ], [ 107.6291, -6.5433 ], [ 107.6241, -6.5299 ], [ 107.6149, -6.535 ], [ 107.6055, -6.5339 ], [ 107.599, -6.5376 ], [ 107.5944, -6.5355 ], [ 107.5839, -6.5439 ], [ 107.586, -6.5542 ], [ 107.5886, -6.5565 ], [ 107.5856, -6.5632 ], [ 107.5879, -6.5744 ], [ 107.5931, -6.5757 ], [ 107.5917, -6.5803 ], [ 107.5779, -6.5787 ], [ 107.5724, -6.5811 ], [ 107.5685, -6.5786 ], [ 107.5694, -6.5746 ], [ 107.5635, -6.5711 ], [ 107.5645, -6.5676 ], [ 107.562, -6.5698 ], [ 107.5608, -6.5673 ], [ 107.5539, -6.5666 ], [ 107.5545, -6.5618 ], [ 107.5582, -6.5613 ], [ 107.5565, -6.5583 ] ] ] } },
{ "type": "Feature", "properties": { "district_id": "IDN.9.23.9_1", "name": "Cipunagara", "kabupaten": "Subang", "provinsi": "Jawa Barat" }, "geometry": { "type": "MultiPolygon", "coordinates": [ [ [ [ 107.8153, -6.535 ], [ 107.8164, -6.5349 ], [ 107.8167, -6.5351 ], [ 107.8153, -6.535 ] ] ], [ [ [ 107.8687, -6.5352 ], [ 107.8394, -6.5384 ], [ 107.8368, -6.5357 ], [ 107.8192, -6.536 ], [ 107.8145, -6.5336 ], [ 107.8269, -6.5294 ], [ 107.8278, -6.514 ], [ 107.8306, -6.5084 ], [ 107.8112, -6.5009 ], [ 107.8134, -6.4908 ], [ 107.8164, -6.4903 ], [ 107.8263, -6.4757 ], [ 107.8245, -6.4646 ], [ 107.8267, -6.4624 ], [ 107.8266, -6.4568 ], [ 107.8234, -6.4564 ], [ 107.8286, -6.453 ], [ 107.8258, -6.4473 ], [ 107.8362, -6.4292 ], [ 107.8366, -6.4158 ], [ 107.8428, -6.4122 ], [ 107.8449, -6.4131 ], [ 107.8439, -6.4175 ], [ 107.8583, -6.4253 ], [ 107.867, -6.4249 ], [ 107.8711, -6.4202 ], [ 107.8733, -6.4217 ], [ 107.87, -6.4272 ], [ 107.8703, -6.4366 ], [ 107.8786, -6.4504 ], [ 107.8789, -6.4577 ], [ 107.8873, -6.4579 ], [ 107.892, -6.4629 ], [ 107.8951, -6.4627 ], [ 107.8952, -6.472 ], [ 107.8992, -6.4716 ], [ 107.8978, -6.4752 ], [ 107.8994, -6.4774 ], [ 107.8965, -6.4804 ], [ 107.8983, -6.485 ], [ 107.9029, -6.4824 ], [ 107.9106, -6.4856 ], [ 107.9117, -6.4825 ], [ 107.9123, -6.4884 ], [ 107.9184, -6.4858 ], [ 107.9193, -6.4872 ], [ 107.9131, -6.4909 ], [ 107.9155, -6.4949 ], [ 107.9205, -6.4917 ], [ 107.9185, -6.4951 ], [ 107.9075, -6.4963 ], [ 107.9093, -6.4984 ], [ 107.906, -6.5066 ], [ 107.911, -6.5069 ], [ 107.9155, -6.501 ], [ 107.9198, -6.5086 ], [ 107.918, -6.5115 ], [ 107.9202, -6.5145 ], [ 107.9174, -6.517 ], [ 107.9162, -6.5246 ], [ 107.9083, -6.5287 ], [ 107.9114, -6.5342 ], [ 107.9063, -6.5427 ], [ 107.8967, -6.5473 ], [ 107.8947, -6.5461 ], [ 107.8916, -6.5505 ], [ 107.8884, -6.5469 ], [ 107.8882, -6.5385 ], [ 107.8717, -6.5291 ], [ 107.8711, -6.5323 ], [ 107.8743, -6.5345 ], [ 107.8716, -6.5341 ], [ 107.8708, -6.5368 ], [ 107.8687, -6.5352 ] ] ] ] } },
{ "type": "Feature", "properties": { "district_id": "IDN.9.23.10_1", "name": "Cisalak", "kabupaten": "Subang", "provinsi": "Jawa Barat" }, "geometry": { "type": "Polygon", "coordinates": [ [ [ 107.688, -6.7983 ], [ 107.6723, -6.779 ], [ 107.6779, -6.7761 ], [ 107.6845, -6.7658 ], [ 107.6946, -6.7648 ], [ 107.696, -6.7577 ], [ 107.7134, -6.7415 ], [ 107.7117, -6.7389 ], [ 107.7177, -6.7397 ], [ 107.7214, -6.7456 ], [ 107.7287, -6.7405 ], [ 107.7327, -6.7318 ], [ 107.7374, -6.7286 ], [ 107.7383, -6.7247 ], [ 107.7357, -6.7208 ], [ 107.7472, -6.7143 ], [ 107.7478, -6.7053 ], [ 107.7602, -6.7014 ], [ 107.7637, -6.6975 ], [ 107.7657, -6.7012 ], [ 107.7694, -6.6995 ], [ 107.7718, -6.7024 ], [ 107.7753, -6.7006 ], [ 107.7773, -6.703 ], [ 107.7767, -6.6993 ], [ 107.7796, -6.6977 ], [ 107.7933, -6.7024 ], [ 107.7932, -6.7107 ], [ 107.788, -6.7108 ], [ 107.784, -6.7187 ], [ 107.7889, -6.72 ], [ 107.7885, -6.7251 ], [ 107.7991, -6.7275 ], [ 107.801, -6.741 ], [ 107.7994, -6.7456 ], [ 107.7963, -6.7453 ], [ 107.7944, -6.751 ], [ 107.7984, -6.7581 ], [ 107.7897, -6.7694 ], [ 107.7847, -6.7723 ], [ 107.7877, -6.7783 ], [ 107.7825, -6.8016 ], [ 107.7764, -6.8012 ], [ 107.7741, -6.8049 ], [ 107.7613, -6.8111 ], [ 107.7335, -6.8143 ], [ 107.7262, -6.8109 ], [ 107.7262, -6.8051 ], [ 107.7238, -6.802 ], [ 107.7114, -6.7976 ], [ 107.7076, -6.7929 ], [ 107.7011, -6.793 ], [ 107.688, -6.7983 ] ] ] } },
{ "type": "Feature", "properties": { "district_id": "IDN.9.23.11_1", "name": "Compreng", "kabupaten": "Subang", "provinsi": "Jawa Barat" }, "geometry": { "type": "MultiPolygon", "coordinates": [ [ [ [ 107.8931, -6.4165 ], [ 107.897, -6.4257 ], [ 107.8916, -6.4338 ], [ 107.8927, -6.4389 ], [ 107.89, -6.4433 ], [ 107.8948, -6.4489 ], [ 107.8912, -6.4489 ], [ 107.893, -6.4524 ], [ 107.8889, -6.4578 ], [ 107.8789, -6.4572 ], [ 107.8786, -6.4504 ], [ 107.8703, -6.4366 ], [ 107.87, -6.4272 ], [ 107.8733, -6.4217 ], [ 107.8711, -6.4202 ], [ 107.867, -6.4249 ], [ 107.8583, -6.4253 ], [ 107.8441, -6.4176 ], [ 107.8449, -6.4131 ], [ 107.8421, -6.4087 ], [ 107.8337, -6.4026 ], [ 107.83, -6.3864 ], [ 107.8255, -6.3862 ], [ 107.8221, -6.382 ], [ 107.828, -6.3598 ], [ 107.823, -6.3569 ], [ 107.8254, -6.3541 ], [ 107.8246, -6.3492 ], [ 107.8367, -6.3491 ], [ 107.8359, -6.3597 ], [ 107.8478, -6.3737 ], [ 107.849, -6.3797 ], [ 107.8543, -6.3813 ], [ 107.861, -6.3801 ], [ 107.8659, -6.3718 ], [ 107.8731, -6.3692 ], [ 107.868, -6.3634 ], [ 107.8727, -6.3617 ], [ 107.8723, -6.3416 ], [ 107.8666, -6.3341 ], [ 107.8666, -6.3397 ], [ 107.8624, -6.3419 ], [ 107.8627, -6.3366 ], [ 107.8592, -6.3386 ], [ 107.8581, -6.3349 ], [ 107.8684, -6.3316 ], [ 107.8839, -6.3464 ], [ 107.8839, -6.3498 ], [ 107.8906, -6.3509 ], [ 107.8978, -6.3332 ], [ 107.9069, -6.3397 ], [ 107.9197, -6.3404 ], [ 107.9166, -6.3477 ], [ 107.9203, -6.3511 ], [ 107.9235, -6.3599 ], [ 107.9146, -6.3705 ], [ 107.9189, -6.371 ], [ 107.914, -6.3769 ], [ 107.9083, -6.3776 ], [ 107.8981, -6.3903 ], [ 107.8948, -6.3972 ], [ 107.8987, -6.4014 ], [ 107.8989, -6.4062 ], [ 107.8905, -6.4036 ], [ 107.8931, -6.4079 ], [ 107.8917, -6.414 ], [ 107.8879, -6.4163 ], [ 107.8931, -6.4165 ] ] ], [ [ [ 107.8979, -6.4202 ], [ 107.8966, -6.4195 ], [ 107.8979, -6.4191 ], [ 107.8979, -6.4202 ] ] ] ] } },
{ "type": "Feature", "properties": { "district_id": "IDN.9.23.12_1", "name": "Dawuan", "kabupaten": "Subang", "provinsi": "Jawa Barat" }, "geometry": { "type": "Polygon", "coordinates": [ [ [ 107.7297, -6.5676 ], [ 107.7315, -6.5861 ], [ 107.7291, -6.588 ], [ 107.7276, -6.5866 ], [ 107.7187, -6.5944 ], [ 107.7153, -6.5926 ], [ 107.715, -6.6031 ], [ 107.7123, -6.6023 ], [ 107.7093, -6.6063 ], [ 107.7031, -6.6062 ], [ 107.6871, -6.6132 ], [ 107.6833, -6.6219 ], [ 107.676, -6.6253 ], [ 107.6764, -6.6194 ], [ 107.6615, -6.6183 ], [ 107.6369, -6.6303 ], [ 107.6248, -6.6189 ], [ 107.6248, -6.6024 ], [ 107.6212, -6.5942 ], [ 107.6256, -6.5831 ], [ 107.6342, -6.5836 ], [ 107.6355, -6.5804 ], [ 107.6372, -6.5828 ], [ 107.6375, -6.5801 ], [ 107.6413, -6.5788 ], [ 107.6414, -6.5753 ], [ 107.6449, -6.578 ], [ 107.6535, -6.5778 ], [ 107.656, -6.5744 ], [ 107.6551, -6.572 ], [ 107.6614, -6.5723 ], [ 107.6622, -6.5686 ], [ 107.6661, -6.5674 ], [ 107.6609, -6.5662 ], [ 107.6601, -6.5635 ], [ 107.664, -6.5598 ], [ 107.668, -6.5595 ], [ 107.6651, -6.555 ], [ 107.6708, -6.556 ], [ 107.672, -6.5544 ], [ 107.6696, -6.552 ], [ 107.673, -6.5513 ], [ 107.673, -6.5545 ], [ 107.6753, -6.552 ], [ 107.6765, -6.5483 ], [ 107.6735, -6.5448 ], [ 107.6764, -6.5454 ], [ 107.6789, -6.542 ], [ 107.6827, -6.5433 ], [ 107.6833, -6.5404 ], [ 107.6863, -6.5412 ], [ 107.6832, -6.5365 ], [ 107.6867, -6.5343 ], [ 107.6886, -6.5369 ], [ 107.6883, -6.531 ], [ 107.695, -6.5332 ], [ 107.6993, -6.5301 ], [ 107.6994, -6.5261 ], [ 107.7098, -6.5224 ], [ 107.7158, -6.5058 ], [ 107.7182, -6.5071 ], [ 107.7193, -6.5054 ], [ 107.7196, -6.5107 ], [ 107.7252, -6.5032 ], [ 107.7244, -6.5055 ], [ 107.728, -6.5086 ], [ 107.736, -6.4999 ], [ 107.7366, -6.505 ], [ 107.7388, -6.5048 ], [ 107.7355, -6.5084 ], [ 107.738, -6.513 ], [ 107.7346, -6.515 ], [ 107.7356, -6.5178 ], [ 107.7393, -6.5175 ], [ 107.7358, -6.5239 ], [ 107.7374, -6.5279 ], [ 107.7338, -6.5295 ], [ 107.737, -6.5316 ], [ 107.7338, -6.5416 ], [ 107.7367, -6.5455 ], [ 107.7321, -6.5528 ], [ 107.734, -6.5536 ], [ 107.7311, -6.5584 ], [ 107.733, -6.5655 ], [ 107.7297, -6.5676 ] ] ] } },
{ "type": "Feature", "properties": { "district_id": "IDN.9.23.13_1", "name": "Jalancagak", "kabupaten": "Subang", "provinsi": "Jawa Barat" }, "geometry": { "type": "Polygon", "coordinates": [ [ [ 107.6724, -6.7117 ], [ 107.6793, -6.7036 ], [ 107.6799, -6.6985 ], [ 107.6645, -6.7 ], [ 107.6605, -6.6946 ], [ 107.6614, -6.6896 ], [ 107.6556, -6.6863 ], [ 107.6562, -6.6828 ], [ 107.6623, -6.677 ], [ 107.6613, -6.6737 ], [ 107.6657, -6.6701 ], [ 107.666, -6.6729 ], [ 107.6744, -6.6614 ], [ 107.6759, -6.6552 ], [ 107.6727, -6.6469 ], [ 107.6772, -6.6406 ], [ 107.6764, -6.6359 ], [ 107.6821, -6.6331 ], [ 107.6887, -6.6338 ], [ 107.6965, -6.6248 ], [ 107.7118, -6.6267 ], [ 107.7132, -6.633 ], [ 107.7233, -6.6387 ], [ 107.7289, -6.6476 ], [ 107.7343, -6.6489 ], [ 107.7442, -6.666 ], [ 107.7479, -6.6659 ], [ 107.7487, -6.6818 ], [ 107.7416, -6.6785 ], [ 107.7359, -6.6894 ], [ 107.7333, -6.6905 ], [ 107.7233, -6.6862 ], [ 107.7188, -6.6949 ], [ 107.7127, -6.6872 ], [ 107.7039, -6.6839 ], [ 107.7025, -6.697 ], [ 107.6985, -6.6979 ], [ 107.6953, -6.7054 ], [ 107.7026, -6.7082 ], [ 107.6994, -6.7116 ], [ 107.6925, -6.713 ], [ 107.6942, -6.7057 ], [ 107.6889, -6.7072 ], [ 107.6888, -6.7038 ], [ 107.6818, -6.7125 ], [ 107.6724, -6.7117 ] ] ] } },
{ "type": "Feature", "properties": { "district_id": "IDN.9.23.14_1", "name": "Kalijati", "kabupaten": "Subang", "provinsi": "Jawa Barat" }, "geometry": { "type": "Polygon", "coordinates": [ [ [ 107.6727, -6.5539 ], [ 107.6725, -6.5511 ], [ 107.6696, -6.552 ], [ 107.672, -6.5544 ], [ 107.6708, -6.556 ], [ 107.665, -6.5551 ], [ 107.668, -6.5594 ], [ 107.6601, -6.5635 ], [ 107.6609, -6.5662 ], [ 107.6661, -6.5674 ], [ 107.6622, -6.5686 ], [ 107.6614, -6.5723 ], [ 107.6551, -6.572 ], [ 107.656, -6.5744 ], [ 107.6535, -6.5778 ], [ 107.6449, -6.578 ], [ 107.6414, -6.5753 ], [ 107.6408, -6.5795 ], [ 107.6375, -6.5801 ], [ 107.637, -6.5828 ], [ 107.6355, -6.5804 ], [ 107.6342, -6.5836 ], [ 107.6256, -6.5831 ], [ 107.6207, -6.5865 ], [ 107.6131, -6.5833 ], [ 107.6086, -6.5843 ], [ 107.6034, -6.5821 ], [ 107.6047, -6.5808 ], [ 107.6026, -6.5791 ], [ 107.5937, -6.5781 ], [ 107.5935, -6.5757 ], [ 107.5879, -6.5744 ], [ 107.5856, -6.5632 ], [ 107.5886, -6.5565 ], [ 107.586, -6.5542 ], [ 107.5837, -6.5444 ], [ 107.5856, -6.5425 ], [ 107.5944, -6.5355 ], [ 107.599, -6.5376 ], [ 107.6055, -6.5339 ], [ 107.6149, -6.535 ], [ 107.6241, -6.5299 ], [ 107.6291, -6.5433 ], [ 107.6276, -6.5447 ], [ 107.631, -6.5453 ], [ 107.6319, -6.5411 ], [ 107.6377, -6.5425 ], [ 107.6388, -6.5409 ], [ 107.6361, -6.534 ], [ 107.6313, -6.5305 ], [ 107.6369, -6.519 ], [ 107.6499, -6.5249 ], [ 107.6449, -6.5072 ], [ 107.6395, -6.505 ], [ 107.6389, -6.5015 ], [ 107.6336, -6.4974 ], [ 107.6273, -6.4963 ], [ 107.6246, -6.4878 ], [ 107.6282, -6.4787 ], [ 107.6259, -6.4677 ], [ 107.6353, -6.4663 ], [ 107.6496, -6.4521 ], [ 107.6609, -6.473 ], [ 107.6693, -6.4711 ], [ 107.6677, -6.4799 ], [ 107.6651, -6.4823 ], [ 107.666, -6.4872 ], [ 107.6784, -6.5016 ], [ 107.6957, -6.5037 ], [ 107.7006, -6.4987 ], [ 107.7041, -6.484 ], [ 107.7239, -6.4832 ], [ 107.7223, -6.4983 ], [ 107.723, -6.5014 ], [ 107.7255, -6.501 ], [ 107.7228, -6.5076 ], [ 107.719, -6.5107 ], [ 107.7193, -6.5054 ], [ 107.7182, -6.5071 ], [ 107.7158, -6.5058 ], [ 107.7098, -6.5224 ], [ 107.6992, -6.5262 ], [ 107.6993, -6.5301 ], [ 107.6962, -6.5326 ], [ 107.6883, -6.531 ], [ 107.6886, -6.5369 ], [ 107.6867, -6.5343 ], [ 107.6832, -6.5365 ], [ 107.6863, -6.5412 ], [ 107.6833, -6.5404 ], [ 107.6827, -6.5433 ], [ 107.6789, -6.542 ], [ 107.6764, -6.5454 ], [ 107.6735, -6.5448 ], [ 107.6765, -6.5485 ], [ 107.6727, -6.5539 ] ] ] } },
{ "type": "Feature", "properties": { "district_id": "IDN.9.23.15_1", "name": "Kasomalang", "kabupaten": "Subang", "provinsi": "Jawa Barat" }, "geometry": { "type": "Polygon", "coordinates": [ [ [ 107.7136, -6.7378 ], [ 107.7121, -6.7303 ], [ 107.7169, -6.7218 ], [ 107.7156, -6.7179 ], [ 107.7198, -6.7117 ], [ 107.7252, -6.7093 ], [ 107.729, -6.7004 ], [ 107.7221, -6.6999 ], [ 107.7082, -6.7037 ], [ 107.7015, -6.7085 ], [ 107.6953, -6.7054 ], [ 107.6985, -6.6979 ], [ 107.7025, -6.697 ], [ 107.7039, -6.6839 ], [ 107.7127, -6.6872 ], [ 107.7188, -6.6949 ], [ 107.7233, -6.6862 ], [ 107.7333, -6.6905 ], [ 107.7359, -6.6894 ], [ 107.7416, -6.6785 ], [ 107.7486, -6.682 ], [ 107.7481, -6.6663 ], [ 107.7442, -6.666 ], [ 107.7391, -6.6585 ], [ 107.7483, -6.6566 ], [ 107.7611, -6.6708 ], [ 107.7686, -6.667 ], [ 107.7777, -6.6663 ], [ 107.7978, -6.6724 ], [ 107.8083, -6.6714 ], [ 107.8108, -6.669 ], [ 107.8181, -6.6697 ], [ 107.8142, -6.674 ], [ 107.8192, -6.6748 ], [ 107.8193, -6.6771 ], [ 107.8099, -6.6775 ], [ 107.8122, -6.6806 ], [ 107.8173, -6.6815 ], [ 107.8161, -6.6835 ], [ 107.8092, -6.6877 ], [ 107.8023, -6.6874 ], [ 107.788, -6.6994 ], [ 107.7836, -6.6978 ], [ 107.7822, -6.6998 ], [ 107.7793, -6.6977 ], [ 107.7767, -6.6993 ], [ 107.7764, -6.7031 ], [ 107.7753, -6.7006 ], [ 107.7718, -6.7024 ], [ 107.7694, -6.6995 ], [ 107.7657, -6.7012 ], [ 107.7637, -6.6975 ], [ 107.7602, -6.7014 ], [ 107.7478, -6.7053 ], [ 107.7472, -6.7143 ], [ 107.7357, -6.7208 ], [ 107.7383, -6.7247 ], [ 107.7374, -6.7286 ], [ 107.7327, -6.7318 ], [ 107.7287, -6.7405 ], [ 107.7214, -6.7456 ], [ 107.7177, -6.7397 ], [ 107.7136, -6.7378 ] ] ] } },
{ "type": "Feature", "properties": { "district_id": "IDN.9.23.16_1", "name": "Legonkulon", "kabupaten": "Subang", "provinsi": "Jawa Barat" }, "geometry": { "type": "Polygon", "coordinates": [ [ [ 107.8219, -6.2676 ], [ 107.8009, -6.2703 ], [ 107.7953, -6.2651 ], [ 107.7849, -6.2728 ], [ 107.7811, -6.2691 ], [ 107.7707, -6.2691 ], [ 107.7662, -6.2668 ], [ 107.7619, -6.2588 ], [ 107.7596, -6.247 ], [ 107.7569, -6.2481 ], [ 107.7535, -6.2452 ], [ 107.7507, -6.237 ], [ 107.7454, -6.2319 ], [ 107.7517, -6.2281 ], [ 107.7536, -6.2291 ], [ 107.7607, -6.221 ], [ 107.7602, -6.2179 ], [ 107.7652, -6.2144 ], [ 107.7841, -6.2064 ], [ 107.7932, -6.2039 ], [ 107.7991, -6.2051 ], [ 107.8068, -6.1995 ], [ 107.8132, -6.1996 ], [ 107.8157, -6.1966 ], [ 107.815, -6.1908 ], [ 107.8218, -6.1873 ], [ 107.8531, -6.1909 ], [ 107.8507, -6.1986 ], [ 107.859, -6.218 ], [ 107.8559, -6.2197 ], [ 107.8566, -6.228 ], [ 107.8418, -6.2321 ], [ 107.8462, -6.2458 ], [ 107.8449, -6.2527 ], [ 107.8409, -6.2555 ], [ 107.8416, -6.2658 ], [ 107.8268, -6.2704 ], [ 107.827, -6.2738 ], [ 107.8232, -6.2728 ], [ 107.8219, -6.2676 ] ] ] } },
{ "type": "Feature", "properties": { "district_id": "IDN.9.23.17_1", "name": "Pabuaran", "kabupaten": "Subang", "provinsi": "Jawa Barat" }, "geometry": { "type": "Polygon", "coordinates": [ [ [ 107.6058, -6.4555 ], [ 107.5696, -6.4573 ], [ 107.569, -6.447 ], [ 107.5359, -6.4455 ], [ 107.5264, -6.436 ], [ 107.5265, -6.4258 ], [ 107.5297, -6.4242 ], [ 107.5288, -6.4194 ], [ 107.5326, -6.4148 ], [ 107.5405, -6.4166 ], [ 107.5504, -6.4107 ], [ 107.5517, -6.4061 ], [ 107.5558, -6.4081 ], [ 107.553, -6.402 ], [ 107.5546, -6.3996 ], [ 107.5663, -6.401 ], [ 107.5708, -6.4036 ], [ 107.5726, -6.4081 ], [ 107.5772, -6.4031 ], [ 107.5749, -6.3984 ], [ 107.5761, -6.3914 ], [ 107.591, -6.3852 ], [ 107.5994, -6.3895 ], [ 107.6074, -6.3886 ], [ 107.6385, -6.4023 ], [ 107.6411, -6.3931 ], [ 107.643, -6.3956 ], [ 107.6443, -6.3945 ], [ 107.6451, -6.389 ], [ 107.6552, -6.3858 ], [ 107.6528, -6.3889 ], [ 107.6564, -6.4039 ], [ 107.6633, -6.4175 ], [ 107.6602, -6.4211 ], [ 107.6617, -6.4254 ], [ 107.6593, -6.4305 ], [ 107.6391, -6.4305 ], [ 107.6328, -6.4353 ], [ 107.6283, -6.4345 ], [ 107.6275, -6.4379 ], [ 107.6268, -6.4345 ], [ 107.6244, -6.4343 ], [ 107.6196, -6.4407 ], [ 107.6123, -6.4399 ], [ 107.6067, -6.4435 ], [ 107.6062, -6.449 ], [ 107.6035, -6.4486 ], [ 107.6027, -6.4515 ], [ 107.6058, -6.4555 ] ] ] } },
{ "type": "Feature", "properties": { "district_id": "IDN.9.23.19_1", "name": "Pagaden", "kabupaten": "Subang", "provinsi": "Jawa Barat" }, "geometry": { "type": "Polygon", "coordinates": [ [ [ 107.8029, -6.5307 ], [ 107.7878, -6.5311 ], [ 107.7823, -6.5285 ], [ 107.7838, -6.524 ], [ 107.774, -6.5223 ], [ 107.7689, -6.5272 ], [ 107.7611, -6.5271 ], [ 107.7579, -6.5141 ], [ 107.7593, -6.512 ], [ 107.7699, -6.5112 ], [ 107.7833, -6.5147 ], [ 107.7835, -6.51 ], [ 107.7885, -6.5051 ], [ 107.7859, -6.4959 ], [ 107.8049, -6.486 ], [ 107.8104, -6.4718 ], [ 107.8101, -6.4625 ], [ 107.7851, -6.4561 ], [ 107.7825, -6.4515 ], [ 107.7807, -6.4511 ], [ 107.7799, -6.4544 ], [ 107.7769, -6.4539 ], [ 107.7775, -6.4511 ], [ 107.7727, -6.4505 ], [ 107.7724, -6.447 ], [ 107.7689, -6.4443 ], [ 107.7592, -6.4411 ], [ 107.7604, -6.4369 ], [ 107.7655, -6.4356 ], [ 107.772, -6.4296 ], [ 107.7763, -6.4293 ], [ 107.779, -6.4259 ], [ 107.7859, -6.4305 ], [ 107.8006, -6.4215 ], [ 107.8027, -6.4267 ], [ 107.8118, -6.4311 ], [ 107.8157, -6.4286 ], [ 107.8176, -6.4298 ], [ 107.8203, -6.4414 ], [ 107.8183, -6.4458 ], [ 107.8259, -6.447 ], [ 107.829, -6.4508 ], [ 107.8234, -6.4564 ], [ 107.8266, -6.4568 ], [ 107.8267, -6.4624 ], [ 107.8245, -6.4646 ], [ 107.8263, -6.4757 ], [ 107.8164, -6.4903 ], [ 107.8134, -6.4908 ], [ 107.8112, -6.5009 ], [ 107.8306, -6.5084 ], [ 107.8278, -6.514 ], [ 107.8289, -6.5206 ], [ 107.8267, -6.5295 ], [ 107.8147, -6.5327 ], [ 107.8171, -6.5351 ], [ 107.8099, -6.536 ], [ 107.8105, -6.5339 ], [ 107.8029, -6.5307 ] ] ] } },
{ "type": "Feature", "properties": { "district_id": "IDN.9.23.18_1", "name": "Pagaden Barat", "kabupaten": "Subang", "provinsi": "Jawa Barat" }, "geometry": { "type": "Polygon", "coordinates": [ [ [ 107.7338, -6.5295 ], [ 107.7374, -6.5279 ], [ 107.7358, -6.5239 ], [ 107.7393, -6.5175 ], [ 107.7356, -6.5178 ], [ 107.7346, -6.515 ], [ 107.738, -6.513 ], [ 107.7355, -6.5084 ], [ 107.7388, -6.5048 ], [ 107.7365, -6.5047 ], [ 107.736, -6.4991 ], [ 107.7405, -6.4953 ], [ 107.7403, -6.4919 ], [ 107.7498, -6.4849 ], [ 107.7502, -6.4717 ], [ 107.748, -6.463 ], [ 107.7451, -6.4633 ], [ 107.7431, -6.4562 ], [ 107.7475, -6.4549 ], [ 107.746, -6.4522 ], [ 107.7513, -6.4444 ], [ 107.7527, -6.432 ], [ 107.7588, -6.4325 ], [ 107.7613, -6.4355 ], [ 107.7592, -6.4411 ], [ 107.7689, -6.4443 ], [ 107.7724, -6.447 ], [ 107.7727, -6.4505 ], [ 107.7775, -6.4511 ], [ 107.7769, -6.4539 ], [ 107.7799, -6.4544 ], [ 107.7807, -6.4511 ], [ 107.7825, -6.4515 ], [ 107.7851, -6.4561 ], [ 107.8105, -6.4629 ], [ 107.8104, -6.4718 ], [ 107.8037, -6.4877 ], [ 107.7941, -6.4903 ], [ 107.7882, -6.4962 ], [ 107.7859, -6.4959 ], [ 107.7885, -6.5051 ], [ 107.7835, -6.51 ], [ 107.7833, -6.5147 ], [ 107.7699, -6.5112 ], [ 107.759, -6.5121 ], [ 107.7614, -6.5298 ], [ 107.7528, -6.5337 ], [ 107.7517, -6.54 ], [ 107.7434, -6.5416 ], [ 107.7361, -6.5374 ], [ 107.737, -6.5316 ], [ 107.7338, -6.5295 ] ] ] } },
{ "type": "Feature", "properties": { "district_id": "IDN.9.23.20_1", "name": "Pamanukan", "kabupaten": "Subang", "provinsi": "Jawa Barat" }, "geometry": { "type": "Polygon", "coordinates": [ [ [ 107.8434, -6.3104 ], [ 107.8482, -6.3161 ], [ 107.8459, -6.3195 ], [ 107.8532, -6.3206 ], [ 107.8529, -6.3227 ], [ 107.8493, -6.3232 ], [ 107.8501, -6.325 ], [ 107.8376, -6.3227 ], [ 107.8258, -6.3155 ], [ 107.821, -6.3157 ], [ 107.8167, -6.3114 ], [ 107.8057, -6.3126 ], [ 107.8055, -6.3087 ], [ 107.8014, -6.3096 ], [ 107.7994, -6.3023 ], [ 107.8061, -6.295 ], [ 107.8014, -6.2948 ], [ 107.801, -6.2884 ], [ 107.7989, -6.2893 ], [ 107.7846, -6.275 ], [ 107.7851, -6.2727 ], [ 107.7953, -6.2651 ], [ 107.8013, -6.2704 ], [ 107.8075, -6.2677 ], [ 107.8107, -6.2694 ], [ 107.8219, -6.2676 ], [ 107.8232, -6.2728 ], [ 107.8257, -6.2738 ], [ 107.827, -6.2703 ], [ 107.8416, -6.2658 ], [ 107.8522, -6.2672 ], [ 107.8527, -6.2726 ], [ 107.8321, -6.2824 ], [ 107.8327, -6.2844 ], [ 107.8407, -6.2863 ], [ 107.843, -6.2918 ], [ 107.8478, -6.2896 ], [ 107.8476, -6.2959 ], [ 107.8546, -6.3007 ], [ 107.8434, -6.3104 ] ] ] } },
{ "type": "Feature", "properties": { "district_id": "IDN.9.23.21_1", "name": "Patokbeusi", "kabupaten": "Subang", "provinsi": "Jawa Barat" }, "geometry": { "type": "Polygon", "coordinates": [ [ [ 107.5347, -6.415 ], [ 107.5371, -6.405 ], [ 107.5397, -6.4034 ], [ 107.5378, -6.387 ], [ 107.5483, -6.3795 ], [ 107.5487, -6.3712 ], [ 107.5535, -6.3633 ], [ 107.5581, -6.3646 ], [ 107.5594, -6.3589 ], [ 107.562, -6.3587 ], [ 107.5622, -6.3551 ], [ 107.5654, -6.3527 ], [ 107.5629, -6.3499 ], [ 107.5705, -6.341 ], [ 107.5707, -6.3373 ], [ 107.5685, -6.3388 ], [ 107.568, -6.3363 ], [ 107.5728, -6.333 ], [ 107.5704, -6.3328 ], [ 107.5715, -6.3305 ], [ 107.5763, -6.3284 ], [ 107.579, -6.3208 ], [ 107.5989, -6.3201 ], [ 107.616, -6.3259 ], [ 107.6185, -6.3469 ], [ 107.632, -6.3397 ], [ 107.6546, -6.3405 ], [ 107.6575, -6.3534 ], [ 107.6451, -6.3553 ], [ 107.6571, -6.3654 ], [ 107.6589, -6.3612 ], [ 107.6646, -6.3574 ], [ 107.6645, -6.3549 ], [ 107.671, -6.3556 ], [ 107.6796, -6.3526 ], [ 107.6797, -6.3562 ], [ 107.6853, -6.3532 ], [ 107.6873, -6.3558 ], [ 107.6959, -6.3544 ], [ 107.6953, -6.3572 ], [ 107.7073, -6.3581 ], [ 107.7129, -6.3632 ], [ 107.7101, -6.3729 ], [ 107.7115, -6.3838 ], [ 107.6949, -6.3833 ], [ 107.6867, -6.3782 ], [ 107.6843, -6.3874 ], [ 107.6796, -6.3883 ], [ 107.6766, -6.3938 ], [ 107.6713, -6.3943 ], [ 107.6686, -6.4021 ], [ 107.6637, -6.3996 ], [ 107.6561, -6.3999 ], [ 107.6528, -6.3889 ], [ 107.6552, -6.3858 ], [ 107.6451, -6.389 ], [ 107.6443, -6.3945 ], [ 107.643, -6.3956 ], [ 107.6411, -6.3931 ], [ 107.6385, -6.4023 ], [ 107.6074, -6.3886 ], [ 107.5994, -6.3895 ], [ 107.591, -6.3852 ], [ 107.5761, -6.3914 ], [ 107.5749, -6.3984 ], [ 107.5772, -6.4031 ], [ 107.5726, -6.4081 ], [ 107.5708, -6.4036 ], [ 107.5663, -6.401 ], [ 107.5565, -6.4013 ], [ 107.5547, -6.3995 ], [ 107.553, -6.402 ], [ 107.5558, -6.4081 ], [ 107.5517, -6.4061 ], [ 107.5504, -6.4107 ], [ 107.5405, -6.4166 ], [ 107.5347, -6.415 ] ] ] } },
{ "type": "Feature", "properties": { "district_id": "IDN.9.23.22_1", "name": "Purwadadi", "kabupaten": "Subang", "provinsi": "Jawa Barat" }, "geometry": { "type": "Polygon", "coordinates": [ [ [ 107.705, -6.4837 ], [ 107.7006, -6.4987 ], [ 107.6957, -6.5037 ], [ 107.6784, -6.5016 ], [ 107.666, -6.4872 ], [ 107.6651, -6.4823 ], [ 107.6677, -6.4799 ], [ 107.6693, -6.4711 ], [ 107.6609, -6.473 ], [ 107.6519, -6.4552 ], [ 107.643, -6.4481 ], [ 107.6438, -6.44 ], [ 107.639, -6.4331 ], [ 107.6396, -6.4304 ], [ 107.6593, -6.4305 ], [ 107.6617, -6.4254 ], [ 107.6602, -6.4211 ], [ 107.6633, -6.4175 ], [ 107.6558, -6.4004 ], [ 107.6637, -6.3996 ], [ 107.6686, -6.4021 ], [ 107.6713, -6.3943 ], [ 107.6766, -6.3938 ], [ 107.6796, -6.3883 ], [ 107.6843, -6.3874 ], [ 107.6867, -6.3782 ], [ 107.6949, -6.3833 ], [ 107.7105, -6.3835 ], [ 107.7127, -6.3967 ], [ 107.7154, -6.3992 ], [ 107.7074, -6.4082 ], [ 107.6992, -6.4093 ], [ 107.7008, -6.4254 ], [ 107.6951, -6.427 ], [ 107.695, -6.433 ], [ 107.7032, -6.4321 ], [ 107.7041, -6.4384 ], [ 107.7074, -6.4426 ], [ 107.7118, -6.4411 ], [ 107.7163, -6.4336 ], [ 107.7295, -6.4377 ], [ 107.7289, -6.4517 ], [ 107.7227, -6.4556 ], [ 107.7178, -6.4678 ], [ 107.7236, -6.4828 ], [ 107.705, -6.4837 ] ] ] } },
{ "type": "Feature", "properties": { "district_id": "IDN.9.23.23_1", "name": "Pusakajaya", "kabupaten": "Subang", "provinsi": "Jawa Barat" }, "geometry": { "type": "Polygon", "coordinates": [ [ [ 107.8839, -6.3464 ], [ 107.8684, -6.3316 ], [ 107.8614, -6.3352 ], [ 107.8557, -6.3321 ], [ 107.8501, -6.3329 ], [ 107.8527, -6.3266 ], [ 107.8489, -6.324 ], [ 107.8532, -6.3206 ], [ 107.8459, -6.3195 ], [ 107.8482, -6.3161 ], [ 107.8434, -6.3104 ], [ 107.8557, -6.3028 ], [ 107.8602, -6.3075 ], [ 107.8673, -6.2869 ], [ 107.8928, -6.2947 ], [ 107.8999, -6.2871 ], [ 107.8956, -6.2782 ], [ 107.8962, -6.2714 ], [ 107.9016, -6.2693 ], [ 107.9021, -6.2655 ], [ 107.9075, -6.2691 ], [ 107.912, -6.2691 ], [ 107.9115, -6.2661 ], [ 107.9147, -6.267 ], [ 107.9163, -6.2684 ], [ 107.9118, -6.2698 ], [ 107.9155, -6.2707 ], [ 107.915, -6.2737 ], [ 107.9181, -6.2711 ], [ 107.9214, -6.2743 ], [ 107.9207, -6.2768 ], [ 107.9254, -6.2796 ], [ 107.9215, -6.2834 ], [ 107.9245, -6.2854 ], [ 107.9229, -6.2882 ], [ 107.925, -6.2909 ], [ 107.9218, -6.2956 ], [ 107.9235, -6.3029 ], [ 107.9217, -6.3104 ], [ 107.9233, -6.3123 ], [ 107.9278, -6.3112 ], [ 107.9289, -6.3082 ], [ 107.9305, -6.3097 ], [ 107.9271, -6.3122 ], [ 107.9301, -6.3186 ], [ 107.928, -6.3249 ], [ 107.9216, -6.322 ], [ 107.918, -6.3235 ], [ 107.9239, -6.3241 ], [ 107.9283, -6.3275 ], [ 107.9243, -6.34 ], [ 107.907, -6.3397 ], [ 107.8978, -6.3332 ], [ 107.8906, -6.3509 ], [ 107.8839, -6.3498 ], [ 107.8839, -6.3464 ] ] ] } },
{ "type": "Feature", "properties": { "district_id": "IDN.9.23.24_1", "name": "Pusakanagara", "kabupaten": "Subang", "provinsi": "Jawa Barat" }, "geometry": { "type": "Polygon", "coordinates": [ [ [ 107.8438, -6.3096 ], [ 107.8546, -6.3007 ], [ 107.8476, -6.2959 ], [ 107.8478, -6.2896 ], [ 107.843, -6.2918 ], [ 107.8407, -6.2863 ], [ 107.8327, -6.2844 ], [ 107.8321, -6.2824 ], [ 107.8527, -6.2726 ], [ 107.8522, -6.2672 ], [ 107.8416, -6.2673 ], [ 107.8409, -6.2555 ], [ 107.8449, -6.2527 ], [ 107.8462, -6.2458 ], [ 107.8418, -6.2321 ], [ 107.8566, -6.228 ], [ 107.8559, -6.2197 ], [ 107.864, -6.2114 ], [ 107.8688, -6.2109 ], [ 107.8727, -6.2143 ], [ 107.8749, -6.199 ], [ 107.888, -6.1999 ], [ 107.8893, -6.1919 ], [ 107.8962, -6.1918 ], [ 107.8964, -6.1975 ], [ 107.8995, -6.1998 ], [ 107.8962, -6.2036 ], [ 107.9023, -6.2086 ], [ 107.9034, -6.2132 ], [ 107.9004, -6.2149 ], [ 107.8928, -6.2086 ], [ 107.8898, -6.2091 ], [ 107.8866, -6.2158 ], [ 107.8885, -6.2207 ], [ 107.8947, -6.2243 ], [ 107.8931, -6.2268 ], [ 107.8952, -6.2286 ], [ 107.8827, -6.232 ], [ 107.8888, -6.2314 ], [ 107.8911, -6.2385 ], [ 107.923, -6.2514 ], [ 107.9264, -6.2564 ], [ 107.9259, -6.2617 ], [ 107.9165, -6.2696 ], [ 107.912, -6.2661 ], [ 107.911, -6.2693 ], [ 107.9021, -6.2655 ], [ 107.9016, -6.2693 ], [ 107.8962, -6.2714 ], [ 107.8952, -6.2762 ], [ 107.8999, -6.2871 ], [ 107.8928, -6.2947 ], [ 107.8673, -6.2869 ], [ 107.8602, -6.3075 ], [ 107.8557, -6.3028 ], [ 107.8438, -6.3096 ] ] ] } },
{ "type": "Feature", "properties": { "district_id": "IDN.9.23.25_1", "name": "Sagalaherang", "kabupaten": "Subang", "provinsi": "Jawa Barat" }, "geometry": { "type": "Polygon", "coordinates": [ [ [ 107.6127, -6.7592 ], [ 107.6006, -6.761 ], [ 107.6001, -6.7563 ], [ 107.6042, -6.7492 ], [ 107.6014, -6.7336 ], [ 107.6085, -6.7286 ], [ 107.6088, -6.7184 ], [ 107.6217, -6.7012 ], [ 107.6222, -6.6982 ], [ 107.6204, -6.6979 ], [ 107.625, -6.6951 ], [ 107.6267, -6.6872 ], [ 107.6352, -6.6773 ], [ 107.6371, -6.6656 ], [ 107.6435, -6.6637 ], [ 107.6484, -6.6559 ], [ 107.6514, -6.639 ], [ 107.6593, -6.6309 ], [ 107.6586, -6.6282 ], [ 107.6536, -6.628 ], [ 107.6522, -6.6239 ], [ 107.6627, -6.6183 ], [ 107.6764, -6.6194 ], [ 107.6767, -6.6251 ], [ 107.6798, -6.6219 ], [ 107.6833, -6.6219 ], [ 107.6871, -6.6132 ], [ 107.7037, -6.6063 ], [ 107.7023, -6.6146 ], [ 107.7087, -6.6129 ], [ 107.703, -6.6253 ], [ 107.6965, -6.6248 ], [ 107.6887, -6.6338 ], [ 107.6821, -6.6331 ], [ 107.6764, -6.6359 ], [ 107.6772, -6.6406 ], [ 107.6727, -6.6469 ], [ 107.6759, -6.6552 ], [ 107.6745, -6.6611 ], [ 107.666, -6.6729 ], [ 107.6657, -6.6701 ], [ 107.6613, -6.6737 ], [ 107.6623, -6.677 ], [ 107.6533, -6.6847 ], [ 107.6466, -6.7227 ], [ 107.6404, -6.7248 ], [ 107.6389, -6.7303 ], [ 107.6246, -6.7439 ], [ 107.623, -6.7488 ], [ 107.6247, -6.7513 ], [ 107.6191, -6.7537 ], [ 107.6212, -6.7611 ], [ 107.6127, -6.7592 ] ] ] } },
{ "type": "Feature", "properties": { "district_id": "IDN.9.23.26_1", "name": "Serangpanjang", "kabupaten": "Subang", "provinsi": "Jawa Barat" }, "geometry": { "type": "Polygon", "coordinates": [ [ [ 107.6367, -6.6742 ], [ 107.6257, -6.6888 ], [ 107.625, -6.6951 ], [ 107.6204, -6.6979 ], [ 107.6222, -6.6982 ], [ 107.6217, -6.7012 ], [ 107.6088, -6.7184 ], [ 107.6085, -6.7286 ], [ 107.6014, -6.7336 ], [ 107.5937, -6.7284 ], [ 107.5923, -6.726 ], [ 107.5949, -6.7266 ], [ 107.5943, -6.7198 ], [ 107.5913, -6.7199 ], [ 107.5883, -6.7153 ], [ 107.5888, -6.7118 ], [ 107.5949, -6.7066 ], [ 107.5888, -6.6859 ], [ 107.5906, -6.6808 ], [ 107.596, -6.6772 ], [ 107.6021, -6.6634 ], [ 107.6016, -6.654 ], [ 107.5928, -6.6505 ], [ 107.593, -6.6484 ], [ 107.5888, -6.6467 ], [ 107.5879, -6.6422 ], [ 107.5797, -6.6354 ], [ 107.5847, -6.6212 ], [ 107.5842, -6.6093 ], [ 107.5891, -6.6048 ], [ 107.5904, -6.5998 ], [ 107.5828, -6.5959 ], [ 107.5857, -6.5914 ], [ 107.5812, -6.5905 ], [ 107.5826, -6.5881 ], [ 107.5785, -6.5818 ], [ 107.5737, -6.584 ], [ 107.5736, -6.5803 ], [ 107.5779, -6.5787 ], [ 107.5917, -6.5803 ], [ 107.5932, -6.5757 ], [ 107.5935, -6.578 ], [ 107.6026, -6.5791 ], [ 107.6047, -6.5808 ], [ 107.6034, -6.5821 ], [ 107.6086, -6.5843 ], [ 107.613, -6.5833 ], [ 107.6236, -6.5861 ], [ 107.6212, -6.5945 ], [ 107.6248, -6.6024 ], [ 107.6237, -6.6139 ], [ 107.6257, -6.6206 ], [ 107.6369, -6.6303 ], [ 107.6517, -6.6225 ], [ 107.654, -6.6285 ], [ 107.6586, -6.6282 ], [ 107.6592, -6.6313 ], [ 107.6514, -6.639 ], [ 107.6476, -6.6576 ], [ 107.6435, -6.6637 ], [ 107.6371, -6.6656 ], [ 107.6367, -6.6742 ] ] ] } },
{ "type": "Feature", "properties": { "district_id": "IDN.9.23.27_1", "name": "Subang", "kabupaten": "Subang", "provinsi": "Jawa Barat" }, "geometry": { "type": "Polygon", "coordinates": [ [ [ 107.8352, -6.6075 ], [ 107.83, -6.6148 ], [ 107.8266, -6.6143 ], [ 107.8271, -6.6182 ], [ 107.8022, -6.613 ], [ 107.7918, -6.6142 ], [ 107.7928, -6.6071 ], [ 107.7883, -6.6003 ], [ 107.7934, -6.5977 ], [ 107.7921, -6.5929 ], [ 107.7937, -6.5909 ], [ 107.7882, -6.5785 ], [ 107.775, -6.5806 ], [ 107.7696, -6.5862 ], [ 107.7481, -6.5844 ], [ 107.743, -6.5915 ], [ 107.735, -6.5928 ], [ 107.7292, -6.6044 ], [ 107.7216, -6.6034 ], [ 107.7173, -6.609 ], [ 107.7113, -6.6088 ], [ 107.7087, -6.6129 ], [ 107.7023, -6.6146 ], [ 107.703, -6.6081 ], [ 107.7093, -6.6063 ], [ 107.7123, -6.6023 ], [ 107.7151, -6.6028 ], [ 107.7153, -6.5926 ], [ 107.7187, -6.5944 ], [ 107.7276, -6.5866 ], [ 107.7291, -6.588 ], [ 107.7316, -6.5859 ], [ 107.7296, -6.5677 ], [ 107.733, -6.5655 ], [ 107.7311, -6.5584 ], [ 107.734, -6.5536 ], [ 107.7321, -6.5528 ], [ 107.7337, -6.548 ], [ 107.7361, -6.5483 ], [ 107.7338, -6.5416 ], [ 107.7362, -6.5375 ], [ 107.7434, -6.5416 ], [ 107.7517, -6.54 ], [ 107.7528, -6.5337 ], [ 107.7609, -6.531 ], [ 107.7617, -6.5271 ], [ 107.7689, -6.5272 ], [ 107.774, -6.5223 ], [ 107.7838, -6.524 ], [ 107.7823, -6.5285 ], [ 107.7877, -6.5311 ], [ 107.7835, -6.5338 ], [ 107.7846, -6.5408 ], [ 107.7784, -6.5553 ], [ 107.7881, -6.5562 ], [ 107.7882, -6.5627 ], [ 107.799, -6.5638 ], [ 107.8027, -6.5613 ], [ 107.8093, -6.5633 ], [ 107.8159, -6.5622 ], [ 107.8182, -6.5644 ], [ 107.8253, -6.5618 ], [ 107.8297, -6.5698 ], [ 107.8278, -6.5728 ], [ 107.8328, -6.5798 ], [ 107.8299, -6.5861 ], [ 107.8367, -6.5901 ], [ 107.8346, -6.5913 ], [ 107.8377, -6.5961 ], [ 107.837, -6.5992 ], [ 107.8331, -6.6008 ], [ 107.8353, -6.6012 ], [ 107.8333, -6.6033 ], [ 107.8352, -6.6075 ] ] ] } },
{ "type": "Feature", "properties": { "district_id": "IDN.9.23.28_1", "name": "Sukasari", "kabupaten": "Subang", "provinsi": "Jawa Barat" }, "geometry": { "type": "Polygon", "coordinates": [ [ [ 107.7529, -6.3298 ], [ 107.7322, -6.3253 ], [ 107.7317, -6.323 ], [ 107.7277, -6.3261 ], [ 107.7289, -6.3214 ], [ 107.7202, -6.3218 ], [ 107.7171, -6.3153 ], [ 107.7156, -6.298 ], [ 107.7252, -6.294 ], [ 107.7424, -6.2936 ], [ 107.7413, -6.2781 ], [ 107.7327, -6.257 ], [ 107.7327, -6.2479 ], [ 107.7276, -6.2378 ], [ 107.7407, -6.2333 ], [ 107.7405, -6.229 ], [ 107.7494, -6.2246 ], [ 107.7484, -6.2267 ], [ 107.7537, -6.2289 ], [ 107.7517, -6.2281 ], [ 107.7451, -6.2332 ], [ 107.7507, -6.237 ], [ 107.7535, -6.2452 ], [ 107.7569, -6.2481 ], [ 107.7596, -6.247 ], [ 107.7653, -6.266 ], [ 107.7707, -6.2691 ], [ 107.7813, -6.2692 ], [ 107.7989, -6.2893 ], [ 107.801, -6.2884 ], [ 107.8014, -6.2948 ], [ 107.8062, -6.2955 ], [ 107.8007, -6.2993 ], [ 107.7994, -6.3023 ], [ 107.8014, -6.3096 ], [ 107.7973, -6.316 ], [ 107.792, -6.3112 ], [ 107.7798, -6.3134 ], [ 107.7723, -6.3194 ], [ 107.7723, -6.3283 ], [ 107.7697, -6.3266 ], [ 107.7529, -6.3298 ] ] ] } },
{ "type": "Feature", "properties": { "district_id": "IDN.9.23.29_1", "name": "Tambakdahan", "kabupaten": "Subang", "provinsi": "Jawa Barat" }, "geometry": { "type": "Polygon", "coordinates": [ [ [ 107.8243, -6.3756 ], [ 107.8193, -6.3779 ], [ 107.8165, -6.365 ], [ 107.8024, -6.3623 ], [ 107.7934, -6.3552 ], [ 107.7857, -6.3567 ], [ 107.7796, -6.3543 ], [ 107.7778, -6.3581 ], [ 107.7722, -6.3612 ], [ 107.7564, -6.3567 ], [ 107.7469, -6.357 ], [ 107.744, -6.3385 ], [ 107.7387, -6.3322 ], [ 107.7397, -6.3275 ], [ 107.7529, -6.3298 ], [ 107.7697, -6.3266 ], [ 107.7723, -6.3283 ], [ 107.7723, -6.3194 ], [ 107.7754, -6.316 ], [ 107.792, -6.3112 ], [ 107.7973, -6.316 ], [ 107.7988, -6.3109 ], [ 107.8055, -6.3087 ], [ 107.8057, -6.3126 ], [ 107.8167, -6.3114 ], [ 107.821, -6.3157 ], [ 107.8258, -6.3155 ], [ 107.8376, -6.3227 ], [ 107.8514, -6.3252 ], [ 107.8501, -6.3329 ], [ 107.8562, -6.3323 ], [ 107.8592, -6.3386 ], [ 107.8627, -6.3366 ], [ 107.8624, -6.3419 ], [ 107.8666, -6.3397 ], [ 107.8666, -6.3341 ], [ 107.8683, -6.3369 ], [ 107.8693, -6.3354 ], [ 107.8723, -6.3416 ], [ 107.8729, -6.3606 ], [ 107.868, -6.3634 ], [ 107.8731, -6.3692 ], [ 107.8659, -6.3718 ], [ 107.8637, -6.3784 ], [ 107.8543, -6.3813 ], [ 107.8491, -6.3799 ], [ 107.8478, -6.3737 ], [ 107.8359, -6.3597 ], [ 107.8367, -6.3493 ], [ 107.8336, -6.349 ], [ 107.8244, -6.3497 ], [ 107.8254, -6.3541 ], [ 107.823, -6.3569 ], [ 107.828, -6.3598 ], [ 107.8243, -6.3756 ] ] ] } },
{ "type": "Feature", "properties": { "district_id": "IDN.9.23.30_1", "name": "Tanjungsiang", "kabupaten": "Subang", "provinsi": "Jawa Barat" }, "geometry": { "type": "Polygon", "coordinates": [ [ [ 107.785, -6.7739 ], [ 107.7986, -6.7578 ], [ 107.7944, -6.751 ], [ 107.7963, -6.7453 ], [ 107.7994, -6.7456 ], [ 107.801, -6.741 ], [ 107.7991, -6.7275 ], [ 107.7885, -6.7251 ], [ 107.7889, -6.72 ], [ 107.784, -6.7187 ], [ 107.788, -6.7108 ], [ 107.7937, -6.7098 ], [ 107.7944, -6.7044 ], [ 107.7878, -6.7014 ], [ 107.788, -6.6994 ], [ 107.8023, -6.6874 ], [ 107.8092, -6.6877 ], [ 107.8167, -6.6834 ], [ 107.8218, -6.6864 ], [ 107.823, -6.6841 ], [ 107.8235, -6.6867 ], [ 107.8265, -6.6833 ], [ 107.8322, -6.685 ], [ 107.84, -6.6911 ], [ 107.841, -6.6947 ], [ 107.8366, -6.7016 ], [ 107.8356, -6.7075 ], [ 107.838, -6.7082 ], [ 107.8334, -6.7173 ], [ 107.8396, -6.7228 ], [ 107.8376, -6.724 ], [ 107.8386, -6.7306 ], [ 107.8364, -6.7382 ], [ 107.8399, -6.7414 ], [ 107.8372, -6.7491 ], [ 107.8403, -6.7502 ], [ 107.8419, -6.7584 ], [ 107.839, -6.762 ], [ 107.8374, -6.7761 ], [ 107.8315, -6.7815 ], [ 107.8256, -6.7823 ], [ 107.8179, -6.7923 ], [ 107.8167, -6.7997 ], [ 107.8036, -6.8088 ], [ 107.7977, -6.8023 ], [ 107.785, -6.8043 ], [ 107.7825, -6.8028 ], [ 107.7877, -6.7783 ], [ 107.785, -6.7739 ] ] ] } },
{ "type": "Feature", "properties": { "district_id": "IDN.10.6.1_1", "name": "Banjarharjo", "kabupaten": "Brebes", "provinsi": "Jawa Tengah" }, "geometry": { "type": "Polygon", "coordinates": [ [ [ 108.8449, -7.101 ], [ 108.8456, -7.1155 ], [ 108.843, -7.1244 ], [ 108.838, -7.1204 ], [ 108.8164, -7.1192 ], [ 108.7889, -7.1091 ], [ 108.7706, -7.112 ], [ 108.7786, -7.0945 ], [ 108.7744, -7.0893 ], [ 108.7744, -7.0835 ], [ 108.7822, -7.0697 ], [ 108.7842, -7.0695 ], [ 108.7834, -7.0606 ], [ 108.7855, -7.0573 ], [ 108.7797, -7.0457 ], [ 108.7764, -7.0437 ], [ 108.7747, -7.0351 ], [ 108.7783, -7.0328 ], [ 108.7797, -7.0263 ], [ 108.7907, -7.0249 ], [ 108.789, -7.0146 ], [ 108.7906, -7.0123 ], [ 108.7867, -7.007 ], [ 108.7815, -7.0046 ], [ 108.7832, -7.0 ], [ 108.7782, -6.9934 ], [ 108.7699, -6.9939 ], [ 108.7599, -6.9876 ], [ 108.7604, -6.9731 ], [ 108.7629, -6.9709 ], [ 108.7598, -6.9684 ], [ 108.7628, -6.9621 ], [ 108.7597, -6.9636 ], [ 108.7571, -6.9578 ], [ 108.7595, -6.9585 ], [ 108.7587, -6.9532 ], [ 108.7625, -6.9519 ], [ 108.7607, -6.9511 ], [ 108.7611, -6.9471 ], [ 108.7641, -6.9388 ], [ 108.7597, -6.9386 ], [ 108.7624, -6.937 ], [ 108.7747, -6.9395 ], [ 108.7742, -6.946 ], [ 108.7773, -6.9467 ], [ 108.7811, -6.942 ], [ 108.7882, -6.9475 ], [ 108.7914, -6.9415 ], [ 108.7981, -6.9422 ], [ 108.8004, -6.9462 ], [ 108.807, -6.9473 ], [ 108.8121, -6.9392 ], [ 108.8287, -6.9434 ], [ 108.8311, -6.9431 ], [ 108.8321, -6.936 ], [ 108.8448, -6.9372 ], [ 108.8422, -6.9622 ], [ 108.8671, -6.9639 ], [ 108.8679, -6.9667 ], [ 108.8654, -6.9682 ], [ 108.868, -6.9717 ], [ 108.8653, -6.9734 ], [ 108.8656, -6.9762 ], [ 108.8627, -6.9769 ], [ 108.8655, -6.9772 ], [ 108.8647, -6.9795 ], [ 108.8613, -6.979 ], [ 108.8638, -6.9833 ], [ 108.8602, -6.9863 ], [ 108.8635, -6.9883 ], [ 108.8579, -6.9893 ], [ 108.8581, -6.9965 ], [ 108.8549, -7.0011 ], [ 108.8603, -7.0054 ], [ 108.8537, -7.0103 ], [ 108.8572, -7.013 ], [ 108.8542, -7.0299 ], [ 108.8559, -7.0334 ], [ 108.8519, -7.048 ], [ 108.8493, -7.0526 ], [ 108.8397, -7.0502 ], [ 108.8443, -7.0586 ], [ 108.84, -7.0819 ], [ 108.8437, -7.0884 ], [ 108.8413, -7.0972 ], [ 108.8449, -7.101 ] ] ] } },
{ "type": "Feature", "properties": { "district_id": "IDN.10.6.2_1", "name": "Bantarkawung", "kabupaten": "Brebes", "provinsi": "Jawa Tengah" }, "geometry": { "type": "Polygon", "coordinates": [ [ [ 108.9747, -7.3338 ], [ 108.9622, -7.3342 ], [ 108.9573, -7.331 ], [ 108.9515, -7.3311 ], [ 108.9501, -7.3295 ], [ 108.9524, -7.3262 ], [ 108.9492, -7.3244 ], [ 108.9516, -7.3187 ], [ 108.9502, -7.3154 ], [ 108.9435, -7.3177 ], [ 108.9391, -7.3156 ], [ 108.9338, -7.319 ], [ 108.9285, -7.3179 ], [ 108.9214, -7.3122 ], [ 108.9185, -7.3047 ], [ 108.914, -7.3029 ], [ 108.9128, -7.291 ], [ 108.894, -7.2841 ], [ 108.892, -7.2823 ], [ 108.8932, -7.2759 ], [ 108.8847, -7.2753 ], [ 108.8826, -7.2725 ], [ 108.8659, -7.272 ], [ 108.8624, -7.2684 ], [ 108.862, -7.2638 ], [ 108.8563, -7.2608 ], [ 108.8526, -7.2538 ], [ 108.8571, -7.2504 ], [ 108.8571, -7.247 ], [ 108.863, -7.2464 ], [ 108.8646, -7.2431 ], [ 108.8397, -7.2368 ], [ 108.8313, -7.2321 ], [ 108.825, -7.235 ], [ 108.8234, -7.2324 ], [ 108.8188, -7.2316 ], [ 108.8213, -7.2205 ], [ 108.8106, -7.2038 ], [ 108.8218, -7.2045 ], [ 108.8262, -7.2021 ], [ 108.8501, -7.2064 ], [ 108.8673, -7.2015 ], [ 108.8797, -7.1943 ], [ 108.8838, -7.1889 ], [ 108.8842, -7.183 ], [ 108.8883, -7.1859 ], [ 108.8956, -7.1863 ], [ 108.892, -7.1793 ], [ 108.8953, -7.1744 ], [ 108.8898, -7.1653 ], [ 108.8828, -7.158 ], [ 108.8757, -7.1653 ], [ 108.8653, -7.1615 ], [ 108.8602, -7.1526 ], [ 108.8599, -7.1426 ], [ 108.8667, -7.1476 ], [ 108.8774, -7.1503 ], [ 108.8836, -7.1437 ], [ 108.8936, -7.1441 ], [ 108.9009, -7.1395 ], [ 108.9089, -7.1415 ], [ 108.9124, -7.1358 ], [ 108.9084, -7.13 ], [ 108.909, -7.1144 ], [ 108.9064, -7.1132 ], [ 108.9171, -7.1086 ], [ 108.9227, -7.1093 ], [ 108.9257, -7.0984 ], [ 108.9332, -7.0995 ], [ 108.9319, -7.1029 ], [ 108.9376, -7.1096 ], [ 108.9337, -7.1145 ], [ 108.9344, -7.1177 ], [ 108.9371, -7.1218 ], [ 108.9425, -7.1226 ], [ 108.9432, -7.1289 ], [ 108.9516, -7.1273 ], [ 108.9537, -7.1293 ], [ 108.9654, -7.1507 ], [ 108.9654, -7.1607 ], [ 108.9704, -7.1636 ], [ 108.972, -7.1686 ], [ 108.974, -7.1903 ], [ 108.9683, -7.1926 ], [ 108.9669, -7.19 ], [ 108.9597, -7.1902 ], [ 108.958, -7.1877 ], [ 108.9491, -7.188 ], [ 108.9425, -7.1916 ], [ 108.9372, -7.1999 ], [ 108.9291, -7.2064 ], [ 108.9326, -7.2103 ], [ 108.9254, -7.2145 ], [ 108.9268, -7.2206 ], [ 108.9334, -7.2216 ], [ 108.94, -7.2328 ], [ 108.9403, -7.2373 ], [ 108.9483, -7.2413 ], [ 108.9525, -7.2381 ], [ 108.9579, -7.2416 ], [ 108.9594, -7.2466 ], [ 108.9529, -7.2465 ], [ 108.9574, -7.2492 ], [ 108.9581, -7.2554 ], [ 108.9607, -7.2567 ], [ 108.9595, -7.2629 ], [ 108.962, -7.2637 ], [ 108.9636, -7.2696 ], [ 108.9675, -7.2698 ], [ 108.9669, -7.2723 ], [ 108.9735, -7.2792 ], [ 108.9715, -7.2804 ], [ 108.9739, -7.2805 ], [ 108.9732, -7.2835 ], [ 108.9752, -7.2838 ], [ 108.9769, -7.2925 ], [ 108.9788, -7.2929 ], [ 108.9758, -7.297 ], [ 108.9803, -7.3004 ], [ 108.9773, -7.3039 ], [ 108.9851, -7.3062 ], [ 108.983, -7.3215 ], [ 108.9763, -7.3281 ], [ 108.9747, -7.3338 ] ] ] } },
{ "type": "Feature", "properties": { "district_id": "IDN.10.6.3_1", "name": "Brebes", "kabupaten": "Brebes", "provinsi": "Jawa Tengah" }, "geometry": { "type": "Polygon", "coordinates": [ [ [ 109.0456, -6.9203 ], [ 109.04, -6.9228 ], [ 109.0348, -6.9198 ], [ 109.0381, -6.915 ], [ 109.0364, -6.9119 ], [ 109.029, -6.9156 ], [ 109.0281, -6.9119 ], [ 109.0333, -6.908 ], [ 109.0238, -6.9008 ], [ 109.0304, -6.9018 ], [ 109.0292, -6.8989 ], [ 109.0234, -6.8995 ], [ 109.0227, -6.8947 ], [ 109.0343, -6.8873 ], [ 109.0335, -6.8796 ], [ 109.0387, -6.8783 ], [ 109.033, -6.8721 ], [ 109.0348, -6.8667 ], [ 109.0332, -6.8623 ], [ 109.0248, -6.8592 ], [ 109.0249, -6.8535 ], [ 109.0216, -6.8501 ], [ 109.0205, -6.8354 ], [ 109.024, -6.835 ], [ 109.0293, -6.839 ], [ 109.0306, -6.834 ], [ 109.0259, -6.8331 ], [ 109.0247, -6.8298 ], [ 109.0183, -6.8315 ], [ 109.0175, -6.8277 ], [ 109.0208, -6.8287 ], [ 109.0244, -6.8259 ], [ 109.0227, -6.8212 ], [ 109.0151, -6.82 ], [ 109.0117, -6.8165 ], [ 109.0181, -6.8081 ], [ 109.0209, -6.7818 ], [ 109.0238, -6.7802 ], [ 109.0232, -6.7828 ], [ 109.028, -6.7857 ], [ 109.0266, -6.7839 ], [ 109.0303, -6.7812 ], [ 109.0284, -6.7796 ], [ 109.0315, -6.7751 ], [ 109.0337, -6.7762 ], [ 109.0334, -6.7728 ], [ 109.0354, -6.7735 ], [ 109.035, -6.7689 ], [ 109.0365, -6.7682 ], [ 109.0474, -6.77 ], [ 109.0353, -6.77 ], [ 109.0382, -6.7754 ], [ 109.0365, -6.7797 ], [ 109.04, -6.7818 ], [ 109.0428, -6.7779 ], [ 109.0464, -6.7831 ], [ 109.0553, -6.7779 ], [ 109.0628, -6.7654 ], [ 109.0607, -6.7787 ], [ 109.0634, -6.7897 ], [ 109.0667, -6.7912 ], [ 109.074, -6.7893 ], [ 109.0764, -6.8083 ], [ 109.0819, -6.8214 ], [ 109.1023, -6.8397 ], [ 109.082, -6.8588 ], [ 109.0812, -6.8717 ], [ 109.076, -6.8746 ], [ 109.075, -6.8809 ], [ 109.0776, -6.8874 ], [ 109.0732, -6.8927 ], [ 109.073, -6.8981 ], [ 109.0761, -6.9158 ], [ 109.0714, -6.9177 ], [ 109.0671, -6.9122 ], [ 109.0627, -6.9111 ], [ 109.0588, -6.9147 ], [ 109.0509, -6.9161 ], [ 109.0504, -6.9211 ], [ 109.0456, -6.9203 ] ] ] } },
{ "type": "Feature", "properties": { "district_id": "IDN.10.6.4_1", "name": "Bulakamba", "kabupaten": "Brebes", "provinsi": "Jawa Tengah" }, "geometry": { "type": "Polygon", "coordinates": [ [ [ 108.9812, -6.9227 ], [ 108.9869, -6.9253 ], [ 108.9866, -6.9309 ], [ 108.99, -6.934 ], [ 108.9857, -6.9439 ], [ 108.9675, -6.9427 ], [ 108.9647, -6.9396 ], [ 108.9593, -6.941 ], [ 108.9555, -6.9334 ], [ 108.9469, -6.9333 ], [ 108.9425, -6.9291 ], [ 108.9396, -6.9299 ], [ 108.94, -6.9328 ], [ 108.9297, -6.9344 ], [ 108.9281, -6.9274 ], [ 108.9233, -6.9267 ], [ 108.923, -6.9225 ], [ 108.9164, -6.9197 ], [ 108.9103, -6.9256 ], [ 108.9068, -6.9256 ], [ 108.9052, -6.9241 ], [ 108.9082, -6.9236 ], [ 108.9077, -6.9174 ], [ 108.911, -6.9156 ], [ 108.9101, -6.9088 ], [ 108.8992, -6.9173 ], [ 108.8977, -6.9226 ], [ 108.8954, -6.9221 ], [ 108.8933, -6.9148 ], [ 108.8958, -6.9139 ], [ 108.9006, -6.8929 ], [ 108.8949, -6.8906 ], [ 108.892, -6.8715 ], [ 108.8891, -6.8719 ], [ 108.8856, -6.8631 ], [ 108.8885, -6.8576 ], [ 108.8871, -6.8507 ], [ 108.9038, -6.8523 ], [ 108.9057, -6.84 ], [ 108.9161, -6.8291 ], [ 108.9217, -6.8188 ], [ 108.9358, -6.8286 ], [ 108.9486, -6.8309 ], [ 108.9553, -6.8303 ], [ 108.9737, -6.8197 ], [ 108.9878, -6.8329 ], [ 108.9884, -6.8345 ], [ 108.9858, -6.8341 ], [ 108.9897, -6.84 ], [ 108.9892, -6.852 ], [ 108.9864, -6.8558 ], [ 108.987, -6.8729 ], [ 108.9961, -6.8723 ], [ 108.997, -6.8746 ], [ 108.9944, -6.8889 ], [ 108.9914, -6.8933 ], [ 108.9883, -6.8926 ], [ 108.9864, -6.8975 ], [ 108.9919, -6.9016 ], [ 108.9873, -6.9068 ], [ 108.9871, -6.9113 ], [ 108.9821, -6.9118 ], [ 108.9794, -6.9163 ], [ 108.9812, -6.9227 ] ] ] } },
{ "type": "Feature", "properties": { "district_id": "IDN.10.6.5_1", "name": "Bumiayu", "kabupaten": "Brebes", "provinsi": "Jawa Tengah" }, "geometry": { "type": "MultiPolygon", "coordinates": [ [ [ [ 108.9697, -7.2737 ], [ 108.9669, -7.2723 ], [ 108.9672, -7.2696 ], [ 108.9633, -7.2694 ], [ 108.962, -7.2637 ], [ 108.9595, -7.2629 ], [ 108.9608, -7.2577 ], [ 108.9567, -7.2522 ], [ 108.9577, -7.2496 ], [ 108.953, -7.2469 ], [ 108.9594, -7.2466 ], [ 108.9579, -7.2416 ], [ 108.9525, -7.2381 ], [ 108.9483, -7.2413 ], [ 108.9408, -7.2377 ], [ 108.933, -7.2212 ], [ 108.9267, -7.2203 ], [ 108.9255, -7.2142 ], [ 108.9326, -7.2103 ], [ 108.9289, -7.2067 ], [ 108.9372, -7.1999 ], [ 108.9425, -7.1916 ], [ 108.9497, -7.1879 ], [ 108.9669, -7.19 ], [ 108.9672, -7.1924 ], [ 108.9712, -7.1935 ], [ 108.9803, -7.2025 ], [ 108.9834, -7.2151 ], [ 108.9891, -7.2212 ], [ 108.9909, -7.2357 ], [ 108.9883, -7.2408 ], [ 109.0, -7.2383 ], [ 109.0032, -7.233 ], [ 109.0065, -7.2346 ], [ 109.0136, -7.2279 ], [ 109.0147, -7.222 ], [ 109.0181, -7.2195 ], [ 109.0332, -7.2278 ], [ 109.0394, -7.2286 ], [ 109.0435, -7.2254 ], [ 109.0469, -7.2306 ], [ 109.0472, -7.239 ], [ 109.038, -7.2397 ], [ 109.035, -7.2456 ], [ 109.0347, -7.2503 ], [ 109.0416, -7.2533 ], [ 109.0355, -7.2756 ], [ 109.0282, -7.2761 ], [ 109.0134, -7.2684 ], [ 109.0029, -7.2785 ], [ 109.0052, -7.2878 ], [ 109.0025, -7.2943 ], [ 109.0074, -7.3038 ], [ 109.0012, -7.3096 ], [ 108.9987, -7.3067 ], [ 108.9916, -7.3082 ], [ 108.9776, -7.3042 ], [ 108.9803, -7.3004 ], [ 108.9758, -7.2969 ], [ 108.9788, -7.2924 ], [ 108.9769, -7.2925 ], [ 108.9778, -7.2903 ], [ 108.9697, -7.2737 ] ] ], [ [ [ 108.9714, -7.1916 ], [ 108.97213333333336, -7.191233333333317 ], [ 108.9702, -7.1925 ], [ 108.9714, -7.1916 ] ] ], [ [ [ 108.97213333333336, -7.191233333333317 ], [ 108.9731, -7.1906 ], [ 108.9724, -7.1911 ], [ 108.97213333333336, -7.191233333333317 ] ] ] ] } },
{ "type": "Feature", "properties": { "district_id": "IDN.10.6.6_1", "name": "Jatibarang", "kabupaten": "Brebes", "provinsi": "Jawa Tengah" }, "geometry": { "type": "Polygon", "coordinates": [ [ [ 109.0688, -6.9739 ], [ 109.0634, -6.9741 ], [ 109.0641, -6.9767 ], [ 109.0555, -6.9773 ], [ 109.0533, -6.9755 ], [ 109.0492, -6.9777 ], [ 109.0482, -6.9709 ], [ 109.0534, -6.9694 ], [ 109.0504, -6.967 ], [ 109.0415, -6.9644 ], [ 109.0395, -6.9691 ], [ 109.0362, -6.9694 ], [ 109.0293, -6.9665 ], [ 109.0196, -6.9663 ], [ 109.0198, -6.958 ], [ 109.016, -6.9547 ], [ 109.0143, -6.9486 ], [ 109.0205, -6.9377 ], [ 109.0271, -6.9376 ], [ 109.0315, -6.9319 ], [ 109.0344, -6.9197 ], [ 109.04, -6.9228 ], [ 109.0444, -6.9201 ], [ 109.0498, -6.9215 ], [ 109.0509, -6.9161 ], [ 109.0588, -6.9147 ], [ 109.0627, -6.9111 ], [ 109.0671, -6.9122 ], [ 109.0714, -6.9177 ], [ 109.0766, -6.9158 ], [ 109.082, -6.9277 ], [ 109.0778, -6.9361 ], [ 109.0778, -6.9449 ], [ 109.075, -6.9518 ], [ 109.0769, -6.9623 ], [ 109.0703, -6.9727 ], [ 109.0748, -6.9942 ], [ 109.0665, -6.9937 ], [ 109.0691, -6.991 ], [ 109.0681, -6.9829 ], [ 109.0699, -6.9814 ], [ 109.0688, -6.9739 ] ] ] } },
{ "type": "Feature", "properties": { "district_id": "IDN.10.6.7_1", "name": "Kersana", "kabupaten": "Brebes", "provinsi": "Jawa Tengah" }, "geometry": { "type": "MultiPolygon", "coordinates": [ [ [ [ 108.8743, -6.9635 ], [ 108.8414, -6.9611 ], [ 108.8496, -6.8973 ], [ 108.8694, -6.8985 ], [ 108.8985, -6.8963 ], [ 108.8969, -6.9104 ], [ 108.8936, -6.9155 ], [ 108.8891, -6.9076 ], [ 108.8834, -6.9066 ], [ 108.8815, -6.9065 ], [ 108.8815, -6.9089 ], [ 108.8731, -6.9096 ], [ 108.8727, -6.9133 ], [ 108.8707, -6.9137 ], [ 108.8704, -6.9235 ], [ 108.8821, -6.9254 ], [ 108.8838, -6.9352 ], [ 108.8799, -6.9406 ], [ 108.8681, -6.9383 ], [ 108.8693, -6.9353 ], [ 108.8665, -6.9356 ], [ 108.8628, -6.9421 ], [ 108.8637, -6.9478 ], [ 108.8764, -6.9526 ], [ 108.8787, -6.9557 ], [ 108.8743, -6.9635 ] ] ], [ [ [ 108.8537, -6.8968 ], [ 108.8516, -6.8953 ], [ 108.8517, -6.8917 ], [ 108.8546, -6.8928 ], [ 108.8537, -6.8968 ] ] ] ] } },
{ "type": "Feature", "properties": { "district_id": "IDN.10.6.8_1", "name": "Ketanggungan", "kabupaten": "Brebes", "provinsi": "Jawa Tengah" }, "geometry": { "type": "Polygon", "coordinates": [ [ [ 108.9246, -7.0988 ], [ 108.9227, -7.1093 ], [ 108.9171, -7.1086 ], [ 108.9064, -7.1132 ], [ 108.909, -7.1144 ], [ 108.9084, -7.13 ], [ 108.9124, -7.1358 ], [ 108.9091, -7.1413 ], [ 108.9009, -7.1395 ], [ 108.8936, -7.1441 ], [ 108.8836, -7.1437 ], [ 108.8778, -7.1502 ], [ 108.8667, -7.1476 ], [ 108.859, -7.1423 ], [ 108.8587, -7.1357 ], [ 108.8488, -7.1305 ], [ 108.843, -7.1242 ], [ 108.8456, -7.1165 ], [ 108.8451, -7.1036 ], [ 108.8413, -7.0972 ], [ 108.8437, -7.0884 ], [ 108.84, -7.0819 ], [ 108.8445, -7.062 ], [ 108.8397, -7.0502 ], [ 108.8493, -7.0526 ], [ 108.8519, -7.048 ], [ 108.8559, -7.0334 ], [ 108.8542, -7.0299 ], [ 108.8572, -7.013 ], [ 108.8537, -7.0103 ], [ 108.8603, -7.0054 ], [ 108.8549, -7.0011 ], [ 108.8581, -6.9965 ], [ 108.8579, -6.9893 ], [ 108.8635, -6.9883 ], [ 108.8602, -6.9863 ], [ 108.8638, -6.9833 ], [ 108.8613, -6.9787 ], [ 108.8647, -6.9795 ], [ 108.8655, -6.9772 ], [ 108.8627, -6.9769 ], [ 108.8656, -6.9762 ], [ 108.8653, -6.9734 ], [ 108.868, -6.9717 ], [ 108.8654, -6.9682 ], [ 108.8679, -6.9667 ], [ 108.8671, -6.9639 ], [ 108.8645, -6.9638 ], [ 108.8743, -6.9635 ], [ 108.8787, -6.9557 ], [ 108.8764, -6.9526 ], [ 108.8637, -6.9478 ], [ 108.8628, -6.9421 ], [ 108.8672, -6.9352 ], [ 108.8693, -6.9353 ], [ 108.8681, -6.9383 ], [ 108.8729, -6.9401 ], [ 108.8799, -6.9406 ], [ 108.8832, -6.9372 ], [ 108.8821, -6.9254 ], [ 108.8701, -6.9225 ], [ 108.8731, -6.9096 ], [ 108.8815, -6.9089 ], [ 108.8815, -6.9065 ], [ 108.8871, -6.9085 ], [ 108.8866, -6.9125 ], [ 108.8814, -6.9125 ], [ 108.8818, -6.9179 ], [ 108.8859, -6.9176 ], [ 108.886, -6.9205 ], [ 108.8914, -6.9182 ], [ 108.8922, -6.9205 ], [ 108.8953, -6.9203 ], [ 108.8936, -6.9155 ], [ 108.8956, -6.9194 ], [ 108.8954, -6.9221 ], [ 108.8977, -6.9226 ], [ 108.8992, -6.9173 ], [ 108.9101, -6.9088 ], [ 108.911, -6.9156 ], [ 108.9087, -6.9154 ], [ 108.9082, -6.9236 ], [ 108.9052, -6.9248 ], [ 108.9103, -6.9256 ], [ 108.9164, -6.9197 ], [ 108.923, -6.9225 ], [ 108.9233, -6.9267 ], [ 108.9281, -6.9274 ], [ 108.9312, -6.9492 ], [ 108.9368, -6.9596 ], [ 108.9081, -6.9585 ], [ 108.9021, -6.9661 ], [ 108.9051, -6.967 ], [ 108.9057, -6.9714 ], [ 108.9114, -6.9711 ], [ 108.9128, -6.9752 ], [ 108.9294, -6.9798 ], [ 108.9285, -6.9826 ], [ 108.9186, -6.9841 ], [ 108.9149, -6.989 ], [ 108.9142, -7.0022 ], [ 108.9171, -7.0052 ], [ 108.9164, -7.0102 ], [ 108.9192, -7.0104 ], [ 108.9212, -7.0152 ], [ 108.9189, -7.0174 ], [ 108.92, -7.0196 ], [ 108.9169, -7.0208 ], [ 108.916, -7.0245 ], [ 108.9094, -7.0257 ], [ 108.9066, -7.0325 ], [ 108.8995, -7.0349 ], [ 108.9016, -7.0464 ], [ 108.8965, -7.0599 ], [ 108.8957, -7.0836 ], [ 108.8916, -7.0947 ], [ 108.8938, -7.1031 ], [ 108.9052, -7.1034 ], [ 108.9246, -7.0988 ] ] ] } },
{ "type": "Feature", "properties": { "district_id": "IDN.10.6.9_1", "name": "Larangan", "kabupaten": "Brebes", "provinsi": "Jawa Tengah" }, "geometry": { "type": "MultiPolygon", "coordinates": [ [ [ [ 108.9555, -7.1223 ], [ 108.9442, -7.1299 ], [ 108.9425, -7.1226 ], [ 108.9371, -7.1218 ], [ 108.9348, -7.1185 ], [ 108.9336, -7.1146 ], [ 108.9375, -7.1091 ], [ 108.9319, -7.1029 ], [ 108.9322, -7.0985 ], [ 108.9042, -7.1036 ], [ 108.8943, -7.1031 ], [ 108.8916, -7.0947 ], [ 108.8957, -7.0836 ], [ 108.8965, -7.0599 ], [ 108.9016, -7.0464 ], [ 108.8995, -7.0349 ], [ 108.9066, -7.0325 ], [ 108.9094, -7.0257 ], [ 108.916, -7.0245 ], [ 108.9169, -7.0208 ], [ 108.92, -7.0196 ], [ 108.9189, -7.0174 ], [ 108.9212, -7.0152 ], [ 108.9192, -7.0104 ], [ 108.9164, -7.0102 ], [ 108.9171, -7.0052 ], [ 108.9142, -7.0022 ], [ 108.9149, -6.989 ], [ 108.9186, -6.9841 ], [ 108.9285, -6.9826 ], [ 108.9294, -6.9798 ], [ 108.9128, -6.9752 ], [ 108.9114, -6.9711 ], [ 108.9057, -6.9714 ], [ 108.9051, -6.967 ], [ 108.9021, -6.9661 ], [ 108.9081, -6.9585 ], [ 108.9368, -6.9598 ], [ 108.9312, -6.9492 ], [ 108.9295, -6.935 ], [ 108.94, -6.9328 ], [ 108.9396, -6.9299 ], [ 108.9424, -6.9291 ], [ 108.9469, -6.9333 ], [ 108.9555, -6.9334 ], [ 108.9593, -6.941 ], [ 108.9647, -6.9396 ], [ 108.9675, -6.9427 ], [ 108.9857, -6.9439 ], [ 108.9846, -6.9499 ], [ 108.9965, -6.952 ], [ 108.9983, -6.9502 ], [ 109.0034, -6.9524 ], [ 109.0141, -6.9485 ], [ 109.016, -6.952 ], [ 109.0135, -6.958 ], [ 109.0072, -6.9611 ], [ 109.0027, -6.9704 ], [ 108.9895, -6.9786 ], [ 108.9863, -6.9775 ], [ 108.9773, -6.9812 ], [ 108.9799, -6.9833 ], [ 108.9783, -6.9879 ], [ 108.9743, -6.9862 ], [ 108.9745, -6.9997 ], [ 108.9696, -7.0009 ], [ 108.97, -7.0073 ], [ 108.9634, -7.0151 ], [ 108.9652, -7.02 ], [ 108.97, -7.0167 ], [ 108.9725, -7.0226 ], [ 108.9836, -7.0235 ], [ 108.9856, -7.028 ], [ 108.983, -7.0328 ], [ 108.9874, -7.0376 ], [ 108.9827, -7.04 ], [ 108.9892, -7.0437 ], [ 108.9867, -7.0458 ], [ 108.9813, -7.0444 ], [ 108.9786, -7.046 ], [ 108.9791, -7.0507 ], [ 108.9858, -7.0573 ], [ 108.9861, -7.0607 ], [ 108.9702, -7.06 ], [ 108.9669, -7.0669 ], [ 108.9771, -7.075 ], [ 108.9778, -7.0839 ], [ 108.9838, -7.087 ], [ 108.9859, -7.0971 ], [ 108.9803, -7.1036 ], [ 108.9851, -7.1058 ], [ 108.9843, -7.1119 ], [ 108.98, -7.1113 ], [ 108.9801, -7.1188 ], [ 108.9773, -7.1213 ], [ 108.9675, -7.1216 ], [ 108.9676, -7.1264 ], [ 108.9555, -7.1223 ] ] ], [ [ [ 108.9297, -6.9338 ], [ 108.9291, -6.9325 ], [ 108.9293, -6.9327 ], [ 108.9297, -6.9338 ] ] ], [ [ [ 108.9294, -6.9316 ], [ 108.9291, -6.9322 ], [ 108.9287, -6.9316 ], [ 108.9294, -6.9316 ] ] ], [ [ [ 108.9283, -6.9304 ], [ 108.9285, -6.931 ], [ 108.9279, -6.9304 ], [ 108.9283, -6.9304 ] ] ], [ [ [ 108.9278, -6.93 ], [ 108.9277, -6.9293 ], [ 108.928, -6.9293 ], [ 108.9278, -6.93 ] ] ] ] } },
{ "type": "Feature", "properties": { "district_id": "IDN.10.6.10_1", "name": "Losari", "kabupaten": "Brebes", "provinsi": "Jawa Tengah" }, "geometry": { "type": "Polygon", "coordinates": [ [ [ 108.7882, -6.9475 ], [ 108.7811, -6.942 ], [ 108.7773, -6.9467 ], [ 108.7742, -6.946 ], [ 108.7747, -6.9395 ], [ 108.7627, -6.9374 ], [ 108.7552, -6.9284 ], [ 108.7529, -6.9202 ], [ 108.7611, -6.9116 ], [ 108.7582, -6.9071 ], [ 108.7591, -6.9048 ], [ 108.7669, -6.902 ], [ 108.7658, -6.8985 ], [ 108.7612, -6.8977 ], [ 108.7615, -6.896 ], [ 108.7707, -6.8959 ], [ 108.7719, -6.8832 ], [ 108.7803, -6.8834 ], [ 108.7785, -6.875 ], [ 108.7836, -6.8797 ], [ 108.7884, -6.8777 ], [ 108.7926, -6.8804 ], [ 108.7941, -6.8749 ], [ 108.798, -6.8727 ], [ 108.7978, -6.8685 ], [ 108.8022, -6.8686 ], [ 108.8183, -6.8358 ], [ 108.8248, -6.8323 ], [ 108.8255, -6.8027 ], [ 108.8327, -6.8007 ], [ 108.8315, -6.7963 ], [ 108.8274, -6.7938 ], [ 108.8282, -6.7878 ], [ 108.8315, -6.7848 ], [ 108.8269, -6.7699 ], [ 108.8288, -6.7626 ], [ 108.8338, -6.758 ], [ 108.8336, -6.7699 ], [ 108.8378, -6.7709 ], [ 108.844, -6.7646 ], [ 108.8475, -6.7694 ], [ 108.8481, -6.7731 ], [ 108.8446, -6.7756 ], [ 108.8471, -6.7793 ], [ 108.8459, -6.7854 ], [ 108.8525, -6.7941 ], [ 108.8575, -6.7949 ], [ 108.864, -6.8001 ], [ 108.8682, -6.8083 ], [ 108.871, -6.8092 ], [ 108.8741, -6.8064 ], [ 108.8854, -6.8109 ], [ 108.8817, -6.8183 ], [ 108.8773, -6.8214 ], [ 108.8692, -6.8196 ], [ 108.8585, -6.8489 ], [ 108.8497, -6.859 ], [ 108.834, -6.8711 ], [ 108.8352, -6.8721 ], [ 108.8263, -6.8878 ], [ 108.8229, -6.8886 ], [ 108.8172, -6.885 ], [ 108.8029, -6.8961 ], [ 108.8052, -6.9005 ], [ 108.8042, -6.9052 ], [ 108.8118, -6.898 ], [ 108.818, -6.903 ], [ 108.8172, -6.9082 ], [ 108.8199, -6.9086 ], [ 108.818, -6.9147 ], [ 108.8203, -6.9155 ], [ 108.8202, -6.9237 ], [ 108.8149, -6.9324 ], [ 108.8147, -6.9378 ], [ 108.807, -6.9473 ], [ 108.8004, -6.9462 ], [ 108.7983, -6.9423 ], [ 108.7935, -6.9413 ], [ 108.7895, -6.9428 ], [ 108.7882, -6.9475 ] ] ] } },
{ "type": "Feature", "properties": { "district_id": "IDN.10.6.11_1", "name": "Paguyangan", "kabupaten": "Brebes", "provinsi": "Jawa Tengah" }, "geometry": { "type": "MultiPolygon", "coordinates": [ [ [ [ 109.0176, -7.335 ], [ 108.9841, -7.3348 ], [ 108.9838, -7.333 ], [ 108.9756, -7.3349 ], [ 108.9749, -7.331 ], [ 108.983, -7.3215 ], [ 108.9851, -7.3062 ], [ 108.9916, -7.3082 ], [ 108.9987, -7.3067 ], [ 109.0012, -7.3096 ], [ 109.0027, -7.3062 ], [ 109.0072, -7.3043 ], [ 109.0024, -7.2936 ], [ 109.0052, -7.2878 ], [ 109.0028, -7.2788 ], [ 109.007, -7.2734 ], [ 109.0134, -7.2684 ], [ 109.0282, -7.2761 ], [ 109.0357, -7.2753 ], [ 109.0415, -7.2543 ], [ 109.0395, -7.2512 ], [ 109.0346, -7.2501 ], [ 109.038, -7.2397 ], [ 109.0456, -7.2396 ], [ 109.0472, -7.2364 ], [ 109.0562, -7.2421 ], [ 109.0688, -7.2398 ], [ 109.0743, -7.2466 ], [ 109.0863, -7.2488 ], [ 109.0892, -7.2613 ], [ 109.0983, -7.2682 ], [ 109.1065, -7.2699 ], [ 109.1221, -7.2654 ], [ 109.1236, -7.2602 ], [ 109.1273, -7.2575 ], [ 109.132, -7.2551 ], [ 109.141, -7.2557 ], [ 109.1509, -7.2505 ], [ 109.1589, -7.2563 ], [ 109.167, -7.2678 ], [ 109.1644, -7.2714 ], [ 109.1572, -7.2675 ], [ 109.1353, -7.2679 ], [ 109.1304, -7.2765 ], [ 109.1249, -7.2729 ], [ 109.1171, -7.2751 ], [ 109.1177, -7.2786 ], [ 109.1258, -7.2786 ], [ 109.1272, -7.281 ], [ 109.1057, -7.2873 ], [ 109.106, -7.2897 ], [ 109.1143, -7.2923 ], [ 109.1139, -7.2948 ], [ 109.1077, -7.2963 ], [ 109.1046, -7.3025 ], [ 109.0839, -7.3047 ], [ 109.0757, -7.3142 ], [ 109.0645, -7.3386 ], [ 109.0568, -7.3402 ], [ 109.0474, -7.3388 ], [ 109.0362, -7.3515 ], [ 109.0307, -7.3495 ], [ 109.0365, -7.3428 ], [ 109.0286, -7.3264 ], [ 109.0259, -7.3266 ], [ 109.0239, -7.3322 ], [ 109.0176, -7.335 ] ] ], [ [ [ 109.0465, -7.2352 ], [ 109.0469, -7.2306 ], [ 109.0435, -7.2254 ], [ 109.0393, -7.2286 ], [ 109.0314, -7.227 ], [ 109.0403, -7.2264 ], [ 109.048, -7.2224 ], [ 109.0517, -7.2265 ], [ 109.0483, -7.2271 ], [ 109.0465, -7.2352 ] ] ] ] } },
{ "type": "Feature", "properties": { "district_id": "IDN.10.6.12_1", "name": "Salem", "kabupaten": "Brebes", "provinsi": "Jawa Tengah" }, "geometry": { "type": "Polygon", "coordinates": [ [ [ 108.8487, -7.2061 ], [ 108.8262, -7.2021 ], [ 108.8218, -7.2045 ], [ 108.8128, -7.2035 ], [ 108.8026, -7.2061 ], [ 108.7993, -7.2105 ], [ 108.7904, -7.2134 ], [ 108.7894, -7.2101 ], [ 108.7827, -7.2085 ], [ 108.7764, -7.2035 ], [ 108.774, -7.1984 ], [ 108.7633, -7.1995 ], [ 108.7527, -7.1953 ], [ 108.75, -7.1873 ], [ 108.7488, -7.1941 ], [ 108.7436, -7.1978 ], [ 108.7237, -7.1937 ], [ 108.7213, -7.1902 ], [ 108.7222, -7.1825 ], [ 108.7158, -7.1725 ], [ 108.706, -7.1638 ], [ 108.6982, -7.1664 ], [ 108.6941, -7.16 ], [ 108.693, -7.1517 ], [ 108.6982, -7.1504 ], [ 108.7064, -7.1431 ], [ 108.7143, -7.1343 ], [ 108.7163, -7.128 ], [ 108.7235, -7.1238 ], [ 108.7234, -7.1187 ], [ 108.7266, -7.115 ], [ 108.74, -7.1148 ], [ 108.747, -7.1116 ], [ 108.7556, -7.1151 ], [ 108.7889, -7.1091 ], [ 108.8164, -7.1192 ], [ 108.8389, -7.1207 ], [ 108.8488, -7.1305 ], [ 108.8587, -7.1357 ], [ 108.8602, -7.1526 ], [ 108.8641, -7.1605 ], [ 108.8757, -7.1653 ], [ 108.8835, -7.1582 ], [ 108.8953, -7.1744 ], [ 108.892, -7.1793 ], [ 108.8956, -7.1863 ], [ 108.8883, -7.1859 ], [ 108.8842, -7.183 ], [ 108.8838, -7.1889 ], [ 108.8797, -7.1943 ], [ 108.8673, -7.2015 ], [ 108.8487, -7.2061 ] ] ] } },
{ "type": "Feature", "properties": { "district_id": "IDN.10.6.13_1", "name": "Sirampog", "kabupaten": "Brebes", "provinsi": "Jawa Tengah" }, "geometry": { "type": "Polygon", "coordinates": [ [ [ 109.1624, -7.2621 ], [ 109.1589, -7.2563 ], [ 109.1506, -7.2506 ], [ 109.141, -7.2557 ], [ 109.132, -7.2551 ], [ 109.1273, -7.2575 ], [ 109.1236, -7.2602 ], [ 109.1221, -7.2654 ], [ 109.1065, -7.2699 ], [ 109.0983, -7.2682 ], [ 109.0892, -7.2613 ], [ 109.0861, -7.2487 ], [ 109.0743, -7.2466 ], [ 109.0688, -7.2398 ], [ 109.0562, -7.2421 ], [ 109.0472, -7.2364 ], [ 109.0483, -7.2271 ], [ 109.0517, -7.2265 ], [ 109.048, -7.2224 ], [ 109.0403, -7.2264 ], [ 109.0309, -7.227 ], [ 109.0163, -7.2176 ], [ 109.02, -7.2102 ], [ 109.0231, -7.2123 ], [ 109.0302, -7.2118 ], [ 109.0333, -7.2074 ], [ 109.0334, -7.202 ], [ 109.0379, -7.1965 ], [ 109.0485, -7.1904 ], [ 109.0573, -7.1897 ], [ 109.0652, -7.1969 ], [ 109.0775, -7.2009 ], [ 109.0803, -7.215 ], [ 109.1077, -7.2126 ], [ 109.1103, -7.2151 ], [ 109.1133, -7.2131 ], [ 109.1204, -7.2224 ], [ 109.1361, -7.2329 ], [ 109.1389, -7.2387 ], [ 109.1496, -7.2462 ], [ 109.1566, -7.2464 ], [ 109.1684, -7.2397 ], [ 109.1755, -7.2398 ], [ 109.1747, -7.2503 ], [ 109.1653, -7.2487 ], [ 109.1653, -7.2567 ], [ 109.1624, -7.2621 ] ] ] } },
{ "type": "Feature", "properties": { "district_id": "IDN.10.6.14_1", "name": "Songgom", "kabupaten": "Brebes", "provinsi": "Jawa Tengah" }, "geometry": { "type": "Polygon", "coordinates": [ [ [ 109.0187, -7.0244 ], [ 109.0262, -7.0376 ], [ 109.0246, -7.0446 ], [ 109.0217, -7.0439 ], [ 109.0159, -7.0484 ], [ 109.0133, -7.0445 ], [ 109.011, -7.0454 ], [ 109.0041, -7.0411 ], [ 109.0006, -7.049 ], [ 108.9951, -7.0509 ], [ 108.9868, -7.0604 ], [ 108.9784, -7.047 ], [ 108.9797, -7.0447 ], [ 108.9893, -7.0442 ], [ 108.9827, -7.04 ], [ 108.9874, -7.0376 ], [ 108.983, -7.0328 ], [ 108.9856, -7.028 ], [ 108.9845, -7.0248 ], [ 108.9822, -7.0225 ], [ 108.9725, -7.0226 ], [ 108.97, -7.0167 ], [ 108.9652, -7.02 ], [ 108.9634, -7.016 ], [ 108.9702, -7.0069 ], [ 108.9696, -7.0009 ], [ 108.9745, -6.9997 ], [ 108.9743, -6.9862 ], [ 108.9783, -6.9879 ], [ 108.9799, -6.9833 ], [ 108.9773, -6.9812 ], [ 108.9863, -6.9775 ], [ 108.9895, -6.9786 ], [ 109.0027, -6.9704 ], [ 109.0072, -6.9611 ], [ 109.0159, -6.9544 ], [ 109.0198, -6.958 ], [ 109.0196, -6.9663 ], [ 109.0293, -6.9665 ], [ 109.0363, -6.9694 ], [ 109.0395, -6.9691 ], [ 109.0416, -6.9644 ], [ 109.0534, -6.9687 ], [ 109.0482, -6.9709 ], [ 109.0494, -6.9777 ], [ 109.0452, -6.9874 ], [ 109.0327, -6.9844 ], [ 109.0286, -6.9845 ], [ 109.0261, -6.9874 ], [ 109.028, -6.9938 ], [ 109.035, -7.0013 ], [ 109.0274, -6.9993 ], [ 109.0187, -7.0244 ] ] ] } },
{ "type": "Feature", "properties": { "district_id": "IDN.10.6.15_1", "name": "Tanjung", "kabupaten": "Brebes", "provinsi": "Jawa Tengah" }, "geometry": { "type": "MultiPolygon", "coordinates": [ [ [ [ 108.8311, -6.9431 ], [ 108.8123, -6.9392 ], [ 108.8154, -6.9368 ], [ 108.8149, -6.9324 ], [ 108.8202, -6.9237 ], [ 108.8203, -6.9155 ], [ 108.818, -6.9147 ], [ 108.8199, -6.9086 ], [ 108.8172, -6.9082 ], [ 108.818, -6.903 ], [ 108.8118, -6.898 ], [ 108.8042, -6.9052 ], [ 108.8052, -6.9005 ], [ 108.8025, -6.8978 ], [ 108.8041, -6.8943 ], [ 108.8075, -6.8911 ], [ 108.8109, -6.8916 ], [ 108.8172, -6.885 ], [ 108.8229, -6.8886 ], [ 108.8263, -6.8878 ], [ 108.8352, -6.8721 ], [ 108.834, -6.8711 ], [ 108.8497, -6.859 ], [ 108.8585, -6.8489 ], [ 108.8693, -6.8195 ], [ 108.8773, -6.8214 ], [ 108.8817, -6.8183 ], [ 108.8854, -6.8109 ], [ 108.9114, -6.8141 ], [ 108.9217, -6.8188 ], [ 108.9161, -6.8291 ], [ 108.9057, -6.84 ], [ 108.9038, -6.8523 ], [ 108.8871, -6.8505 ], [ 108.8885, -6.8576 ], [ 108.8856, -6.8631 ], [ 108.8891, -6.8719 ], [ 108.892, -6.8715 ], [ 108.8944, -6.8895 ], [ 108.9006, -6.8929 ], [ 108.8999, -6.8963 ], [ 108.8694, -6.8985 ], [ 108.8497, -6.8972 ], [ 108.8448, -6.9372 ], [ 108.8321, -6.936 ], [ 108.8311, -6.9431 ] ], [ [ 108.8536, -6.8923 ], [ 108.8517, -6.8917 ], [ 108.8513, -6.8944 ], [ 108.8537, -6.8969 ], [ 108.8536, -6.8923 ] ] ], [ [ [ 108.8891, -6.9076 ], [ 108.8897, -6.9113 ], [ 108.8953, -6.9203 ], [ 108.8922, -6.9205 ], [ 108.8914, -6.9182 ], [ 108.886, -6.9205 ], [ 108.8859, -6.9176 ], [ 108.8818, -6.9179 ], [ 108.8814, -6.9125 ], [ 108.8866, -6.9125 ], [ 108.8871, -6.9075 ], [ 108.8891, -6.9076 ] ] ] ] } },
{ "type": "Feature", "properties": { "district_id": "IDN.10.6.16_1", "name": "Tonjong", "kabupaten": "Brebes", "provinsi": "Jawa Tengah" }, "geometry": { "type": "Polygon", "coordinates": [ [ [ 109.0002, -7.2381 ], [ 108.9879, -7.2404 ], [ 108.9909, -7.2357 ], [ 108.989, -7.221 ], [ 108.9834, -7.2151 ], [ 108.9803, -7.2025 ], [ 108.9699, -7.1927 ], [ 108.974, -7.1903 ], [ 108.9737, -7.1844 ], [ 108.9708, -7.1642 ], [ 108.9651, -7.1598 ], [ 108.9654, -7.1507 ], [ 108.9723, -7.1481 ], [ 108.9748, -7.1397 ], [ 108.9837, -7.1321 ], [ 108.99, -7.1321 ], [ 109.0, -7.1417 ], [ 109.009, -7.1395 ], [ 109.0256, -7.1431 ], [ 109.0365, -7.1404 ], [ 109.0423, -7.1436 ], [ 109.0466, -7.1501 ], [ 109.0571, -7.1499 ], [ 109.0604, -7.1423 ], [ 109.0573, -7.136 ], [ 109.0596, -7.1302 ], [ 109.0692, -7.1269 ], [ 109.0741, -7.1142 ], [ 109.0737, -7.1261 ], [ 109.0828, -7.1366 ], [ 109.0843, -7.1471 ], [ 109.0817, -7.1547 ], [ 109.0644, -7.1721 ], [ 109.0557, -7.1849 ], [ 109.0573, -7.1897 ], [ 109.0477, -7.1907 ], [ 109.0371, -7.197 ], [ 109.0296, -7.2122 ], [ 109.0198, -7.2103 ], [ 109.0163, -7.2176 ], [ 109.0206, -7.2196 ], [ 109.0151, -7.2216 ], [ 109.0132, -7.2284 ], [ 109.0065, -7.2346 ], [ 109.002, -7.2335 ], [ 109.0002, -7.2381 ] ] ] } },
{ "type": "Feature", "properties": { "district_id": "IDN.10.6.17_1", "name": "Wanasari", "kabupaten": "Brebes", "provinsi": "Jawa Tengah" }, "geometry": { "type": "Polygon", "coordinates": [ [ [ 109.0259, -6.9371 ], [ 109.0205, -6.9377 ], [ 109.014, -6.9488 ], [ 109.004, -6.9523 ], [ 108.9846, -6.9499 ], [ 108.99, -6.934 ], [ 108.9866, -6.9309 ], [ 108.9869, -6.9253 ], [ 108.9799, -6.9212 ], [ 108.9794, -6.9163 ], [ 108.9821, -6.9118 ], [ 108.9871, -6.9113 ], [ 108.9873, -6.9068 ], [ 108.9919, -6.9016 ], [ 108.9864, -6.8975 ], [ 108.9883, -6.8926 ], [ 108.9914, -6.8933 ], [ 108.9944, -6.8889 ], [ 108.997, -6.8733 ], [ 108.987, -6.8729 ], [ 108.9864, -6.8558 ], [ 108.9892, -6.852 ], [ 108.9897, -6.84 ], [ 108.9858, -6.8341 ], [ 108.9884, -6.8345 ], [ 108.9836, -6.8277 ], [ 108.9746, -6.821 ], [ 108.9734, -6.8105 ], [ 108.9687, -6.8055 ], [ 108.9928, -6.809 ], [ 108.9904, -6.8066 ], [ 108.9941, -6.8058 ], [ 108.995, -6.7977 ], [ 109.0005, -6.7994 ], [ 109.0023, -6.797 ], [ 109.0065, -6.7972 ], [ 109.0083, -6.7934 ], [ 109.0126, -6.7922 ], [ 109.0134, -6.7859 ], [ 109.016, -6.7839 ], [ 109.0197, -6.7854 ], [ 109.0182, -6.8075 ], [ 109.0116, -6.8179 ], [ 109.0227, -6.8212 ], [ 109.0244, -6.8259 ], [ 109.0208, -6.8287 ], [ 109.0175, -6.8277 ], [ 109.0183, -6.8315 ], [ 109.0247, -6.8298 ], [ 109.0259, -6.8331 ], [ 109.0306, -6.834 ], [ 109.0293, -6.839 ], [ 109.024, -6.835 ], [ 109.0205, -6.8354 ], [ 109.0216, -6.8501 ], [ 109.0249, -6.8535 ], [ 109.0248, -6.8592 ], [ 109.0332, -6.8623 ], [ 109.0348, -6.8667 ], [ 109.033, -6.8721 ], [ 109.0387, -6.8783 ], [ 109.0335, -6.8796 ], [ 109.0343, -6.8873 ], [ 109.0227, -6.8947 ], [ 109.0234, -6.8995 ], [ 109.0305, -6.9 ], [ 109.0293, -6.9028 ], [ 109.0238, -6.9008 ], [ 109.025, -6.903 ], [ 109.0333, -6.908 ], [ 109.0281, -6.9119 ], [ 109.029, -6.9156 ], [ 109.0357, -6.9119 ], [ 109.0382, -6.914 ], [ 109.033, -6.9221 ], [ 109.0326, -6.9301 ], [ 109.0259, -6.9371 ] ] ] } },
{ "type": "Feature", "properties": { "district_id": "IDN.10.8.1_1", "name": "Bonang", "kabupaten": "Demak", "provinsi": "Jawa Tengah" }, "geometry": { "type": "Polygon", "coordinates": [ [ [ 110.6056, -6.8778 ], [ 110.6076, -6.8817 ], [ 110.6028, -6.8819 ], [ 110.6015, -6.8865 ], [ 110.5967, -6.8867 ], [ 110.5959, -6.8898 ], [ 110.6003, -6.8912 ], [ 110.5978, -6.891 ], [ 110.5978, -6.9 ], [ 110.5953, -6.8996 ], [ 110.5958, -6.9033 ], [ 110.5935, -6.9064 ], [ 110.5914, -6.9054 ], [ 110.5898, -6.9116 ], [ 110.5869, -6.9102 ], [ 110.5751, -6.902 ], [ 110.5654, -6.8903 ], [ 110.5586, -6.8697 ], [ 110.5457, -6.8475 ], [ 110.5365, -6.8389 ], [ 110.5221, -6.8342 ], [ 110.5309, -6.8318 ], [ 110.5436, -6.8199 ], [ 110.5474, -6.8204 ], [ 110.5511, -6.8084 ], [ 110.5539, -6.8094 ], [ 110.56, -6.8039 ], [ 110.5596, -6.7981 ], [ 110.5621, -6.7945 ], [ 110.5791, -6.8013 ], [ 110.5884, -6.8082 ], [ 110.5918, -6.8061 ], [ 110.5989, -6.8071 ], [ 110.6112, -6.8213 ], [ 110.6098, -6.8306 ], [ 110.6132, -6.8294 ], [ 110.6206, -6.8361 ], [ 110.6261, -6.8217 ], [ 110.6349, -6.8212 ], [ 110.6443, -6.8285 ], [ 110.6481, -6.8259 ], [ 110.6652, -6.8355 ], [ 110.6617, -6.8449 ], [ 110.6558, -6.8482 ], [ 110.6573, -6.8504 ], [ 110.6528, -6.8575 ], [ 110.6527, -6.8659 ], [ 110.6442, -6.8621 ], [ 110.6423, -6.8662 ], [ 110.6291, -6.869 ], [ 110.6219, -6.8658 ], [ 110.6158, -6.8553 ], [ 110.6175, -6.8483 ], [ 110.6133, -6.8459 ], [ 110.6059, -6.8625 ], [ 110.61, -6.862 ], [ 110.6131, -6.8737 ], [ 110.6115, -6.8765 ], [ 110.6056, -6.8778 ] ] ] } },
{ "type": "Feature", "properties": { "district_id": "IDN.10.8.2_1", "name": "Demak", "kabupaten": "Demak", "provinsi": "Jawa Tengah" }, "geometry": { "type": "Polygon", "coordinates": [ [ [ 110.5898, -6.9116 ], [ 110.5914, -6.9054 ], [ 110.5935, -6.9064 ], [ 110.5958, -6.9033 ], [ 110.5953, -6.8996 ], [ 110.5978, -6.9 ], [ 110.5978, -6.891 ], [ 110.6002, -6.8915 ], [ 110.5959, -6.8898 ], [ 110.5968, -6.8864 ], [ 110.6015, -6.8865 ], [ 110.6028, -6.8819 ], [ 110.6078, -6.8814 ], [ 110.6058, -6.8774 ], [ 110.6128, -6.875 ], [ 110.6101, -6.8622 ], [ 110.6059, -6.8625 ], [ 110.6133, -6.8459 ], [ 110.6175, -6.8483 ], [ 110.6158, -6.8553 ], [ 110.6219, -6.8658 ], [ 110.6291, -6.869 ], [ 110.6423, -6.8662 ], [ 110.6442, -6.8621 ], [ 110.6527, -6.8659 ], [ 110.6528, -6.8575 ], [ 110.6573, -6.8504 ], [ 110.6558, -6.8482 ], [ 110.6617, -6.8449 ], [ 110.6644, -6.8393 ], [ 110.6652, -6.8355 ], [ 110.6632, -6.8348 ], [ 110.6666, -6.822 ], [ 110.6733, -6.8244 ], [ 110.6744, -6.819 ], [ 110.6861, -6.823 ], [ 110.6821, -6.83 ], [ 110.6875, -6.8281 ], [ 110.6851, -6.8328 ], [ 110.6907, -6.8374 ], [ 110.6947, -6.8387 ], [ 110.6967, -6.8358 ], [ 110.7023, -6.8387 ], [ 110.7001, -6.8441 ], [ 110.7081, -6.8485 ], [ 110.7109, -6.8543 ], [ 110.7079, -6.8632 ], [ 110.7192, -6.869 ], [ 110.719, -6.8725 ], [ 110.716, -6.8729 ], [ 110.7155, -6.8781 ], [ 110.7177, -6.8783 ], [ 110.716, -6.8829 ], [ 110.7067, -6.879 ], [ 110.7067, -6.8745 ], [ 110.704, -6.8749 ], [ 110.6976, -6.8681 ], [ 110.6842, -6.8707 ], [ 110.6902, -6.8745 ], [ 110.6895, -6.8776 ], [ 110.6861, -6.8785 ], [ 110.683, -6.8937 ], [ 110.6722, -6.8852 ], [ 110.6675, -6.8762 ], [ 110.663, -6.884 ], [ 110.6536, -6.8863 ], [ 110.6552, -6.8907 ], [ 110.6489, -6.8909 ], [ 110.6513, -6.8948 ], [ 110.6485, -6.8912 ], [ 110.6462, -6.8934 ], [ 110.6497, -6.8971 ], [ 110.6482, -6.9055 ], [ 110.6513, -6.9078 ], [ 110.6537, -6.9174 ], [ 110.6477, -6.9202 ], [ 110.6413, -6.9169 ], [ 110.6437, -6.9062 ], [ 110.6393, -6.9075 ], [ 110.6383, -6.899 ], [ 110.6029, -6.9171 ], [ 110.5898, -6.9116 ] ] ] } },
{ "type": "Feature", "properties": { "district_id": "IDN.10.8.3_1", "name": "Dempet", "kabupaten": "Demak", "provinsi": "Jawa Tengah" }, "geometry": { "type": "Polygon", "coordinates": [ [ [ 110.7641, -7.0003 ], [ 110.7746, -6.999 ], [ 110.7757, -7.0019 ], [ 110.7715, -7.0046 ], [ 110.7645, -7.0036 ], [ 110.7689, -7.0102 ], [ 110.7684, -7.014 ], [ 110.7655, -7.0144 ], [ 110.7642, -7.0182 ], [ 110.7602, -7.0167 ], [ 110.7578, -7.0192 ], [ 110.7512, -7.0164 ], [ 110.749, -7.013 ], [ 110.7471, -6.9939 ], [ 110.7389, -6.9936 ], [ 110.7389, -6.9997 ], [ 110.7357, -6.9995 ], [ 110.7324, -6.9885 ], [ 110.7061, -6.9642 ], [ 110.6998, -6.9683 ], [ 110.702, -6.9706 ], [ 110.7009, -6.9726 ], [ 110.6975, -6.9702 ], [ 110.6973, -6.9723 ], [ 110.6888, -6.972 ], [ 110.6908, -6.9709 ], [ 110.6886, -6.9607 ], [ 110.6897, -6.9519 ], [ 110.6939, -6.9507 ], [ 110.6992, -6.9417 ], [ 110.7016, -6.9431 ], [ 110.6962, -6.939 ], [ 110.7002, -6.9352 ], [ 110.6952, -6.9324 ], [ 110.6998, -6.9247 ], [ 110.6976, -6.9231 ], [ 110.702, -6.9248 ], [ 110.6995, -6.9237 ], [ 110.7015, -6.9189 ], [ 110.703, -6.9236 ], [ 110.7125, -6.9276 ], [ 110.7128, -6.933 ], [ 110.7216, -6.9332 ], [ 110.7219, -6.9385 ], [ 110.7249, -6.9392 ], [ 110.7297, -6.9401 ], [ 110.7323, -6.9319 ], [ 110.723, -6.9265 ], [ 110.7191, -6.9192 ], [ 110.7312, -6.9158 ], [ 110.7385, -6.9198 ], [ 110.7435, -6.9159 ], [ 110.7556, -6.9227 ], [ 110.7649, -6.9241 ], [ 110.7644, -6.931 ], [ 110.7861, -6.9367 ], [ 110.7826, -6.9385 ], [ 110.7846, -6.9422 ], [ 110.779, -6.9411 ], [ 110.7798, -6.9458 ], [ 110.772, -6.9451 ], [ 110.7775, -6.9491 ], [ 110.7735, -6.9519 ], [ 110.7765, -6.9641 ], [ 110.7734, -6.9654 ], [ 110.7699, -6.9627 ], [ 110.7633, -6.9678 ], [ 110.7655, -6.9694 ], [ 110.7703, -6.9678 ], [ 110.7691, -6.9722 ], [ 110.7743, -6.9748 ], [ 110.7685, -6.9801 ], [ 110.7616, -6.9807 ], [ 110.7621, -6.9852 ], [ 110.7674, -6.984 ], [ 110.7727, -6.9897 ], [ 110.7669, -6.9907 ], [ 110.7685, -6.9964 ], [ 110.7636, -6.9976 ], [ 110.7641, -7.0003 ] ] ] } },
{ "type": "Feature", "properties": { "district_id": "IDN.10.8.4_1", "name": "Gajah", "kabupaten": "Demak", "provinsi": "Jawa Tengah" }, "geometry": { "type": "Polygon", "coordinates": [ [ [ 110.7294, -6.9393 ], [ 110.7219, -6.9385 ], [ 110.7216, -6.9332 ], [ 110.7128, -6.933 ], [ 110.7125, -6.9276 ], [ 110.703, -6.9236 ], [ 110.7015, -6.9189 ], [ 110.6995, -6.9237 ], [ 110.6945, -6.9212 ], [ 110.6942, -6.9152 ], [ 110.701, -6.9014 ], [ 110.703, -6.8991 ], [ 110.7077, -6.901 ], [ 110.7151, -6.8841 ], [ 110.7208, -6.8853 ], [ 110.7227, -6.8781 ], [ 110.7155, -6.8781 ], [ 110.716, -6.8729 ], [ 110.7601, -6.866 ], [ 110.7666, -6.8748 ], [ 110.7999, -6.8947 ], [ 110.8014, -6.8988 ], [ 110.7954, -6.8992 ], [ 110.7917, -6.9082 ], [ 110.786, -6.9113 ], [ 110.7868, -6.9149 ], [ 110.7822, -6.928 ], [ 110.7771, -6.9337 ], [ 110.7644, -6.931 ], [ 110.7649, -6.9241 ], [ 110.7556, -6.9227 ], [ 110.7435, -6.9159 ], [ 110.7385, -6.9198 ], [ 110.7317, -6.9158 ], [ 110.7198, -6.9181 ], [ 110.723, -6.9265 ], [ 110.7323, -6.9319 ], [ 110.7294, -6.9393 ] ] ] } },
{ "type": "Feature", "properties": { "district_id": "IDN.10.8.5_1", "name": "Guntur", "kabupaten": "Demak", "provinsi": "Jawa Tengah" }, "geometry": { "type": "Polygon", "coordinates": [ [ [ 110.622, -7.0022 ], [ 110.6239, -7.0044 ], [ 110.6224, -7.011 ], [ 110.6122, -7.0225 ], [ 110.6063, -7.0199 ], [ 110.6073, -7.0103 ], [ 110.5991, -7.0073 ], [ 110.5902, -7.0168 ], [ 110.5879, -7.0157 ], [ 110.5863, -7.0197 ], [ 110.5819, -7.0182 ], [ 110.5796, -7.0205 ], [ 110.5755, -7.0193 ], [ 110.5785, -7.0137 ], [ 110.5751, -7.0122 ], [ 110.5732, -7.016 ], [ 110.5637, -7.0076 ], [ 110.5633, -7.0131 ], [ 110.5663, -7.0153 ], [ 110.5635, -7.0171 ], [ 110.5599, -7.0115 ], [ 110.5634, -7.0026 ], [ 110.5548, -7.0001 ], [ 110.5479, -6.9855 ], [ 110.549, -6.9688 ], [ 110.5519, -6.9603 ], [ 110.5597, -6.9624 ], [ 110.5617, -6.9572 ], [ 110.5763, -6.9656 ], [ 110.5817, -6.9654 ], [ 110.5848, -6.9616 ], [ 110.6035, -6.9673 ], [ 110.6067, -6.9637 ], [ 110.605, -6.9505 ], [ 110.6223, -6.9544 ], [ 110.6235, -6.9464 ], [ 110.6268, -6.9494 ], [ 110.63, -6.9468 ], [ 110.631, -6.9498 ], [ 110.6385, -6.9471 ], [ 110.6412, -6.9427 ], [ 110.6339, -6.9389 ], [ 110.6353, -6.9365 ], [ 110.6392, -6.9364 ], [ 110.6398, -6.9337 ], [ 110.6477, -6.948 ], [ 110.6546, -6.952 ], [ 110.6556, -6.9552 ], [ 110.6622, -6.956 ], [ 110.6633, -6.9604 ], [ 110.672, -6.9613 ], [ 110.675, -6.9671 ], [ 110.6712, -6.9685 ], [ 110.6687, -6.9766 ], [ 110.6548, -6.9737 ], [ 110.6496, -6.9747 ], [ 110.6446, -6.979 ], [ 110.6383, -6.9764 ], [ 110.631, -6.9791 ], [ 110.6309, -6.9842 ], [ 110.62, -6.9821 ], [ 110.6191, -6.9846 ], [ 110.6216, -6.9857 ], [ 110.622, -6.9924 ], [ 110.6243, -6.9941 ], [ 110.622, -7.0022 ] ] ] } },
{ "type": "Feature", "properties": { "district_id": "IDN.10.8.6_1", "name": "Karang Tengah", "kabupaten": "Demak", "provinsi": "Jawa Tengah" }, "geometry": { "type": "Polygon", "coordinates": [ [ [ 110.6057, -6.9501 ], [ 110.6066, -6.9645 ], [ 110.6028, -6.9674 ], [ 110.5848, -6.9616 ], [ 110.5817, -6.9654 ], [ 110.5763, -6.9656 ], [ 110.5617, -6.9572 ], [ 110.5603, -6.9604 ], [ 110.5577, -6.9509 ], [ 110.5585, -6.9478 ], [ 110.5603, -6.9487 ], [ 110.5604, -6.946 ], [ 110.5628, -6.9455 ], [ 110.563, -6.941 ], [ 110.551, -6.9467 ], [ 110.5429, -6.912 ], [ 110.5487, -6.9086 ], [ 110.5541, -6.9103 ], [ 110.5583, -6.9089 ], [ 110.5618, -6.9034 ], [ 110.5594, -6.899 ], [ 110.5611, -6.8956 ], [ 110.5585, -6.8933 ], [ 110.5615, -6.891 ], [ 110.556, -6.8881 ], [ 110.558, -6.8833 ], [ 110.555, -6.8856 ], [ 110.5555, -6.8832 ], [ 110.553, -6.8843 ], [ 110.5525, -6.8804 ], [ 110.5553, -6.8797 ], [ 110.5514, -6.8793 ], [ 110.551, -6.8754 ], [ 110.5537, -6.8753 ], [ 110.5501, -6.8723 ], [ 110.5529, -6.8676 ], [ 110.5483, -6.868 ], [ 110.5488, -6.863 ], [ 110.5431, -6.8619 ], [ 110.5422, -6.8653 ], [ 110.5388, -6.866 ], [ 110.5354, -6.8643 ], [ 110.5328, -6.8666 ], [ 110.5347, -6.8701 ], [ 110.533, -6.872 ], [ 110.5245, -6.8593 ], [ 110.5182, -6.8625 ], [ 110.5154, -6.86 ], [ 110.5217, -6.849 ], [ 110.5283, -6.8472 ], [ 110.5277, -6.8397 ], [ 110.5227, -6.8393 ], [ 110.5202, -6.8348 ], [ 110.5365, -6.8389 ], [ 110.5457, -6.8475 ], [ 110.5586, -6.8697 ], [ 110.5654, -6.8903 ], [ 110.5756, -6.9025 ], [ 110.5869, -6.9102 ], [ 110.6027, -6.9168 ], [ 110.6037, -6.9216 ], [ 110.6087, -6.9262 ], [ 110.613, -6.9241 ], [ 110.6165, -6.9307 ], [ 110.6206, -6.9327 ], [ 110.6206, -6.9367 ], [ 110.6269, -6.9392 ], [ 110.6304, -6.9335 ], [ 110.6372, -6.9317 ], [ 110.6398, -6.9337 ], [ 110.6392, -6.9364 ], [ 110.6353, -6.9365 ], [ 110.6339, -6.9389 ], [ 110.6412, -6.9427 ], [ 110.6385, -6.9471 ], [ 110.631, -6.9498 ], [ 110.63, -6.9468 ], [ 110.6268, -6.9494 ], [ 110.6235, -6.9464 ], [ 110.6223, -6.9544 ], [ 110.6057, -6.9501 ] ] ] } },
{ "type": "Feature", "properties": { "district_id": "IDN.10.8.7_1", "name": "Karanganyar", "kabupaten": "Demak", "provinsi": "Jawa Tengah" }, "geometry": { "type": "Polygon", "coordinates": [ [ [ 110.8, -6.8956 ], [ 110.7891, -6.8895 ], [ 110.787, -6.8854 ], [ 110.7666, -6.8748 ], [ 110.7601, -6.866 ], [ 110.719, -6.8725 ], [ 110.7188, -6.8684 ], [ 110.7151, -6.868 ], [ 110.721, -6.8544 ], [ 110.7211, -6.8487 ], [ 110.7301, -6.8371 ], [ 110.7294, -6.8331 ], [ 110.7356, -6.8315 ], [ 110.7395, -6.8265 ], [ 110.7372, -6.8247 ], [ 110.7391, -6.8169 ], [ 110.7419, -6.8159 ], [ 110.7452, -6.8076 ], [ 110.74, -6.8062 ], [ 110.7413, -6.8018 ], [ 110.7548, -6.8049 ], [ 110.7597, -6.7985 ], [ 110.7568, -6.7966 ], [ 110.7585, -6.7912 ], [ 110.7699, -6.8016 ], [ 110.7779, -6.8023 ], [ 110.7834, -6.8069 ], [ 110.7866, -6.8155 ], [ 110.7902, -6.817 ], [ 110.7992, -6.832 ], [ 110.7998, -6.8383 ], [ 110.8131, -6.8357 ], [ 110.8208, -6.8497 ], [ 110.8318, -6.8443 ], [ 110.8343, -6.8471 ], [ 110.839, -6.8473 ], [ 110.8374, -6.855 ], [ 110.833, -6.8564 ], [ 110.8327, -6.8598 ], [ 110.8257, -6.861 ], [ 110.8261, -6.8664 ], [ 110.8185, -6.8701 ], [ 110.8138, -6.8774 ], [ 110.8085, -6.8808 ], [ 110.8075, -6.894 ], [ 110.8014, -6.8988 ], [ 110.8, -6.8956 ] ] ] } },
{ "type": "Feature", "properties": { "district_id": "IDN.10.8.8_1", "name": "Karangawen", "kabupaten": "Demak", "provinsi": "Jawa Tengah" }, "geometry": { "type": "Polygon", "coordinates": [ [ [ 110.5684, -7.0755 ], [ 110.562, -7.0946 ], [ 110.5648, -7.0932 ], [ 110.5649, -7.0959 ], [ 110.5735, -7.1008 ], [ 110.579, -7.1116 ], [ 110.5926, -7.1152 ], [ 110.5944, -7.1199 ], [ 110.5927, -7.1248 ], [ 110.5796, -7.1326 ], [ 110.5585, -7.1397 ], [ 110.5489, -7.1381 ], [ 110.5463, -7.135 ], [ 110.5474, -7.1322 ], [ 110.5424, -7.1284 ], [ 110.5384, -7.1277 ], [ 110.5364, -7.13 ], [ 110.5353, -7.1283 ], [ 110.5316, -7.1319 ], [ 110.5272, -7.1292 ], [ 110.5207, -7.1332 ], [ 110.5134, -7.1282 ], [ 110.5134, -7.1235 ], [ 110.5102, -7.1219 ], [ 110.5277, -7.0747 ], [ 110.5291, -7.0602 ], [ 110.5316, -7.0591 ], [ 110.5343, -7.0494 ], [ 110.5423, -7.0473 ], [ 110.55, -7.0511 ], [ 110.5518, -7.043 ], [ 110.5416, -7.034 ], [ 110.5431, -7.031 ], [ 110.5466, -7.0317 ], [ 110.5577, -7.0267 ], [ 110.5639, -7.0211 ], [ 110.5663, -7.0153 ], [ 110.5633, -7.0131 ], [ 110.5637, -7.0076 ], [ 110.5732, -7.016 ], [ 110.5751, -7.0122 ], [ 110.5785, -7.0137 ], [ 110.5755, -7.0193 ], [ 110.5796, -7.0205 ], [ 110.5819, -7.0182 ], [ 110.5863, -7.0197 ], [ 110.5879, -7.0157 ], [ 110.5902, -7.0168 ], [ 110.5972, -7.0072 ], [ 110.6057, -7.0086 ], [ 110.6083, -7.0145 ], [ 110.6075, -7.0213 ], [ 110.6195, -7.0211 ], [ 110.6043, -7.0465 ], [ 110.5994, -7.0487 ], [ 110.5951, -7.0558 ], [ 110.5938, -7.068 ], [ 110.5921, -7.0672 ], [ 110.5881, -7.0732 ], [ 110.5836, -7.0694 ], [ 110.5753, -7.0702 ], [ 110.5738, -7.0738 ], [ 110.5684, -7.0755 ] ] ] } },
{ "type": "Feature", "properties": { "district_id": "IDN.10.8.9_1", "name": "Kebonagung", "kabupaten": "Demak", "provinsi": "Jawa Tengah" }, "geometry": { "type": "Polygon", "coordinates": [ [ [ 110.688, -7.0345 ], [ 110.6771, -7.0464 ], [ 110.6788, -7.0476 ], [ 110.677, -7.0508 ], [ 110.6742, -7.0495 ], [ 110.6695, -7.0543 ], [ 110.6678, -7.0531 ], [ 110.6705, -7.0491 ], [ 110.6704, -7.0427 ], [ 110.6742, -7.0418 ], [ 110.6761, -7.0373 ], [ 110.6794, -7.0379 ], [ 110.6802, -7.0341 ], [ 110.6834, -7.0349 ], [ 110.6817, -7.0328 ], [ 110.6909, -7.0216 ], [ 110.6908, -7.0171 ], [ 110.6881, -7.0143 ], [ 110.6803, -7.0137 ], [ 110.6732, -7.0082 ], [ 110.6804, -6.9968 ], [ 110.6768, -6.9912 ], [ 110.6784, -6.9872 ], [ 110.6681, -6.9829 ], [ 110.6711, -6.9806 ], [ 110.6694, -6.9791 ], [ 110.6718, -6.9764 ], [ 110.6694, -6.9753 ], [ 110.6726, -6.9674 ], [ 110.6828, -6.9732 ], [ 110.6915, -6.9732 ], [ 110.6935, -6.9707 ], [ 110.6973, -6.9723 ], [ 110.6975, -6.9702 ], [ 110.7009, -6.9726 ], [ 110.702, -6.9706 ], [ 110.6998, -6.9683 ], [ 110.7061, -6.9642 ], [ 110.7324, -6.9885 ], [ 110.7357, -6.9995 ], [ 110.7389, -6.9997 ], [ 110.7389, -6.9936 ], [ 110.7471, -6.9939 ], [ 110.749, -7.013 ], [ 110.7518, -7.0168 ], [ 110.7626, -7.0217 ], [ 110.7295, -7.0329 ], [ 110.6937, -7.0182 ], [ 110.6932, -7.0201 ], [ 110.6996, -7.0215 ], [ 110.6986, -7.0259 ], [ 110.6921, -7.0249 ], [ 110.6909, -7.03 ], [ 110.6943, -7.0318 ], [ 110.688, -7.0345 ] ] ] } },
{ "type": "Feature", "properties": { "district_id": "IDN.10.8.10_1", "name": "Mijen", "kabupaten": "Demak", "provinsi": "Jawa Tengah" }, "geometry": { "type": "Polygon", "coordinates": [ [ [ 110.7103, -6.8563 ], [ 110.7081, -6.8485 ], [ 110.7001, -6.8441 ], [ 110.7023, -6.8387 ], [ 110.6967, -6.8358 ], [ 110.6947, -6.8387 ], [ 110.6907, -6.8374 ], [ 110.6851, -6.8328 ], [ 110.6863, -6.8274 ], [ 110.6821, -6.83 ], [ 110.6858, -6.8226 ], [ 110.6744, -6.819 ], [ 110.6733, -6.8244 ], [ 110.6661, -6.8227 ], [ 110.6648, -6.8165 ], [ 110.6593, -6.8099 ], [ 110.6655, -6.7949 ], [ 110.668, -6.7798 ], [ 110.6697, -6.7805 ], [ 110.6775, -6.7628 ], [ 110.6788, -6.7671 ], [ 110.6839, -6.7702 ], [ 110.6867, -6.7663 ], [ 110.6906, -6.7692 ], [ 110.6953, -6.7687 ], [ 110.6941, -6.7751 ], [ 110.6998, -6.7769 ], [ 110.6986, -6.7826 ], [ 110.7048, -6.7948 ], [ 110.711, -6.7893 ], [ 110.7131, -6.789 ], [ 110.7149, -6.7923 ], [ 110.7208, -6.7884 ], [ 110.7294, -6.7933 ], [ 110.7335, -6.7917 ], [ 110.7411, -6.794 ], [ 110.7419, -6.7964 ], [ 110.7483, -6.7947 ], [ 110.7511, -6.7963 ], [ 110.7557, -6.7934 ], [ 110.7597, -6.7985 ], [ 110.7545, -6.805 ], [ 110.7413, -6.8018 ], [ 110.74, -6.8062 ], [ 110.7452, -6.8076 ], [ 110.7419, -6.8159 ], [ 110.7391, -6.8169 ], [ 110.7372, -6.8247 ], [ 110.7395, -6.8265 ], [ 110.7356, -6.8315 ], [ 110.7294, -6.8331 ], [ 110.7286, -6.8407 ], [ 110.7214, -6.8482 ], [ 110.721, -6.8544 ], [ 110.7139, -6.8675 ], [ 110.7079, -6.8632 ], [ 110.7103, -6.8563 ] ] ] } },
{ "type": "Feature", "properties": { "district_id": "IDN.10.8.11_1", "name": "Mranggen", "kabupaten": "Demak", "provinsi": "Jawa Tengah" }, "geometry": { "type": "Polygon", "coordinates": [ [ [ 110.5277, -7.0747 ], [ 110.5102, -7.1219 ], [ 110.506, -7.1233 ], [ 110.5008, -7.1198 ], [ 110.4997, -7.1126 ], [ 110.5029, -7.1114 ], [ 110.4958, -7.1097 ], [ 110.5026, -7.1028 ], [ 110.4998, -7.1018 ], [ 110.4997, -7.0967 ], [ 110.4822, -7.0906 ], [ 110.4775, -7.0863 ], [ 110.4953, -7.0712 ], [ 110.4955, -7.0682 ], [ 110.4984, -7.0694 ], [ 110.4978, -7.0673 ], [ 110.5009, -7.067 ], [ 110.4994, -7.0633 ], [ 110.4914, -7.0603 ], [ 110.491, -7.0553 ], [ 110.4867, -7.0501 ], [ 110.4855, -7.0551 ], [ 110.4808, -7.0574 ], [ 110.4812, -7.053 ], [ 110.486, -7.052 ], [ 110.4829, -7.0484 ], [ 110.4839, -7.0456 ], [ 110.4812, -7.0442 ], [ 110.4848, -7.0437 ], [ 110.4831, -7.042 ], [ 110.4874, -7.029 ], [ 110.4954, -7.0298 ], [ 110.4992, -7.026 ], [ 110.4978, -7.0208 ], [ 110.4995, -7.0164 ], [ 110.5037, -7.0149 ], [ 110.5039, -7.0107 ], [ 110.4988, -7.0063 ], [ 110.4904, -7.0043 ], [ 110.4984, -6.9931 ], [ 110.5017, -6.9928 ], [ 110.5021, -6.9793 ], [ 110.5053, -6.9759 ], [ 110.5155, -6.9787 ], [ 110.5229, -6.9768 ], [ 110.5198, -6.9843 ], [ 110.5229, -6.9857 ], [ 110.5265, -6.9833 ], [ 110.5355, -6.9867 ], [ 110.5367, -6.9852 ], [ 110.5378, -6.9884 ], [ 110.5475, -6.9819 ], [ 110.5548, -7.0001 ], [ 110.5634, -7.0026 ], [ 110.5601, -7.0124 ], [ 110.5655, -7.0184 ], [ 110.5583, -7.0264 ], [ 110.5466, -7.0317 ], [ 110.5431, -7.031 ], [ 110.5416, -7.034 ], [ 110.5518, -7.043 ], [ 110.55, -7.0511 ], [ 110.5423, -7.0473 ], [ 110.5343, -7.0494 ], [ 110.5316, -7.0591 ], [ 110.5291, -7.0602 ], [ 110.5277, -7.0747 ] ] ] } },
{ "type": "Feature", "properties": { "district_id": "IDN.10.8.12_1", "name": "Sayung", "kabupaten": "Demak", "provinsi": "Jawa Tengah" }, "geometry": { "type": "Polygon", "coordinates": [ [ [ 110.5265, -6.9833 ], [ 110.5198, -6.9843 ], [ 110.5229, -6.9768 ], [ 110.5155, -6.9787 ], [ 110.5052, -6.9766 ], [ 110.5049, -6.9704 ], [ 110.5012, -6.9638 ], [ 110.5028, -6.9589 ], [ 110.501, -6.9526 ], [ 110.49, -6.9549 ], [ 110.4922, -6.9475 ], [ 110.4888, -6.9487 ], [ 110.4875, -6.9461 ], [ 110.4734, -6.9421 ], [ 110.4632, -6.9315 ], [ 110.4675, -6.9304 ], [ 110.4705, -6.9254 ], [ 110.4761, -6.9241 ], [ 110.4756, -6.9209 ], [ 110.5088, -6.88 ], [ 110.5182, -6.8625 ], [ 110.5236, -6.859 ], [ 110.533, -6.872 ], [ 110.5347, -6.8701 ], [ 110.5328, -6.8666 ], [ 110.5354, -6.8643 ], [ 110.5422, -6.8653 ], [ 110.5431, -6.8619 ], [ 110.5493, -6.8635 ], [ 110.5488, -6.8684 ], [ 110.5528, -6.8673 ], [ 110.5501, -6.8723 ], [ 110.5537, -6.8753 ], [ 110.551, -6.8754 ], [ 110.5514, -6.8793 ], [ 110.5549, -6.8791 ], [ 110.5524, -6.8807 ], [ 110.5533, -6.8849 ], [ 110.558, -6.8833 ], [ 110.556, -6.8881 ], [ 110.5613, -6.8903 ], [ 110.5585, -6.8933 ], [ 110.5611, -6.8956 ], [ 110.5594, -6.899 ], [ 110.5618, -6.9034 ], [ 110.5576, -6.9094 ], [ 110.5487, -6.9086 ], [ 110.5429, -6.912 ], [ 110.551, -6.9467 ], [ 110.5625, -6.9404 ], [ 110.5632, -6.9422 ], [ 110.5577, -6.9509 ], [ 110.5587, -6.958 ], [ 110.5607, -6.9586 ], [ 110.5597, -6.9624 ], [ 110.5525, -6.9596 ], [ 110.5475, -6.9819 ], [ 110.5378, -6.9884 ], [ 110.5367, -6.9852 ], [ 110.5355, -6.9867 ], [ 110.5265, -6.9833 ] ] ] } },
{ "type": "Feature", "properties": { "district_id": "IDN.10.8.13_1", "name": "Wedung", "kabupaten": "Demak", "provinsi": "Jawa Tengah" }, "geometry": { "type": "Polygon", "coordinates": [ [ [ 110.6632, -6.8348 ], [ 110.6481, -6.8259 ], [ 110.6443, -6.8285 ], [ 110.6358, -6.8213 ], [ 110.6264, -6.8216 ], [ 110.6206, -6.8361 ], [ 110.6132, -6.8294 ], [ 110.6098, -6.8306 ], [ 110.6112, -6.8213 ], [ 110.5989, -6.8071 ], [ 110.5918, -6.8061 ], [ 110.5884, -6.8082 ], [ 110.5791, -6.8013 ], [ 110.5621, -6.7945 ], [ 110.5679, -6.7765 ], [ 110.5757, -6.773 ], [ 110.5753, -6.7653 ], [ 110.5652, -6.7631 ], [ 110.5639, -6.7608 ], [ 110.5507, -6.7629 ], [ 110.5359, -6.7522 ], [ 110.5362, -6.7448 ], [ 110.548, -6.7555 ], [ 110.5557, -6.7558 ], [ 110.5601, -6.7515 ], [ 110.5573, -6.7385 ], [ 110.5531, -6.7372 ], [ 110.55, -6.7288 ], [ 110.5446, -6.7255 ], [ 110.5498, -6.7185 ], [ 110.5526, -6.7178 ], [ 110.5592, -6.728 ], [ 110.5609, -6.7179 ], [ 110.5647, -6.7176 ], [ 110.5666, -6.7258 ], [ 110.5737, -6.7304 ], [ 110.5747, -6.7358 ], [ 110.5796, -6.7332 ], [ 110.5835, -6.7258 ], [ 110.5899, -6.7238 ], [ 110.5981, -6.7268 ], [ 110.6047, -6.7246 ], [ 110.606, -6.7206 ], [ 110.6207, -6.7116 ], [ 110.6212, -6.7086 ], [ 110.6181, -6.7061 ], [ 110.6351, -6.7103 ], [ 110.6385, -6.7131 ], [ 110.6452, -6.713 ], [ 110.6496, -6.7164 ], [ 110.6644, -6.7168 ], [ 110.6692, -6.72 ], [ 110.6715, -6.7271 ], [ 110.6698, -6.736 ], [ 110.666, -6.7406 ], [ 110.6701, -6.7492 ], [ 110.6693, -6.7527 ], [ 110.6646, -6.7563 ], [ 110.6701, -6.7597 ], [ 110.6671, -6.7648 ], [ 110.6735, -6.7664 ], [ 110.6745, -6.7687 ], [ 110.6697, -6.7805 ], [ 110.668, -6.7798 ], [ 110.6655, -6.7949 ], [ 110.6593, -6.809 ], [ 110.6665, -6.8228 ], [ 110.6652, -6.8309 ], [ 110.6632, -6.8348 ] ] ] } },
{ "type": "Feature", "properties": { "district_id": "IDN.10.8.14_1", "name": "Wonosalam", "kabupaten": "Demak", "provinsi": "Jawa Tengah" }, "geometry": { "type": "MultiPolygon", "coordinates": [ [ [ [ 110.6734, -6.9627 ], [ 110.6633, -6.9604 ], [ 110.6603, -6.9548 ], [ 110.6555, -6.9551 ], [ 110.6546, -6.952 ], [ 110.6474, -6.9476 ], [ 110.6467, -6.9433 ], [ 110.6418, -6.9392 ], [ 110.6431, -6.9367 ], [ 110.6377, -6.9318 ], [ 110.6302, -6.9336 ], [ 110.6272, -6.9391 ], [ 110.6206, -6.9367 ], [ 110.6206, -6.9327 ], [ 110.6165, -6.9307 ], [ 110.613, -6.9241 ], [ 110.6087, -6.9262 ], [ 110.6037, -6.9216 ], [ 110.6029, -6.9171 ], [ 110.6383, -6.899 ], [ 110.6393, -6.9075 ], [ 110.6437, -6.9062 ], [ 110.6417, -6.9173 ], [ 110.6474, -6.9202 ], [ 110.6532, -6.9183 ], [ 110.6513, -6.9078 ], [ 110.6482, -6.9055 ], [ 110.6497, -6.8971 ], [ 110.6464, -6.8931 ], [ 110.6485, -6.8912 ], [ 110.6513, -6.8948 ], [ 110.6489, -6.8909 ], [ 110.6552, -6.8907 ], [ 110.6536, -6.8863 ], [ 110.6627, -6.8842 ], [ 110.6679, -6.876 ], [ 110.6722, -6.8852 ], [ 110.6803, -6.8932 ], [ 110.6839, -6.8934 ], [ 110.6861, -6.8785 ], [ 110.6895, -6.8776 ], [ 110.6902, -6.8745 ], [ 110.6837, -6.8715 ], [ 110.6896, -6.8686 ], [ 110.6927, -6.8701 ], [ 110.6976, -6.8681 ], [ 110.704, -6.8749 ], [ 110.7067, -6.8745 ], [ 110.7067, -6.879 ], [ 110.716, -6.8829 ], [ 110.7177, -6.8783 ], [ 110.7227, -6.8781 ], [ 110.7208, -6.8853 ], [ 110.7151, -6.8841 ], [ 110.7077, -6.901 ], [ 110.703, -6.8991 ], [ 110.701, -6.9014 ], [ 110.6942, -6.9152 ], [ 110.6945, -6.9212 ], [ 110.702, -6.9248 ], [ 110.6976, -6.9231 ], [ 110.6998, -6.9247 ], [ 110.6952, -6.9324 ], [ 110.7002, -6.9352 ], [ 110.6962, -6.939 ], [ 110.7016, -6.9431 ], [ 110.6992, -6.9417 ], [ 110.6939, -6.9507 ], [ 110.6897, -6.9521 ], [ 110.6886, -6.96 ], [ 110.6907, -6.9711 ], [ 110.6828, -6.9732 ], [ 110.6736, -6.9682 ], [ 110.6751, -6.9668 ], [ 110.6734, -6.9627 ] ] ], [ [ [ 110.5938, -6.9118 ], [ 110.5988, -6.9141 ], [ 110.6004, -6.9157 ], [ 110.5936, -6.9135 ], [ 110.5938, -6.9118 ] ] ] ] } },
{ "type": "Feature", "properties": { "district_id": "IDN.10.13.1_1", "name": "Boja", "kabupaten": "Kendal", "provinsi": "Jawa Tengah" }, "geometry": { "type": "Polygon", "coordinates": [ [ [ 110.3484, -7.152 ], [ 110.3438, -7.1452 ], [ 110.3421, -7.1489 ], [ 110.3361, -7.1412 ], [ 110.3325, -7.1258 ], [ 110.3274, -7.1259 ], [ 110.3271, -7.1282 ], [ 110.3175, -7.1275 ], [ 110.3097, -7.1143 ], [ 110.3065, -7.1132 ], [ 110.303, -7.1138 ], [ 110.3034, -7.1165 ], [ 110.3007, -7.1173 ], [ 110.3018, -7.1205 ], [ 110.2991, -7.1184 ], [ 110.2955, -7.12 ], [ 110.2947, -7.1323 ], [ 110.2924, -7.1345 ], [ 110.294, -7.135 ], [ 110.2869, -7.1342 ], [ 110.2883, -7.1411 ], [ 110.2959, -7.1435 ], [ 110.2939, -7.1478 ], [ 110.2717, -7.142 ], [ 110.2662, -7.1347 ], [ 110.2593, -7.1328 ], [ 110.2559, -7.1266 ], [ 110.2559, -7.1084 ], [ 110.2525, -7.1067 ], [ 110.2529, -7.1007 ], [ 110.2554, -7.1 ], [ 110.2582, -7.1035 ], [ 110.2604, -7.101 ], [ 110.2579, -7.0967 ], [ 110.2651, -7.0951 ], [ 110.2666, -7.0885 ], [ 110.2642, -7.0857 ], [ 110.2668, -7.0835 ], [ 110.2671, -7.0758 ], [ 110.273, -7.0628 ], [ 110.2721, -7.0561 ], [ 110.275, -7.0553 ], [ 110.2745, -7.051 ], [ 110.2832, -7.0494 ], [ 110.2856, -7.0521 ], [ 110.2877, -7.0505 ], [ 110.2943, -7.0537 ], [ 110.292, -7.0556 ], [ 110.3008, -7.0647 ], [ 110.2992, -7.0676 ], [ 110.3014, -7.0684 ], [ 110.3032, -7.079 ], [ 110.3011, -7.08 ], [ 110.3051, -7.0884 ], [ 110.3033, -7.0971 ], [ 110.3051, -7.1014 ], [ 110.3132, -7.1063 ], [ 110.3165, -7.1045 ], [ 110.3177, -7.1067 ], [ 110.324, -7.1015 ], [ 110.3287, -7.1021 ], [ 110.3322, -7.0991 ], [ 110.3328, -7.1038 ], [ 110.3372, -7.1043 ], [ 110.3448, -7.097 ], [ 110.3427, -7.0906 ], [ 110.3469, -7.086 ], [ 110.3518, -7.1016 ], [ 110.3561, -7.1066 ], [ 110.3535, -7.1069 ], [ 110.354, -7.1106 ], [ 110.3489, -7.1123 ], [ 110.3485, -7.1193 ], [ 110.3529, -7.1246 ], [ 110.351, -7.1318 ], [ 110.3526, -7.1443 ], [ 110.3484, -7.152 ] ] ] } },
{ "type": "Feature", "properties": { "district_id": "IDN.10.13.2_1", "name": "Brangsong", "kabupaten": "Kendal", "provinsi": "Jawa Tengah" }, "geometry": { "type": "MultiPolygon", "coordinates": [ [ [ [ 110.2214, -6.974 ], [ 110.2286, -6.9904 ], [ 110.2208, -6.9961 ], [ 110.2186, -7.0021 ], [ 110.2123, -7.0042 ], [ 110.203, -7.001 ], [ 110.2003, -7.0057 ], [ 110.1924, -7.0087 ], [ 110.1922, -7.0126 ], [ 110.1865, -7.0119 ], [ 110.1858, -7.0074 ], [ 110.188, -7.0053 ], [ 110.1856, -7.0051 ], [ 110.1872, -7.0027 ], [ 110.1854, -6.9967 ], [ 110.1914, -6.996 ], [ 110.1923, -6.9856 ], [ 110.1986, -6.9843 ], [ 110.2023, -6.9803 ], [ 110.1997, -6.9789 ], [ 110.2009, -6.9735 ], [ 110.207, -6.973 ], [ 110.2056, -6.9697 ], [ 110.2083, -6.9699 ], [ 110.2083, -6.9591 ], [ 110.2105, -6.9558 ], [ 110.209, -6.9516 ], [ 110.2126, -6.9508 ], [ 110.2142, -6.9469 ], [ 110.2103, -6.9462 ], [ 110.2114, -6.9438 ], [ 110.2176, -6.9423 ], [ 110.2235, -6.9327 ], [ 110.2335, -6.898 ], [ 110.2403, -6.8907 ], [ 110.2461, -6.9038 ], [ 110.2514, -6.9076 ], [ 110.2459, -6.9246 ], [ 110.2467, -6.9279 ], [ 110.2439, -6.9292 ], [ 110.246, -6.9303 ], [ 110.244, -6.9318 ], [ 110.2491, -6.9329 ], [ 110.237, -6.9516 ], [ 110.237, -6.956 ], [ 110.2278, -6.9516 ], [ 110.2236, -6.9547 ], [ 110.223, -6.9597 ], [ 110.2251, -6.9573 ], [ 110.2275, -6.9584 ], [ 110.2214, -6.974 ] ] ], [ [ [ 110.2274, -6.9528 ], [ 110.2274, -6.9527 ], [ 110.2276, -6.9527 ], [ 110.2274, -6.9528 ] ] ] ] } },
{ "type": "Feature", "properties": { "district_id": "IDN.10.13.3_1", "name": "Cepiring", "kabupaten": "Kendal", "provinsi": "Jawa Tengah" }, "geometry": { "type": "Polygon", "coordinates": [ [ [ 110.1525, -6.9482 ], [ 110.1488, -6.9518 ], [ 110.1453, -6.9514 ], [ 110.1436, -6.9602 ], [ 110.1337, -6.9589 ], [ 110.1307, -6.9556 ], [ 110.1325, -6.9522 ], [ 110.1296, -6.9493 ], [ 110.1357, -6.936 ], [ 110.1327, -6.9348 ], [ 110.133, -6.9287 ], [ 110.1418, -6.9244 ], [ 110.1423, -6.9204 ], [ 110.1453, -6.9205 ], [ 110.1443, -6.9166 ], [ 110.1495, -6.9128 ], [ 110.1483, -6.8974 ], [ 110.1363, -6.878 ], [ 110.1651, -6.8599 ], [ 110.169, -6.8653 ], [ 110.1672, -6.8734 ], [ 110.1696, -6.8802 ], [ 110.1663, -6.8864 ], [ 110.175, -6.8929 ], [ 110.177, -6.8991 ], [ 110.1683, -6.9004 ], [ 110.17, -6.9079 ], [ 110.165, -6.9133 ], [ 110.165, -6.9198 ], [ 110.1615, -6.9218 ], [ 110.1624, -6.9275 ], [ 110.155, -6.9303 ], [ 110.1525, -6.9482 ] ] ] } },
{ "type": "Feature", "properties": { "district_id": "IDN.10.13.4_1", "name": "Gemuh", "kabupaten": "Kendal", "provinsi": "Jawa Tengah" }, "geometry": { "type": "Polygon", "coordinates": [ [ [ 110.1204, -7.0387 ], [ 110.1184, -7.06 ], [ 110.1098, -7.0642 ], [ 110.1041, -7.0592 ], [ 110.0983, -7.0605 ], [ 110.0952, -7.0577 ], [ 110.0919, -7.0457 ], [ 110.0876, -7.0423 ], [ 110.0829, -7.0309 ], [ 110.0837, -7.0181 ], [ 110.0869, -7.0107 ], [ 110.0858, -7.0053 ], [ 110.093, -7.0088 ], [ 110.0862, -7.0143 ], [ 110.0887, -7.0252 ], [ 110.0869, -7.0274 ], [ 110.0916, -7.0304 ], [ 110.0947, -7.0279 ], [ 110.0976, -7.0306 ], [ 110.1046, -7.0242 ], [ 110.1053, -7.0262 ], [ 110.1129, -7.0208 ], [ 110.1121, -7.0187 ], [ 110.1088, -7.0193 ], [ 110.1112, -7.0166 ], [ 110.1089, -7.0146 ], [ 110.1138, -7.0144 ], [ 110.1142, -7.0117 ], [ 110.1179, -7.0135 ], [ 110.1214, -7.0088 ], [ 110.119, -7.0077 ], [ 110.119, -7.0033 ], [ 110.1221, -7.0035 ], [ 110.1203, -7.0003 ], [ 110.1256, -6.9927 ], [ 110.1235, -6.9937 ], [ 110.1198, -6.9901 ], [ 110.1208, -6.9867 ], [ 110.1285, -6.9884 ], [ 110.1334, -6.9817 ], [ 110.1244, -6.9662 ], [ 110.1211, -6.9685 ], [ 110.1106, -6.9665 ], [ 110.1046, -6.9626 ], [ 110.0899, -6.962 ], [ 110.0899, -6.9568 ], [ 110.088, -6.9564 ], [ 110.0917, -6.9535 ], [ 110.089, -6.9427 ], [ 110.0981, -6.9389 ], [ 110.1095, -6.941 ], [ 110.1105, -6.9351 ], [ 110.1134, -6.9341 ], [ 110.1114, -6.9324 ], [ 110.1272, -6.9362 ], [ 110.1276, -6.938 ], [ 110.1218, -6.94 ], [ 110.1225, -6.9424 ], [ 110.1321, -6.9444 ], [ 110.1296, -6.9498 ], [ 110.1325, -6.9522 ], [ 110.1307, -6.9556 ], [ 110.1337, -6.9589 ], [ 110.1436, -6.9602 ], [ 110.1453, -6.9514 ], [ 110.1521, -6.9499 ], [ 110.1514, -6.9593 ], [ 110.1471, -6.9692 ], [ 110.1436, -6.9718 ], [ 110.1467, -6.9821 ], [ 110.141, -6.9855 ], [ 110.1401, -6.992 ], [ 110.1345, -6.9929 ], [ 110.1332, -6.9961 ], [ 110.1343, -7.0004 ], [ 110.1322, -7.0042 ], [ 110.138, -7.009 ], [ 110.1354, -7.0137 ], [ 110.1373, -7.0157 ], [ 110.1388, -7.0332 ], [ 110.1269, -7.0429 ], [ 110.1204, -7.0387 ] ], [ [ 110.1228, -6.9999 ], [ 110.1236, -7.0007 ], [ 110.1239, -7.0001 ], [ 110.1228, -6.9999 ] ] ] } },
{ "type": "Feature", "properties": { "district_id": "IDN.10.13.6_1", "name": "Kaliwungu", "kabupaten": "Kendal", "provinsi": "Jawa Tengah" }, "geometry": { "type": "MultiPolygon", "coordinates": [ [ [ [ 110.2846, -6.989 ], [ 110.2849, -6.9887 ], [ 110.2851, -6.9888 ], [ 110.2846, -6.989 ] ] ], [ [ [ 110.2825, -6.9917 ], [ 110.2714, -6.9864 ], [ 110.26, -6.9858 ], [ 110.2554, -6.9768 ], [ 110.2525, -6.9782 ], [ 110.2511, -6.9756 ], [ 110.2514, -6.9717 ], [ 110.2555, -6.9713 ], [ 110.2568, -6.9676 ], [ 110.2496, -6.9666 ], [ 110.2478, -6.9683 ], [ 110.2493, -6.9579 ], [ 110.2451, -6.9564 ], [ 110.2425, -6.9593 ], [ 110.2406, -6.9552 ], [ 110.2369, -6.9557 ], [ 110.237, -6.9516 ], [ 110.2491, -6.9329 ], [ 110.244, -6.9318 ], [ 110.246, -6.9303 ], [ 110.2439, -6.9292 ], [ 110.2467, -6.9279 ], [ 110.2459, -6.9246 ], [ 110.2508, -6.9097 ], [ 110.2849, -6.9197 ], [ 110.3006, -6.9285 ], [ 110.3062, -6.9287 ], [ 110.3082, -6.9303 ], [ 110.3026, -6.9354 ], [ 110.3097, -6.9354 ], [ 110.3065, -6.9331 ], [ 110.3142, -6.9377 ], [ 110.3016, -6.9395 ], [ 110.2917, -6.9502 ], [ 110.2919, -6.9555 ], [ 110.2997, -6.9599 ], [ 110.2957, -6.9684 ], [ 110.2881, -6.9654 ], [ 110.2859, -6.969 ], [ 110.294, -6.9789 ], [ 110.2932, -6.9822 ], [ 110.285, -6.983 ], [ 110.2845, -6.9865 ], [ 110.2818, -6.9875 ], [ 110.2838, -6.9886 ], [ 110.2825, -6.9917 ] ] ], [ [ [ 110.2272, -6.9525 ], [ 110.2291, -6.9521 ], [ 110.233, -6.9553 ], [ 110.2306, -6.9539 ], [ 110.2272, -6.9525 ] ] ] ] } },
{ "type": "Feature", "properties": { "district_id": "IDN.10.13.5_1", "name": "Kaliwungu Selatan", "kabupaten": "Kendal", "provinsi": "Jawa Tengah" }, "geometry": { "type": "Polygon", "coordinates": [ [ [ 110.2183, -7.0023 ], [ 110.2286, -6.99 ], [ 110.2252, -6.9862 ], [ 110.2214, -6.974 ], [ 110.2275, -6.9584 ], [ 110.2251, -6.9573 ], [ 110.223, -6.9597 ], [ 110.2236, -6.9547 ], [ 110.2268, -6.9524 ], [ 110.2349, -6.9561 ], [ 110.2406, -6.9552 ], [ 110.2425, -6.9593 ], [ 110.2451, -6.9564 ], [ 110.2493, -6.9579 ], [ 110.2473, -6.9681 ], [ 110.2568, -6.9676 ], [ 110.2555, -6.9713 ], [ 110.2514, -6.9717 ], [ 110.2511, -6.9756 ], [ 110.2525, -6.9782 ], [ 110.2554, -6.9768 ], [ 110.26, -6.9858 ], [ 110.2714, -6.9864 ], [ 110.287, -6.9931 ], [ 110.2876, -6.9971 ], [ 110.2809, -6.9989 ], [ 110.2802, -7.004 ], [ 110.2856, -7.0087 ], [ 110.2845, -7.0127 ], [ 110.2749, -7.0118 ], [ 110.2736, -7.0144 ], [ 110.2749, -7.0193 ], [ 110.2708, -7.023 ], [ 110.2713, -7.0332 ], [ 110.2739, -7.0349 ], [ 110.271, -7.0353 ], [ 110.2724, -7.0375 ], [ 110.2704, -7.0438 ], [ 110.2698, -7.0418 ], [ 110.2647, -7.0411 ], [ 110.2651, -7.0377 ], [ 110.2529, -7.037 ], [ 110.2486, -7.0309 ], [ 110.2403, -7.0326 ], [ 110.2341, -7.0309 ], [ 110.2346, -7.0346 ], [ 110.2286, -7.0468 ], [ 110.2234, -7.0423 ], [ 110.218, -7.0436 ], [ 110.2134, -7.0381 ], [ 110.1964, -7.0367 ], [ 110.2015, -7.0139 ], [ 110.1897, -7.0135 ], [ 110.1929, -7.0121 ], [ 110.1924, -7.0087 ], [ 110.2003, -7.0057 ], [ 110.2037, -7.0008 ], [ 110.212, -7.0042 ], [ 110.2183, -7.0023 ] ] ] } },
{ "type": "Feature", "properties": { "district_id": "IDN.10.13.7_1", "name": "Kangkung", "kabupaten": "Kendal", "provinsi": "Jawa Tengah" }, "geometry": { "type": "MultiPolygon", "coordinates": [ [ [ [ 110.136318918918917, -6.878040540540539 ], [ 110.1363, -6.878 ], [ 110.1374, -6.8775 ], [ 110.136318918918917, -6.878040540540539 ] ] ], [ [ [ 110.07985, -6.917775 ], [ 110.0796, -6.9184 ], [ 110.0797, -6.918 ], [ 110.07985, -6.917775 ] ] ], [ [ [ 110.0799, -6.9177 ], [ 110.07985, -6.917775 ], [ 110.08, -6.9174 ], [ 110.0799, -6.9177 ] ] ], [ [ [ 110.1095, -6.941 ], [ 110.0941, -6.9396 ], [ 110.0934, -6.9347 ], [ 110.0897, -6.9347 ], [ 110.0873, -6.9315 ], [ 110.0843, -6.932 ], [ 110.0852, -6.9347 ], [ 110.0816, -6.9336 ], [ 110.0793, -6.9202 ], [ 110.0833, -6.9234 ], [ 110.0822, -6.9192 ], [ 110.0877, -6.9097 ], [ 110.0972, -6.9052 ], [ 110.097, -6.8926 ], [ 110.136318918918917, -6.878040540540539 ], [ 110.1483, -6.8974 ], [ 110.1493, -6.9139 ], [ 110.1443, -6.9166 ], [ 110.1453, -6.9205 ], [ 110.1423, -6.9204 ], [ 110.1418, -6.9244 ], [ 110.133, -6.9287 ], [ 110.1327, -6.9348 ], [ 110.1357, -6.936 ], [ 110.1321, -6.9444 ], [ 110.1226, -6.9425 ], [ 110.1218, -6.94 ], [ 110.1276, -6.938 ], [ 110.1272, -6.9362 ], [ 110.1114, -6.9324 ], [ 110.1134, -6.9341 ], [ 110.1105, -6.9351 ], [ 110.1095, -6.941 ] ] ] ] } },
{ "type": "Feature", "properties": { "district_id": "IDN.10.13.8_1", "name": "Kota Kendal", "kabupaten": "Kendal", "provinsi": "Jawa Tengah" }, "geometry": { "type": "Polygon", "coordinates": [ [ [ 110.2032, -6.9522 ], [ 110.1927, -6.9524 ], [ 110.1935, -6.9486 ], [ 110.1885, -6.9451 ], [ 110.1914, -6.9407 ], [ 110.1885, -6.9399 ], [ 110.1882, -6.9364 ], [ 110.186, -6.9358 ], [ 110.1865, -6.9308 ], [ 110.1839, -6.93 ], [ 110.1858, -6.9237 ], [ 110.1829, -6.9222 ], [ 110.1844, -6.9131 ], [ 110.1919, -6.9123 ], [ 110.1922, -6.9068 ], [ 110.1955, -6.9049 ], [ 110.1951, -6.8996 ], [ 110.2049, -6.8846 ], [ 110.2133, -6.8821 ], [ 110.2185, -6.8835 ], [ 110.2269, -6.8802 ], [ 110.2309, -6.8863 ], [ 110.2407, -6.8898 ], [ 110.2335, -6.898 ], [ 110.2251, -6.9295 ], [ 110.2176, -6.9423 ], [ 110.2114, -6.9438 ], [ 110.2103, -6.9462 ], [ 110.2142, -6.9469 ], [ 110.2126, -6.9508 ], [ 110.2091, -6.9514 ], [ 110.2099, -6.9584 ], [ 110.2069, -6.9577 ], [ 110.2078, -6.955 ], [ 110.2032, -6.9522 ] ] ] } },
{ "type": "Feature", "properties": { "district_id": "IDN.10.13.9_1", "name": "Limbangan", "kabupaten": "Kendal", "provinsi": "Jawa Tengah" }, "geometry": { "type": "MultiPolygon", "coordinates": [ [ [ [ 110.2748, -7.1429 ], [ 110.293, -7.1481 ], [ 110.2966, -7.1451 ], [ 110.2883, -7.1411 ], [ 110.2869, -7.1342 ], [ 110.294, -7.135 ], [ 110.2924, -7.1345 ], [ 110.2947, -7.1323 ], [ 110.2955, -7.12 ], [ 110.2991, -7.1184 ], [ 110.3025, -7.1199 ], [ 110.3006, -7.1175 ], [ 110.3034, -7.1165 ], [ 110.303, -7.1138 ], [ 110.3097, -7.1143 ], [ 110.3175, -7.1275 ], [ 110.3271, -7.1282 ], [ 110.3274, -7.1259 ], [ 110.3325, -7.1258 ], [ 110.3358, -7.1409 ], [ 110.3396, -7.1475 ], [ 110.334, -7.1537 ], [ 110.3282, -7.1523 ], [ 110.3315, -7.1577 ], [ 110.3414, -7.1605 ], [ 110.344, -7.1658 ], [ 110.3388, -7.1733 ], [ 110.3315, -7.1727 ], [ 110.3299, -7.1704 ], [ 110.3246, -7.1737 ], [ 110.3241, -7.1782 ], [ 110.318, -7.1796 ], [ 110.333, -7.1829 ], [ 110.3312, -7.1843 ], [ 110.3385, -7.1844 ], [ 110.3426, -7.1879 ], [ 110.3418, -7.1938 ], [ 110.3325, -7.1933 ], [ 110.3222, -7.1968 ], [ 110.3201, -7.1949 ], [ 110.2969, -7.1952 ], [ 110.2843, -7.1875 ], [ 110.2856, -7.1935 ], [ 110.2755, -7.1959 ], [ 110.276, -7.1997 ], [ 110.2725, -7.1999 ], [ 110.2697, -7.1965 ], [ 110.26, -7.1993 ], [ 110.2464, -7.1841 ], [ 110.2388, -7.1877 ], [ 110.2298, -7.1876 ], [ 110.2199, -7.1841 ], [ 110.2248, -7.1649 ], [ 110.2228, -7.1502 ], [ 110.2401, -7.1401 ], [ 110.2418, -7.1397 ], [ 110.2464, -7.149 ], [ 110.25, -7.1461 ], [ 110.268, -7.1602 ], [ 110.2747, -7.156 ], [ 110.2748, -7.1429 ] ] ], [ [ [ 110.2587, -7.1986 ], [ 110.2587, -7.1985 ], [ 110.2588, -7.1984 ], [ 110.2587, -7.1986 ] ] ] ] } },
{ "type": "Feature", "properties": { "district_id": "IDN.10.13.10_1", "name": "Ngampel", "kabupaten": "Kendal", "provinsi": "Jawa Tengah" }, "geometry": { "type": "Polygon", "coordinates": [ [ [ 110.1854, -6.9968 ], [ 110.1872, -7.0027 ], [ 110.1856, -7.0051 ], [ 110.188, -7.0053 ], [ 110.1858, -7.0074 ], [ 110.1865, -7.0119 ], [ 110.2015, -7.0139 ], [ 110.1964, -7.0367 ], [ 110.191, -7.0372 ], [ 110.1808, -7.0212 ], [ 110.1691, -7.0096 ], [ 110.1577, -7.0078 ], [ 110.1567, -7.0033 ], [ 110.1591, -7.0038 ], [ 110.1597, -7.0002 ], [ 110.1543, -6.9972 ], [ 110.1583, -6.9944 ], [ 110.168, -6.9957 ], [ 110.1686, -6.9921 ], [ 110.1575, -6.9892 ], [ 110.1664, -6.9783 ], [ 110.1711, -6.9843 ], [ 110.1719, -6.978 ], [ 110.1768, -6.9795 ], [ 110.181, -6.9778 ], [ 110.1819, -6.9722 ], [ 110.1765, -6.9696 ], [ 110.1783, -6.9649 ], [ 110.1758, -6.9637 ], [ 110.1797, -6.9618 ], [ 110.1815, -6.948 ], [ 110.185, -6.9456 ], [ 110.1935, -6.9486 ], [ 110.1927, -6.9524 ], [ 110.2005, -6.9513 ], [ 110.2066, -6.9541 ], [ 110.2096, -6.9621 ], [ 110.2083, -6.9699 ], [ 110.2056, -6.9697 ], [ 110.207, -6.973 ], [ 110.2007, -6.9738 ], [ 110.2018, -6.9765 ], [ 110.1997, -6.9789 ], [ 110.2023, -6.9803 ], [ 110.1986, -6.9843 ], [ 110.1923, -6.9856 ], [ 110.1914, -6.996 ], [ 110.1854, -6.9968 ] ] ] } },
{ "type": "Feature", "properties": { "district_id": "IDN.10.13.11_1", "name": "Pageruyung", "kabupaten": "Kendal", "provinsi": "Jawa Tengah" }, "geometry": { "type": "Polygon", "coordinates": [ [ [ 110.0656, -7.0119 ], [ 110.0686, -7.0161 ], [ 110.0689, -7.0231 ], [ 110.0734, -7.0276 ], [ 110.0651, -7.037 ], [ 110.0617, -7.0458 ], [ 110.0619, -7.054 ], [ 110.0574, -7.0598 ], [ 110.0481, -7.0567 ], [ 110.0496, -7.0644 ], [ 110.0478, -7.0753 ], [ 110.0427, -7.0744 ], [ 110.0402, -7.0676 ], [ 110.0221, -7.0711 ], [ 110.0217, -7.0754 ], [ 110.0092, -7.0769 ], [ 110.0007, -7.075 ], [ 110.0034, -7.0656 ], [ 110.0018, -7.0642 ], [ 110.004, -7.0636 ], [ 110.0053, -7.0586 ], [ 110.0025, -7.055 ], [ 110.0048, -7.054 ], [ 110.0037, -7.0505 ], [ 110.0095, -7.0463 ], [ 110.0114, -7.0398 ], [ 110.0082, -7.0309 ], [ 110.013, -7.0234 ], [ 110.0152, -7.0104 ], [ 110.0231, -7.0063 ], [ 110.0264, -7.0015 ], [ 110.0252, -6.9972 ], [ 110.031, -6.9964 ], [ 110.0327, -6.9915 ], [ 110.0368, -6.9934 ], [ 110.0431, -6.9889 ], [ 110.0447, -6.9841 ], [ 110.0568, -6.985 ], [ 110.0667, -6.9953 ], [ 110.0656, -7.0119 ] ] ] } },
{ "type": "Feature", "properties": { "district_id": "IDN.10.13.12_1", "name": "Patean", "kabupaten": "Kendal", "provinsi": "Jawa Tengah" }, "geometry": { "type": "Polygon", "coordinates": [ [ [ 110.0857, -7.1097 ], [ 110.0846, -7.1145 ], [ 110.0766, -7.1209 ], [ 110.0599, -7.119 ], [ 110.0551, -7.1236 ], [ 110.0501, -7.1242 ], [ 110.0509, -7.1276 ], [ 110.0486, -7.126 ], [ 110.0488, -7.1282 ], [ 110.044, -7.1296 ], [ 110.0366, -7.1388 ], [ 110.0336, -7.1408 ], [ 110.0322, -7.1392 ], [ 110.0265, -7.1453 ], [ 110.0274, -7.1468 ], [ 110.019, -7.1501 ], [ 110.0194, -7.144 ], [ 110.0165, -7.1442 ], [ 110.0165, -7.14 ], [ 110.0236, -7.132 ], [ 110.0228, -7.1203 ], [ 110.0328, -7.1021 ], [ 110.0438, -7.0944 ], [ 110.0442, -7.092 ], [ 110.0504, -7.092 ], [ 110.0458, -7.1013 ], [ 110.0518, -7.1006 ], [ 110.0589, -7.0915 ], [ 110.0556, -7.0837 ], [ 110.0602, -7.0795 ], [ 110.0533, -7.0718 ], [ 110.0563, -7.0615 ], [ 110.0619, -7.054 ], [ 110.0637, -7.0403 ], [ 110.0723, -7.0282 ], [ 110.0853, -7.0333 ], [ 110.0876, -7.0423 ], [ 110.0919, -7.0457 ], [ 110.0974, -7.0598 ], [ 110.1037, -7.0591 ], [ 110.1123, -7.0645 ], [ 110.1184, -7.06 ], [ 110.1198, -7.0388 ], [ 110.1269, -7.0429 ], [ 110.1388, -7.0332 ], [ 110.1506, -7.0338 ], [ 110.1673, -7.0274 ], [ 110.1697, -7.0286 ], [ 110.1705, -7.0309 ], [ 110.1648, -7.0338 ], [ 110.1697, -7.0352 ], [ 110.1707, -7.0393 ], [ 110.1631, -7.0385 ], [ 110.1603, -7.0462 ], [ 110.1617, -7.0483 ], [ 110.1645, -7.0466 ], [ 110.1708, -7.0478 ], [ 110.1692, -7.0487 ], [ 110.1709, -7.0535 ], [ 110.1657, -7.0571 ], [ 110.1683, -7.059 ], [ 110.1725, -7.0579 ], [ 110.1722, -7.0635 ], [ 110.1777, -7.0652 ], [ 110.1831, -7.0776 ], [ 110.1772, -7.0824 ], [ 110.1768, -7.0938 ], [ 110.1738, -7.0986 ], [ 110.1753, -7.1012 ], [ 110.1703, -7.0975 ], [ 110.1672, -7.0998 ], [ 110.1653, -7.0962 ], [ 110.1634, -7.0972 ], [ 110.1649, -7.0993 ], [ 110.1615, -7.1001 ], [ 110.1525, -7.0986 ], [ 110.1448, -7.1005 ], [ 110.144, -7.098 ], [ 110.1393, -7.0986 ], [ 110.1383, -7.0967 ], [ 110.1323, -7.0993 ], [ 110.1302, -7.0961 ], [ 110.1251, -7.0973 ], [ 110.1209, -7.0928 ], [ 110.1179, -7.0952 ], [ 110.11, -7.0952 ], [ 110.1081, -7.0987 ], [ 110.1044, -7.0984 ], [ 110.0945, -7.1071 ], [ 110.0857, -7.1097 ] ] ] } },
{ "type": "Feature", "properties": { "district_id": "IDN.10.13.13_1", "name": "Patebon", "kabupaten": "Kendal", "provinsi": "Jawa Tengah" }, "geometry": { "type": "MultiPolygon", "coordinates": [ [ [ [ 110.1797, -6.9603 ], [ 110.1794, -6.9619 ], [ 110.1792, -6.9591 ], [ 110.1797, -6.9603 ] ] ], [ [ [ 110.1798, -6.9579 ], [ 110.1799, -6.9586 ], [ 110.1798, -6.9588 ], [ 110.1796, -6.9583 ], [ 110.1798, -6.9579 ] ] ], [ [ [ 110.186, -6.9358 ], [ 110.1885, -6.9399 ], [ 110.1914, -6.9407 ], [ 110.1885, -6.9451 ], [ 110.1919, -6.9483 ], [ 110.1858, -6.9457 ], [ 110.1817, -6.9476 ], [ 110.1816, -6.954 ], [ 110.1813, -6.9555 ], [ 110.1799, -6.9578 ], [ 110.1793, -6.9555 ], [ 110.1687, -6.9533 ], [ 110.1669, -6.9558 ], [ 110.1606, -6.9535 ], [ 110.1516, -6.9543 ], [ 110.1547, -6.9311 ], [ 110.1628, -6.9269 ], [ 110.1615, -6.9218 ], [ 110.165, -6.9198 ], [ 110.165, -6.9133 ], [ 110.17, -6.9079 ], [ 110.1683, -6.9004 ], [ 110.177, -6.8991 ], [ 110.175, -6.8929 ], [ 110.1664, -6.8867 ], [ 110.1696, -6.8802 ], [ 110.1672, -6.8734 ], [ 110.1689, -6.8643 ], [ 110.1578, -6.85 ], [ 110.171, -6.8446 ], [ 110.1896, -6.8521 ], [ 110.19, -6.8505 ], [ 110.1977, -6.8511 ], [ 110.1975, -6.8539 ], [ 110.2019, -6.8562 ], [ 110.2188, -6.8605 ], [ 110.2265, -6.8803 ], [ 110.2185, -6.8835 ], [ 110.2133, -6.8821 ], [ 110.2049, -6.8846 ], [ 110.1951, -6.8996 ], [ 110.1955, -6.9049 ], [ 110.1922, -6.9068 ], [ 110.1919, -6.9123 ], [ 110.1845, -6.9129 ], [ 110.1829, -6.9222 ], [ 110.1858, -6.9237 ], [ 110.1839, -6.93 ], [ 110.1865, -6.9308 ], [ 110.186, -6.9358 ] ] ] ] } },
{ "type": "Feature", "properties": { "district_id": "IDN.10.13.14_1", "name": "Pegandon", "kabupaten": "Kendal", "provinsi": "Jawa Tengah" }, "geometry": { "type": "Polygon", "coordinates": [ [ [ 110.1388, -7.0333 ], [ 110.1374, -7.0161 ], [ 110.1354, -7.0136 ], [ 110.138, -7.009 ], [ 110.1322, -7.0042 ], [ 110.1343, -7.0004 ], [ 110.1332, -6.9961 ], [ 110.1345, -6.9929 ], [ 110.1401, -6.992 ], [ 110.141, -6.9855 ], [ 110.1467, -6.9821 ], [ 110.1436, -6.9718 ], [ 110.1485, -6.9664 ], [ 110.1515, -6.9543 ], [ 110.1606, -6.9535 ], [ 110.1669, -6.9558 ], [ 110.1687, -6.9533 ], [ 110.1793, -6.9555 ], [ 110.1796, -6.9617 ], [ 110.1758, -6.9637 ], [ 110.1783, -6.9649 ], [ 110.1765, -6.9696 ], [ 110.1819, -6.9722 ], [ 110.181, -6.9778 ], [ 110.1768, -6.9795 ], [ 110.1719, -6.978 ], [ 110.1711, -6.9843 ], [ 110.1664, -6.9783 ], [ 110.1575, -6.9892 ], [ 110.1686, -6.9921 ], [ 110.168, -6.9957 ], [ 110.1583, -6.9944 ], [ 110.1543, -6.9972 ], [ 110.1597, -7.0002 ], [ 110.1591, -7.0038 ], [ 110.1567, -7.0033 ], [ 110.1571, -7.0073 ], [ 110.1691, -7.0096 ], [ 110.1702, -7.0125 ], [ 110.1753, -7.0147 ], [ 110.191, -7.0372 ], [ 110.1695, -7.0485 ], [ 110.1645, -7.0466 ], [ 110.1617, -7.0483 ], [ 110.162, -7.0392 ], [ 110.1707, -7.0393 ], [ 110.1697, -7.0352 ], [ 110.1648, -7.0338 ], [ 110.1705, -7.0309 ], [ 110.1697, -7.0286 ], [ 110.1673, -7.0274 ], [ 110.1506, -7.0338 ], [ 110.1388, -7.0333 ] ] ] } },
{ "type": "Feature", "properties": { "district_id": "IDN.10.13.15_1", "name": "Plantungan", "kabupaten": "Kendal", "provinsi": "Jawa Tengah" }, "geometry": { "type": "Polygon", "coordinates": [ [ [ 109.9739, -7.1279 ], [ 109.9612, -7.1503 ], [ 109.9401, -7.1785 ], [ 109.9381, -7.1858 ], [ 109.9338, -7.1897 ], [ 109.9291, -7.1893 ], [ 109.9323, -7.1923 ], [ 109.9274, -7.1921 ], [ 109.9227, -7.1868 ], [ 109.9301, -7.1801 ], [ 109.9398, -7.1576 ], [ 109.9399, -7.1417 ], [ 109.9469, -7.132 ], [ 109.9491, -7.1321 ], [ 109.9491, -7.1242 ], [ 109.9593, -7.1105 ], [ 109.9634, -7.0951 ], [ 109.9653, -7.0958 ], [ 109.9664, -7.0912 ], [ 109.9738, -7.0881 ], [ 109.9745, -7.0832 ], [ 109.9776, -7.083 ], [ 109.9799, -7.0719 ], [ 109.9776, -7.0668 ], [ 109.9804, -7.0628 ], [ 109.976, -7.0504 ], [ 109.9775, -7.0495 ], [ 109.9723, -7.047 ], [ 109.9748, -7.0417 ], [ 109.9736, -7.0349 ], [ 109.9776, -7.0313 ], [ 109.983, -7.032 ], [ 109.9884, -7.0246 ], [ 109.9962, -7.027 ], [ 110.0037, -7.0193 ], [ 110.0119, -7.0171 ], [ 110.013, -7.0234 ], [ 110.0081, -7.0312 ], [ 110.0115, -7.0377 ], [ 110.0104, -7.0451 ], [ 110.0037, -7.0505 ], [ 110.0048, -7.054 ], [ 110.0025, -7.055 ], [ 110.0053, -7.0586 ], [ 110.004, -7.0636 ], [ 110.0018, -7.0642 ], [ 110.0028, -7.0698 ], [ 110.0006, -7.0704 ], [ 110.0025, -7.0726 ], [ 109.9943, -7.0909 ], [ 109.9947, -7.0947 ], [ 110.0026, -7.0938 ], [ 110.0009, -7.1002 ], [ 109.9967, -7.1067 ], [ 109.9921, -7.105 ], [ 109.9873, -7.1155 ], [ 109.9895, -7.1168 ], [ 109.9813, -7.1163 ], [ 109.9786, -7.1238 ], [ 109.981, -7.1258 ], [ 109.9785, -7.129 ], [ 109.9739, -7.1279 ] ] ] } },
{ "type": "Feature", "properties": { "district_id": "IDN.10.13.16_1", "name": "Ringinarum", "kabupaten": "Kendal", "provinsi": "Jawa Tengah" }, "geometry": { "type": "MultiPolygon", "coordinates": [ [ [ [ 110.1179, -7.0135 ], [ 110.1088, -7.0148 ], [ 110.1112, -7.0166 ], [ 110.1088, -7.0193 ], [ 110.1121, -7.0187 ], [ 110.1129, -7.0208 ], [ 110.1053, -7.0262 ], [ 110.1046, -7.0242 ], [ 110.0976, -7.0306 ], [ 110.0947, -7.0279 ], [ 110.0916, -7.0304 ], [ 110.0869, -7.0274 ], [ 110.0887, -7.0252 ], [ 110.0862, -7.0143 ], [ 110.093, -7.0088 ], [ 110.0879, -7.005 ], [ 110.0927, -6.9967 ], [ 110.093, -6.9906 ], [ 110.0903, -6.9864 ], [ 110.095, -6.9793 ], [ 110.0938, -6.9664 ], [ 110.0891, -6.9623 ], [ 110.1046, -6.9626 ], [ 110.1106, -6.9665 ], [ 110.1211, -6.9685 ], [ 110.1244, -6.9662 ], [ 110.1269, -6.9677 ], [ 110.127, -6.9729 ], [ 110.1299, -6.9735 ], [ 110.1334, -6.9811 ], [ 110.1322, -6.9849 ], [ 110.1285, -6.9884 ], [ 110.1208, -6.9867 ], [ 110.1198, -6.9901 ], [ 110.1235, -6.9937 ], [ 110.1256, -6.9927 ], [ 110.1203, -7.0003 ], [ 110.1221, -7.0035 ], [ 110.119, -7.0033 ], [ 110.119, -7.0077 ], [ 110.1214, -7.0088 ], [ 110.1179, -7.0135 ] ] ], [ [ [ 110.1239, -7.0001 ], [ 110.1233, -7.0006 ], [ 110.1228, -6.9999 ], [ 110.1239, -7.0001 ] ] ] ] } },
{ "type": "Feature", "properties": { "district_id": "IDN.10.13.17_1", "name": "Rowosari", "kabupaten": "Kendal", "provinsi": "Jawa Tengah" }, "geometry": { "type": "Polygon", "coordinates": [ [ [ 110.0732, -6.9438 ], [ 110.0695, -6.9566 ], [ 110.0665, -6.9511 ], [ 110.0577, -6.9543 ], [ 110.0496, -6.951 ], [ 110.047, -6.9464 ], [ 110.0508, -6.9412 ], [ 110.0437, -6.9405 ], [ 110.0404, -6.943 ], [ 110.0403, -6.9392 ], [ 110.0342, -6.9381 ], [ 110.0354, -6.932 ], [ 110.0308, -6.9301 ], [ 110.0402, -6.9238 ], [ 110.0428, -6.9255 ], [ 110.0452, -6.9215 ], [ 110.039, -6.9169 ], [ 110.0336, -6.9181 ], [ 110.0331, -6.9138 ], [ 110.028, -6.9141 ], [ 110.0342, -6.908 ], [ 110.0414, -6.9067 ], [ 110.0412, -6.9043 ], [ 110.0534, -6.9049 ], [ 110.0974, -6.8935 ], [ 110.0972, -6.9052 ], [ 110.0877, -6.9097 ], [ 110.0822, -6.9192 ], [ 110.0833, -6.9234 ], [ 110.0793, -6.9202 ], [ 110.0816, -6.9336 ], [ 110.0852, -6.9347 ], [ 110.0853, -6.9311 ], [ 110.0888, -6.9319 ], [ 110.0902, -6.935 ], [ 110.0934, -6.9347 ], [ 110.0947, -6.9408 ], [ 110.089, -6.9428 ], [ 110.0917, -6.9548 ], [ 110.0856, -6.9587 ], [ 110.0856, -6.9511 ], [ 110.0798, -6.9496 ], [ 110.0821, -6.9496 ], [ 110.0826, -6.9467 ], [ 110.0732, -6.9438 ] ], [ [ 110.0796, -6.9184 ], [ 110.0799, -6.9177 ], [ 110.08, -6.9174 ], [ 110.0796, -6.9184 ] ] ] } },
{ "type": "Feature", "properties": { "district_id": "IDN.10.13.18_1", "name": "Singorojo", "kabupaten": "Kendal", "provinsi": "Jawa Tengah" }, "geometry": { "type": "Polygon", "coordinates": [ [ [ 110.2244, -7.1606 ], [ 110.2214, -7.1813 ], [ 110.2199, -7.1841 ], [ 110.2135, -7.1856 ], [ 110.2083, -7.1772 ], [ 110.2031, -7.1775 ], [ 110.1924, -7.1722 ], [ 110.1927, -7.1647 ], [ 110.1849, -7.1517 ], [ 110.1805, -7.1525 ], [ 110.169, -7.1434 ], [ 110.1652, -7.1453 ], [ 110.1614, -7.1434 ], [ 110.1523, -7.1473 ], [ 110.146, -7.1433 ], [ 110.146, -7.1382 ], [ 110.1404, -7.1381 ], [ 110.1397, -7.1355 ], [ 110.1421, -7.1335 ], [ 110.1419, -7.1284 ], [ 110.1443, -7.1307 ], [ 110.1448, -7.1253 ], [ 110.1536, -7.1278 ], [ 110.1596, -7.1258 ], [ 110.1612, -7.1167 ], [ 110.1661, -7.1128 ], [ 110.1934, -7.1057 ], [ 110.1909, -7.1051 ], [ 110.1909, -7.1014 ], [ 110.1877, -7.102 ], [ 110.1936, -7.0955 ], [ 110.1907, -7.0921 ], [ 110.1933, -7.0889 ], [ 110.1911, -7.0849 ], [ 110.1934, -7.0806 ], [ 110.1854, -7.0801 ], [ 110.1777, -7.0652 ], [ 110.1722, -7.0635 ], [ 110.1725, -7.0579 ], [ 110.1683, -7.059 ], [ 110.1657, -7.0571 ], [ 110.1709, -7.0535 ], [ 110.1692, -7.0487 ], [ 110.191, -7.0372 ], [ 110.1983, -7.0366 ], [ 110.2134, -7.0381 ], [ 110.218, -7.0436 ], [ 110.2234, -7.0423 ], [ 110.2286, -7.0468 ], [ 110.2346, -7.0346 ], [ 110.2341, -7.0309 ], [ 110.2403, -7.0326 ], [ 110.2486, -7.0309 ], [ 110.2529, -7.037 ], [ 110.2651, -7.0377 ], [ 110.2647, -7.0411 ], [ 110.27, -7.042 ], [ 110.2708, -7.0507 ], [ 110.2786, -7.0494 ], [ 110.2745, -7.051 ], [ 110.275, -7.0553 ], [ 110.2721, -7.0561 ], [ 110.273, -7.0628 ], [ 110.2671, -7.0758 ], [ 110.2668, -7.0835 ], [ 110.2642, -7.0857 ], [ 110.2666, -7.0885 ], [ 110.2651, -7.0951 ], [ 110.2579, -7.0967 ], [ 110.2604, -7.101 ], [ 110.2582, -7.1035 ], [ 110.2554, -7.1 ], [ 110.253, -7.1005 ], [ 110.2524, -7.1065 ], [ 110.2559, -7.1084 ], [ 110.2542, -7.1157 ], [ 110.2568, -7.1292 ], [ 110.275, -7.1428 ], [ 110.2747, -7.156 ], [ 110.2711, -7.1598 ], [ 110.2649, -7.1592 ], [ 110.2645, -7.1564 ], [ 110.2594, -7.1553 ], [ 110.25, -7.1461 ], [ 110.2464, -7.149 ], [ 110.241, -7.1396 ], [ 110.229, -7.1483 ], [ 110.223, -7.1499 ], [ 110.2244, -7.1606 ] ] ] } },
{ "type": "Feature", "properties": { "district_id": "IDN.10.13.19_1", "name": "Sukorejo", "kabupaten": "Kendal", "provinsi": "Jawa Tengah" }, "geometry": { "type": "Polygon", "coordinates": [ [ [ 110.0191, -7.1493 ], [ 110.01, -7.1548 ], [ 110.0074, -7.1604 ], [ 109.9989, -7.1632 ], [ 109.9928, -7.169 ], [ 109.9936, -7.1719 ], [ 109.9861, -7.1732 ], [ 109.9816, -7.18 ], [ 109.9604, -7.1931 ], [ 109.9486, -7.1952 ], [ 109.9341, -7.2023 ], [ 109.9309, -7.1952 ], [ 109.927, -7.1927 ], [ 109.9256, -7.1895 ], [ 109.9312, -7.1926 ], [ 109.9291, -7.1893 ], [ 109.9365, -7.1877 ], [ 109.9401, -7.1785 ], [ 109.9612, -7.1503 ], [ 109.9727, -7.129 ], [ 109.9785, -7.129 ], [ 109.981, -7.1258 ], [ 109.9786, -7.1238 ], [ 109.9812, -7.1164 ], [ 109.9895, -7.1168 ], [ 109.9873, -7.1155 ], [ 109.9921, -7.105 ], [ 109.997, -7.1064 ], [ 110.0026, -7.0938 ], [ 109.9947, -7.0947 ], [ 109.9943, -7.0909 ], [ 110.0011, -7.0757 ], [ 110.0217, -7.0754 ], [ 110.0221, -7.0711 ], [ 110.0402, -7.0676 ], [ 110.0427, -7.0744 ], [ 110.0478, -7.0753 ], [ 110.0496, -7.0644 ], [ 110.0481, -7.0567 ], [ 110.0555, -7.0578 ], [ 110.0574, -7.0606 ], [ 110.0533, -7.0725 ], [ 110.0602, -7.0795 ], [ 110.0556, -7.0837 ], [ 110.0589, -7.0915 ], [ 110.0518, -7.1006 ], [ 110.0458, -7.1013 ], [ 110.0504, -7.092 ], [ 110.0442, -7.092 ], [ 110.0438, -7.0944 ], [ 110.0328, -7.1021 ], [ 110.0228, -7.1203 ], [ 110.0245, -7.1285 ], [ 110.0165, -7.14 ], [ 110.0165, -7.1442 ], [ 110.0195, -7.1444 ], [ 110.0191, -7.1493 ] ] ] } },
{ "type": "Feature", "properties": { "district_id": "IDN.10.13.20_1", "name": "Weleri", "kabupaten": "Kendal", "provinsi": "Jawa Tengah" }, "geometry": { "type": "Polygon", "coordinates": [ [ [ 110.0857, -7.0068 ], [ 110.0869, -7.0107 ], [ 110.0837, -7.0181 ], [ 110.0835, -7.0298 ], [ 110.0763, -7.0294 ], [ 110.0688, -7.0229 ], [ 110.0686, -7.0161 ], [ 110.0651, -7.0094 ], [ 110.0672, -6.9984 ], [ 110.0651, -6.9922 ], [ 110.0568, -6.985 ], [ 110.0447, -6.9841 ], [ 110.0451, -6.9796 ], [ 110.051, -6.98 ], [ 110.0508, -6.9668 ], [ 110.0478, -6.96 ], [ 110.0517, -6.9588 ], [ 110.0535, -6.9546 ], [ 110.0498, -6.9511 ], [ 110.0577, -6.9543 ], [ 110.0665, -6.9511 ], [ 110.0695, -6.9566 ], [ 110.0732, -6.9438 ], [ 110.0764, -6.9436 ], [ 110.0826, -6.9467 ], [ 110.0821, -6.9496 ], [ 110.0798, -6.9496 ], [ 110.0856, -6.9511 ], [ 110.0847, -6.9583 ], [ 110.0899, -6.9568 ], [ 110.089, -6.9636 ], [ 110.0938, -6.9664 ], [ 110.095, -6.9793 ], [ 110.0903, -6.9864 ], [ 110.093, -6.9906 ], [ 110.0927, -6.9967 ], [ 110.0879, -7.005 ], [ 110.0891, -7.0066 ], [ 110.0857, -7.0068 ] ] ] } },
{ "type": "Feature", "properties": { "district_id": "IDN.10.16.1_1", "name": "Pekalongan Barat", "kabupaten": "Kota Pekalongan", "provinsi": "Jawa Tengah" }, "geometry": { "type": "Polygon", "coordinates": [ [ [ 109.6768, -6.8955 ], [ 109.6778, -6.9023 ], [ 109.6752, -6.9046 ], [ 109.6775, -6.9057 ], [ 109.6712, -6.9108 ], [ 109.666, -6.9086 ], [ 109.662, -6.9091 ], [ 109.6604, -6.9122 ], [ 109.6443, -6.9115 ], [ 109.6452, -6.9054 ], [ 109.6477, -6.9056 ], [ 109.6491, -6.9028 ], [ 109.6481, -6.8968 ], [ 109.644, -6.8955 ], [ 109.6433, -6.893 ], [ 109.646, -6.894 ], [ 109.6475, -6.8887 ], [ 109.6511, -6.8879 ], [ 109.6479, -6.8862 ], [ 109.6472, -6.8798 ], [ 109.6563, -6.8775 ], [ 109.6586, -6.8815 ], [ 109.6601, -6.8797 ], [ 109.6678, -6.8819 ], [ 109.6692, -6.8864 ], [ 109.6723, -6.8808 ], [ 109.6705, -6.8857 ], [ 109.673, -6.8855 ], [ 109.6722, -6.8903 ], [ 109.6768, -6.8955 ] ], [ [ 109.6677, -6.8875 ], [ 109.6652, -6.8846 ], [ 109.6659, -6.8885 ], [ 109.6677, -6.8875 ] ] ] } },
{ "type": "Feature", "properties": { "district_id": "IDN.10.16.2_1", "name": "Pekalongan Selatan", "kabupaten": "Kota Pekalongan", "provinsi": "Jawa Tengah" }, "geometry": { "type": "Polygon", "coordinates": [ [ [ 109.6808, -6.9317 ], [ 109.681, -6.9337 ], [ 109.6785, -6.9336 ], [ 109.6808, -6.935 ], [ 109.6751, -6.9346 ], [ 109.6729, -6.9321 ], [ 109.675, -6.9294 ], [ 109.6721, -6.9289 ], [ 109.6712, -6.9357 ], [ 109.668, -6.9281 ], [ 109.6689, -6.9222 ], [ 109.6587, -6.92 ], [ 109.657, -6.922 ], [ 109.6484, -6.9223 ], [ 109.6422, -6.917 ], [ 109.647, -6.9112 ], [ 109.6604, -6.9122 ], [ 109.662, -6.9091 ], [ 109.666, -6.9086 ], [ 109.6712, -6.9108 ], [ 109.6756, -6.9059 ], [ 109.6796, -6.9068 ], [ 109.6834, -6.9038 ], [ 109.6865, -6.911 ], [ 109.6947, -6.9124 ], [ 109.697, -6.921 ], [ 109.6953, -6.9284 ], [ 109.6882, -6.9332 ], [ 109.6871, -6.9309 ], [ 109.6808, -6.9317 ] ] ] } },
{ "type": "Feature", "properties": { "district_id": "IDN.10.16.3_1", "name": "Pekalongan Timur", "kabupaten": "Kota Pekalongan", "provinsi": "Jawa Tengah" }, "geometry": { "type": "Polygon", "coordinates": [ [ [ 109.6979, -6.9118 ], [ 109.6865, -6.911 ], [ 109.6834, -6.9038 ], [ 109.6793, -6.9069 ], [ 109.6752, -6.9046 ], [ 109.6778, -6.9023 ], [ 109.6755, -6.8987 ], [ 109.677, -6.8959 ], [ 109.6732, -6.8929 ], [ 109.673, -6.8855 ], [ 109.6705, -6.8857 ], [ 109.6734, -6.8798 ], [ 109.6782, -6.8811 ], [ 109.6805, -6.8779 ], [ 109.6882, -6.8782 ], [ 109.6905, -6.8791 ], [ 109.6898, -6.8849 ], [ 109.6941, -6.8849 ], [ 109.6951, -6.8811 ], [ 109.7022, -6.8849 ], [ 109.7011, -6.8901 ], [ 109.7068, -6.892 ], [ 109.7033, -6.8991 ], [ 109.7053, -6.9043 ], [ 109.6979, -6.9118 ] ] ] } },
{ "type": "Feature", "properties": { "district_id": "IDN.10.16.4_1", "name": "Pekalongan Utara", "kabupaten": "Kota Pekalongan", "provinsi": "Jawa Tengah" }, "geometry": { "type": "MultiPolygon", "coordinates": [ [ [ [ 109.6676, -6.8851 ], [ 109.6657, -6.8877 ], [ 109.6652, -6.8846 ], [ 109.6676, -6.8851 ] ] ], [ [ [ 109.6669, -6.882 ], [ 109.6601, -6.8797 ], [ 109.6586, -6.8815 ], [ 109.655, -6.8771 ], [ 109.6632, -6.8776 ], [ 109.6643, -6.8742 ], [ 109.6582, -6.8707 ], [ 109.6608, -6.8665 ], [ 109.66, -6.8593 ], [ 109.6632, -6.8593 ], [ 109.6659, -6.8517 ], [ 109.6822, -6.8584 ], [ 109.6911, -6.8592 ], [ 109.6937, -6.8561 ], [ 109.7146, -6.869 ], [ 109.7122, -6.8725 ], [ 109.71, -6.8718 ], [ 109.7068, -6.8786 ], [ 109.7114, -6.8837 ], [ 109.7071, -6.8921 ], [ 109.7011, -6.8901 ], [ 109.7022, -6.8849 ], [ 109.6957, -6.8812 ], [ 109.6939, -6.8851 ], [ 109.6902, -6.8853 ], [ 109.6893, -6.8784 ], [ 109.6805, -6.8779 ], [ 109.6782, -6.8811 ], [ 109.6738, -6.8795 ], [ 109.6692, -6.8864 ], [ 109.6669, -6.882 ] ] ] ] } },
{ "type": "Feature", "properties": { "district_id": "IDN.10.17.1_1", "name": "Banyumanik", "kabupaten": "Kota Semarang", "provinsi": "Jawa Tengah" }, "geometry": { "type": "Polygon", "coordinates": [ [ [ 110.4224, -7.0969 ], [ 110.4213, -7.1047 ], [ 110.4161, -7.1084 ], [ 110.4046, -7.1101 ], [ 110.4029, -7.1138 ], [ 110.4029, -7.1097 ], [ 110.3971, -7.1055 ], [ 110.4036, -7.0878 ], [ 110.4017, -7.0803 ], [ 110.4039, -7.0784 ], [ 110.4016, -7.0769 ], [ 110.4026, -7.0742 ], [ 110.4055, -7.0742 ], [ 110.4039, -7.0723 ], [ 110.4065, -7.0524 ], [ 110.4037, -7.0408 ], [ 110.4042, -7.0304 ], [ 110.4017, -7.0278 ], [ 110.4034, -7.0229 ], [ 110.4123, -7.0306 ], [ 110.4314, -7.0328 ], [ 110.4349, -7.0461 ], [ 110.4299, -7.0533 ], [ 110.4381, -7.0642 ], [ 110.4347, -7.0684 ], [ 110.4414, -7.0719 ], [ 110.442, -7.0756 ], [ 110.4543, -7.0788 ], [ 110.4519, -7.0901 ], [ 110.4297, -7.0916 ], [ 110.4224, -7.0969 ] ] ] } },
{ "type": "Feature", "properties": { "district_id": "IDN.10.17.2_1", "name": "Candisari", "kabupaten": "Kota Semarang", "provinsi": "Jawa Tengah" }, "geometry": { "type": "Polygon", "coordinates": [ [ [ 110.4285, -7.0311 ], [ 110.4182, -7.0313 ], [ 110.4204, -7.0239 ], [ 110.4158, -7.0108 ], [ 110.4176, -7.0075 ], [ 110.4163, -7.0018 ], [ 110.4201, -7.0007 ], [ 110.4194, -6.9974 ], [ 110.4277, -7.0053 ], [ 110.432, -7.0048 ], [ 110.4325, -7.0085 ], [ 110.4447, -7.0114 ], [ 110.442, -7.0182 ], [ 110.4357, -7.0221 ], [ 110.4285, -7.0311 ] ] ] } },
{ "type": "Feature", "properties": { "district_id": "IDN.10.17.3_1", "name": "Gajahmungkur", "kabupaten": "Kota Semarang", "provinsi": "Jawa Tengah" }, "geometry": { "type": "Polygon", "coordinates": [ [ [ 110.4173, -7.0312 ], [ 110.4097, -7.0293 ], [ 110.4034, -7.0229 ], [ 110.4017, -7.0278 ], [ 110.3938, -7.0196 ], [ 110.3909, -7.0209 ], [ 110.3871, -7.0181 ], [ 110.3864, -7.0112 ], [ 110.389, -7.0063 ], [ 110.394, -7.006 ], [ 110.3971, -7.0019 ], [ 110.4007, -7.0014 ], [ 110.402, -6.9955 ], [ 110.4141, -6.9957 ], [ 110.4204, -6.9994 ], [ 110.4163, -7.0018 ], [ 110.4176, -7.0075 ], [ 110.4158, -7.0108 ], [ 110.4204, -7.0239 ], [ 110.4173, -7.0312 ] ] ] } },
{ "type": "Feature", "properties": { "district_id": "IDN.10.17.4_1", "name": "Gayamsari", "kabupaten": "Kota Semarang", "provinsi": "Jawa Tengah" }, "geometry": { "type": "Polygon", "coordinates": [ [ [ 110.4498, -6.9678 ], [ 110.4539, -6.9997 ], [ 110.4495, -7.0061 ], [ 110.4385, -6.9984 ], [ 110.4446, -6.9647 ], [ 110.4409, -6.9525 ], [ 110.444, -6.9492 ], [ 110.4523, -6.9546 ], [ 110.4522, -6.9572 ], [ 110.4475, -6.9583 ], [ 110.4518, -6.9626 ], [ 110.4498, -6.9678 ] ] ] } },
{ "type": "Feature", "properties": { "district_id": "IDN.10.17.5_1", "name": "Genuk", "kabupaten": "Kota Semarang", "provinsi": "Jawa Tengah" }, "geometry": { "type": "Polygon", "coordinates": [ [ [ 110.4984, -6.9931 ], [ 110.4932, -6.9999 ], [ 110.4479, -6.9589 ], [ 110.4522, -6.9572 ], [ 110.4515, -6.9529 ], [ 110.4454, -6.9493 ], [ 110.4417, -6.95 ], [ 110.4468, -6.9361 ], [ 110.4487, -6.9375 ], [ 110.4564, -6.9355 ], [ 110.4632, -6.9315 ], [ 110.4734, -6.9421 ], [ 110.4875, -6.9461 ], [ 110.4888, -6.9487 ], [ 110.4922, -6.9475 ], [ 110.49, -6.9549 ], [ 110.501, -6.9526 ], [ 110.5028, -6.9589 ], [ 110.5012, -6.9638 ], [ 110.5053, -6.9759 ], [ 110.5021, -6.9793 ], [ 110.5017, -6.9928 ], [ 110.4984, -6.9931 ] ] ] } },
{ "type": "Feature", "properties": { "district_id": "IDN.10.17.6_1", "name": "Gunungpati", "kabupaten": "Kota Semarang", "provinsi": "Jawa Tengah" }, "geometry": { "type": "Polygon", "coordinates": [ [ [ 110.3772, -7.1099 ], [ 110.3796, -7.1013 ], [ 110.376, -7.0981 ], [ 110.3764, -7.0944 ], [ 110.373, -7.098 ], [ 110.3737, -7.1048 ], [ 110.37, -7.1087 ], [ 110.3624, -7.1044 ], [ 110.3545, -7.1056 ], [ 110.3462, -7.0853 ], [ 110.3432, -7.092 ], [ 110.3423, -7.0867 ], [ 110.3463, -7.0803 ], [ 110.3403, -7.0696 ], [ 110.3424, -7.0684 ], [ 110.3389, -7.0629 ], [ 110.3397, -7.0573 ], [ 110.3422, -7.0558 ], [ 110.3395, -7.0483 ], [ 110.3439, -7.046 ], [ 110.3465, -7.0358 ], [ 110.3489, -7.038 ], [ 110.3534, -7.0318 ], [ 110.356, -7.0332 ], [ 110.36, -7.0269 ], [ 110.3623, -7.0275 ], [ 110.3641, -7.0239 ], [ 110.3618, -7.0226 ], [ 110.3651, -7.019 ], [ 110.369, -7.022 ], [ 110.3734, -7.0198 ], [ 110.378, -7.0231 ], [ 110.3792, -7.0176 ], [ 110.3819, -7.0205 ], [ 110.3833, -7.0177 ], [ 110.3871, -7.0174 ], [ 110.3993, -7.0237 ], [ 110.4042, -7.0304 ], [ 110.4037, -7.0408 ], [ 110.4065, -7.0524 ], [ 110.4039, -7.0723 ], [ 110.4055, -7.0742 ], [ 110.4026, -7.0742 ], [ 110.4016, -7.0769 ], [ 110.4039, -7.0784 ], [ 110.4017, -7.0803 ], [ 110.4036, -7.0878 ], [ 110.3971, -7.1049 ], [ 110.4015, -7.1099 ], [ 110.3972, -7.1146 ], [ 110.3896, -7.1118 ], [ 110.3842, -7.1141 ], [ 110.3819, -7.1108 ], [ 110.3772, -7.1099 ] ] ] } },
{ "type": "Feature", "properties": { "district_id": "IDN.10.17.7_1", "name": "Mijen", "kabupaten": "Kota Semarang", "provinsi": "Jawa Tengah" }, "geometry": { "type": "Polygon", "coordinates": [ [ [ 110.3162, -7.1046 ], [ 110.3132, -7.1063 ], [ 110.305, -7.1012 ], [ 110.3033, -7.0971 ], [ 110.3048, -7.0849 ], [ 110.3011, -7.08 ], [ 110.3029, -7.0769 ], [ 110.3014, -7.0684 ], [ 110.2992, -7.0676 ], [ 110.3008, -7.0647 ], [ 110.292, -7.0556 ], [ 110.2945, -7.0542 ], [ 110.2935, -7.0526 ], [ 110.2877, -7.0505 ], [ 110.2858, -7.0522 ], [ 110.2832, -7.0494 ], [ 110.2702, -7.0497 ], [ 110.2691, -7.0464 ], [ 110.2724, -7.0375 ], [ 110.271, -7.0353 ], [ 110.2739, -7.0349 ], [ 110.2713, -7.0332 ], [ 110.2708, -7.023 ], [ 110.2749, -7.0193 ], [ 110.2734, -7.015 ], [ 110.2749, -7.0118 ], [ 110.2932, -7.0156 ], [ 110.2929, -7.022 ], [ 110.2978, -7.0235 ], [ 110.3105, -7.0225 ], [ 110.3094, -7.0198 ], [ 110.3137, -7.0188 ], [ 110.3358, -7.0223 ], [ 110.3372, -7.0196 ], [ 110.3545, -7.0213 ], [ 110.3624, -7.0143 ], [ 110.3635, -7.0258 ], [ 110.36, -7.0269 ], [ 110.3564, -7.033 ], [ 110.3534, -7.0318 ], [ 110.3489, -7.038 ], [ 110.3465, -7.0358 ], [ 110.3439, -7.046 ], [ 110.3395, -7.0483 ], [ 110.3422, -7.0558 ], [ 110.3397, -7.0573 ], [ 110.3389, -7.0629 ], [ 110.3424, -7.0684 ], [ 110.3403, -7.0696 ], [ 110.3463, -7.0803 ], [ 110.3418, -7.0892 ], [ 110.3448, -7.097 ], [ 110.3371, -7.1043 ], [ 110.3328, -7.1038 ], [ 110.3322, -7.0991 ], [ 110.3287, -7.1021 ], [ 110.324, -7.1015 ], [ 110.3177, -7.1067 ], [ 110.3162, -7.1046 ] ] ] } },
{ "type": "Feature", "properties": { "district_id": "IDN.10.17.8_1", "name": "Ngaliyan", "kabupaten": "Kota Semarang", "provinsi": "Jawa Tengah" }, "geometry": { "type": "Polygon", "coordinates": [ [ [ 110.3738, -7.0201 ], [ 110.369, -7.022 ], [ 110.3663, -7.019 ], [ 110.3642, -7.0197 ], [ 110.3624, -7.0143 ], [ 110.3545, -7.0213 ], [ 110.3372, -7.0196 ], [ 110.3358, -7.0223 ], [ 110.3141, -7.0188 ], [ 110.3094, -7.0198 ], [ 110.3101, -7.0226 ], [ 110.2929, -7.022 ], [ 110.2936, -7.0158 ], [ 110.2849, -7.0133 ], [ 110.2856, -7.0087 ], [ 110.2802, -7.0042 ], [ 110.2809, -6.9989 ], [ 110.2876, -6.9971 ], [ 110.287, -6.9931 ], [ 110.2817, -6.9904 ], [ 110.2838, -6.9894 ], [ 110.2824, -6.9863 ], [ 110.2845, -6.9865 ], [ 110.2862, -6.9824 ], [ 110.2933, -6.9821 ], [ 110.294, -6.9789 ], [ 110.2859, -6.969 ], [ 110.2987, -6.9735 ], [ 110.3127, -6.9724 ], [ 110.3179, -6.9754 ], [ 110.33, -6.9763 ], [ 110.3417, -6.9859 ], [ 110.3476, -6.9855 ], [ 110.3516, -6.9824 ], [ 110.3581, -6.9862 ], [ 110.3682, -6.9877 ], [ 110.3715, -7.0018 ], [ 110.3875, -7.0162 ], [ 110.3819, -7.0205 ], [ 110.3792, -7.0176 ], [ 110.378, -7.0231 ], [ 110.3738, -7.0201 ] ], [ [ 110.2851, -6.9888 ], [ 110.2848, -6.9887 ], [ 110.2846, -6.989 ], [ 110.2851, -6.9888 ] ] ] } },
{ "type": "Feature", "properties": { "district_id": "IDN.10.17.9_1", "name": "Pedurungan", "kabupaten": "Kota Semarang", "provinsi": "Jawa Tengah" }, "geometry": { "type": "Polygon", "coordinates": [ [ [ 110.4837, -7.0405 ], [ 110.481, -7.0398 ], [ 110.4787, -7.0269 ], [ 110.475, -7.0206 ], [ 110.4495, -7.0061 ], [ 110.4539, -6.9997 ], [ 110.4498, -6.9684 ], [ 110.4518, -6.9626 ], [ 110.4932, -6.9999 ], [ 110.4911, -7.005 ], [ 110.4988, -7.0063 ], [ 110.5039, -7.0107 ], [ 110.5037, -7.0149 ], [ 110.4995, -7.0164 ], [ 110.4978, -7.0208 ], [ 110.4992, -7.026 ], [ 110.494, -7.0302 ], [ 110.4874, -7.029 ], [ 110.4837, -7.0405 ] ] ] } },
{ "type": "Feature", "properties": { "district_id": "IDN.10.17.10_1", "name": "Semarang Barat", "kabupaten": "Kota Semarang", "provinsi": "Jawa Tengah" }, "geometry": { "type": "Polygon", "coordinates": [ [ [ 110.3914, -7.0057 ], [ 110.3865, -7.0108 ], [ 110.3873, -7.015 ], [ 110.3715, -7.0018 ], [ 110.3682, -6.9877 ], [ 110.3631, -6.9869 ], [ 110.3682, -6.9688 ], [ 110.3643, -6.9658 ], [ 110.3678, -6.9546 ], [ 110.3828, -6.9547 ], [ 110.3768, -6.9509 ], [ 110.3855, -6.9499 ], [ 110.3903, -6.9521 ], [ 110.3892, -6.948 ], [ 110.3932, -6.9456 ], [ 110.3995, -6.9572 ], [ 110.4025, -6.994 ], [ 110.401, -7.0012 ], [ 110.3914, -7.0057 ] ] ] } },
{ "type": "Feature", "properties": { "district_id": "IDN.10.17.11_1", "name": "Semarang Selatan", "kabupaten": "Kota Semarang", "provinsi": "Jawa Tengah" }, "geometry": { "type": "Polygon", "coordinates": [ [ [ 110.4335, -7.009 ], [ 110.4319, -7.0048 ], [ 110.4277, -7.0053 ], [ 110.4199, -6.9975 ], [ 110.4068, -6.9945 ], [ 110.402, -6.9955 ], [ 110.402, -6.9811 ], [ 110.4388, -6.9971 ], [ 110.4495, -7.0061 ], [ 110.4447, -7.0114 ], [ 110.4335, -7.009 ] ] ] } },
{ "type": "Feature", "properties": { "district_id": "IDN.10.17.12_1", "name": "Semarang Tengah", "kabupaten": "Kota Semarang", "provinsi": "Jawa Tengah" }, "geometry": { "type": "Polygon", "coordinates": [ [ [ 110.4311, -6.9941 ], [ 110.402, -6.9811 ], [ 110.4017, -6.9775 ], [ 110.4086, -6.9768 ], [ 110.4314, -6.9671 ], [ 110.4311, -6.9941 ] ] ] } },
{ "type": "Feature", "properties": { "district_id": "IDN.10.17.13_1", "name": "Semarang Timur", "kabupaten": "Kota Semarang", "provinsi": "Jawa Tengah" }, "geometry": { "type": "Polygon", "coordinates": [ [ [ 110.4446, -6.9647 ], [ 110.4388, -6.9971 ], [ 110.4321, -6.9943 ], [ 110.4312, -6.9544 ], [ 110.4417, -6.95 ], [ 110.4446, -6.9647 ] ] ] } },
{ "type": "Feature", "properties": { "district_id": "IDN.10.17.14_1", "name": "Semarang Utara", "kabupaten": "Kota Semarang", "provinsi": "Jawa Tengah" }, "geometry": { "type": "Polygon", "coordinates": [ [ [ 110.4017, -6.9775 ], [ 110.3964, -6.9479 ], [ 110.3996, -6.9471 ], [ 110.399, -6.9498 ], [ 110.4038, -6.9514 ], [ 110.4191, -6.9429 ], [ 110.4193, -6.9517 ], [ 110.4237, -6.9548 ], [ 110.4199, -6.9476 ], [ 110.4266, -6.9514 ], [ 110.4239, -6.9469 ], [ 110.4241, -6.9368 ], [ 110.427, -6.9382 ], [ 110.4291, -6.9444 ], [ 110.4332, -6.944 ], [ 110.4366, -6.9506 ], [ 110.4348, -6.9471 ], [ 110.4364, -6.9437 ], [ 110.439, -6.9422 ], [ 110.4415, -6.9466 ], [ 110.443, -6.9383 ], [ 110.4461, -6.9368 ], [ 110.4417, -6.95 ], [ 110.4312, -6.9544 ], [ 110.4314, -6.9671 ], [ 110.4074, -6.977 ], [ 110.4017, -6.9775 ] ] ] } },
{ "type": "Feature", "properties": { "district_id": "IDN.10.17.15_1", "name": "Tembalang", "kabupaten": "Kota Semarang", "provinsi": "Jawa Tengah" }, "geometry": { "type": "Polygon", "coordinates": [ [ [ 110.5005, -7.0673 ], [ 110.4978, -7.0673 ], [ 110.4984, -7.0694 ], [ 110.4955, -7.0682 ], [ 110.4953, -7.0712 ], [ 110.4892, -7.0773 ], [ 110.4776, -7.0854 ], [ 110.4678, -7.0794 ], [ 110.4536, -7.0794 ], [ 110.442, -7.0756 ], [ 110.4414, -7.0719 ], [ 110.4347, -7.0684 ], [ 110.4381, -7.064 ], [ 110.4299, -7.0533 ], [ 110.4331, -7.0511 ], [ 110.4349, -7.0454 ], [ 110.4323, -7.0347 ], [ 110.4291, -7.0311 ], [ 110.4357, -7.0221 ], [ 110.442, -7.0182 ], [ 110.4495, -7.0061 ], [ 110.4613, -7.0115 ], [ 110.4623, -7.014 ], [ 110.475, -7.0206 ], [ 110.4787, -7.0269 ], [ 110.481, -7.0397 ], [ 110.4848, -7.0435 ], [ 110.4812, -7.0444 ], [ 110.4839, -7.0456 ], [ 110.4829, -7.0484 ], [ 110.486, -7.052 ], [ 110.4812, -7.053 ], [ 110.4808, -7.0574 ], [ 110.4855, -7.0551 ], [ 110.4867, -7.0501 ], [ 110.491, -7.0553 ], [ 110.4914, -7.0603 ], [ 110.4994, -7.0633 ], [ 110.5005, -7.0673 ] ] ] } },
{ "type": "Feature", "properties": { "district_id": "IDN.10.17.16_1", "name": "Tugu", "kabupaten": "Kota Semarang", "provinsi": "Jawa Tengah" }, "geometry": { "type": "MultiPolygon", "coordinates": [ [ [ [ 110.3619, -6.9868 ], [ 110.3511, -6.9824 ], [ 110.3476, -6.9855 ], [ 110.3412, -6.9858 ], [ 110.3305, -6.9765 ], [ 110.3179, -6.9754 ], [ 110.3127, -6.9724 ], [ 110.3, -6.9736 ], [ 110.2935, -6.9719 ], [ 110.2877, -6.9687 ], [ 110.2881, -6.9654 ], [ 110.2957, -6.9684 ], [ 110.2997, -6.9591 ], [ 110.2919, -6.9555 ], [ 110.2917, -6.9502 ], [ 110.2992, -6.941 ], [ 110.3093, -6.9372 ], [ 110.3208, -6.9392 ], [ 110.3573, -6.9539 ], [ 110.3665, -6.9537 ], [ 110.3643, -6.9658 ], [ 110.3682, -6.9688 ], [ 110.3619, -6.9868 ] ] ], [ [ [ 110.3126, -6.9374 ], [ 110.3111, -6.937 ], [ 110.3129, -6.9374 ], [ 110.3126, -6.9374 ] ] ], [ [ [ 110.3104, -6.9369 ], [ 110.3102, -6.9368 ], [ 110.3108, -6.937 ], [ 110.3104, -6.9369 ] ] ] ] } },
{ "type": "Feature", "properties": { "district_id": "IDN.10.18.1_1", "name": "Margadana", "kabupaten": "Kota Tegal", "provinsi": "Jawa Tengah" }, "geometry": { "type": "Polygon", "coordinates": [ [ [ 109.1038, -6.8576 ], [ 109.1181, -6.8594 ], [ 109.1173, -6.8663 ], [ 109.1136, -6.8653 ], [ 109.1154, -6.871 ], [ 109.1114, -6.8747 ], [ 109.1139, -6.8785 ], [ 109.1112, -6.881 ], [ 109.1123, -6.8883 ], [ 109.105, -6.8912 ], [ 109.0965, -6.8886 ], [ 109.0774, -6.8878 ], [ 109.0757, -6.8758 ], [ 109.0812, -6.8717 ], [ 109.082, -6.8588 ], [ 109.0861, -6.855 ], [ 109.0926, -6.8592 ], [ 109.1038, -6.8576 ] ] ] } },
{ "type": "Feature", "properties": { "district_id": "IDN.10.18.2_1", "name": "Tegal Barat", "kabupaten": "Kota Tegal", "provinsi": "Jawa Tengah" }, "geometry": { "type": "Polygon", "coordinates": [ [ [ 109.1268, -6.8841 ], [ 109.1242, -6.8832 ], [ 109.1257, -6.8767 ], [ 109.1249, -6.8752 ], [ 109.1247, -6.878 ], [ 109.1116, -6.8771 ], [ 109.1118, -6.8734 ], [ 109.1155, -6.8702 ], [ 109.1136, -6.8653 ], [ 109.1173, -6.8663 ], [ 109.1181, -6.8594 ], [ 109.1023, -6.8565 ], [ 109.0978, -6.8599 ], [ 109.0858, -6.8551 ], [ 109.1025, -6.8397 ], [ 109.1219, -6.8474 ], [ 109.137, -6.8482 ], [ 109.1389, -6.8549 ], [ 109.1375, -6.8598 ], [ 109.1346, -6.8592 ], [ 109.1334, -6.8662 ], [ 109.1363, -6.8666 ], [ 109.1362, -6.8702 ], [ 109.1327, -6.8696 ], [ 109.1318, -6.8741 ], [ 109.1301, -6.8718 ], [ 109.1272, -6.8734 ], [ 109.1268, -6.8841 ] ] ] } },
{ "type": "Feature", "properties": { "district_id": "IDN.10.18.3_1", "name": "Tegal Selatan", "kabupaten": "Kota Tegal", "provinsi": "Jawa Tengah" }, "geometry": { "type": "Polygon", "coordinates": [ [ [ 109.1212, -6.9 ], [ 109.12, -6.8973 ], [ 109.111, -6.8979 ], [ 109.1024, -6.8905 ], [ 109.1123, -6.8883 ], [ 109.1112, -6.881 ], [ 109.1149, -6.8762 ], [ 109.1247, -6.878 ], [ 109.1249, -6.8752 ], [ 109.1257, -6.8767 ], [ 109.1242, -6.8832 ], [ 109.1268, -6.8841 ], [ 109.1272, -6.8734 ], [ 109.1301, -6.8718 ], [ 109.1318, -6.8741 ], [ 109.1327, -6.8696 ], [ 109.1362, -6.8702 ], [ 109.1359, -6.8835 ], [ 109.1322, -6.8865 ], [ 109.1319, -6.8951 ], [ 109.1282, -6.8949 ], [ 109.1212, -6.9 ] ] ] } },
{ "type": "Feature", "properties": { "district_id": "IDN.10.18.4_1", "name": "Tegal Timur", "kabupaten": "Kota Tegal", "provinsi": "Jawa Tengah" }, "geometry": { "type": "MultiPolygon", "coordinates": [ [ [ [ 109.132, -6.888 ], [ 109.1322, -6.8878 ], [ 109.1322, -6.8881 ], [ 109.132, -6.888 ] ] ], [ [ [ 109.1336, -6.8843 ], [ 109.136, -6.8812 ], [ 109.1363, -6.8666 ], [ 109.1334, -6.8662 ], [ 109.1346, -6.8592 ], [ 109.1375, -6.8598 ], [ 109.1389, -6.8549 ], [ 109.1368, -6.8467 ], [ 109.1518, -6.8474 ], [ 109.1611, -6.8433 ], [ 109.1614, -6.8462 ], [ 109.15, -6.8652 ], [ 109.1466, -6.8791 ], [ 109.1474, -6.8863 ], [ 109.1335, -6.8853 ], [ 109.1322, -6.8876 ], [ 109.1336, -6.8843 ] ] ] ] } },
{ "type": "Feature", "properties": { "district_id": "IDN.10.22.1_1", "name": "Bojong", "kabupaten": "Pekalongan", "provinsi": "Jawa Tengah" }, "geometry": { "type": "Polygon", "coordinates": [ [ [ 109.5585, -7.0046 ], [ 109.552, -7.0053 ], [ 109.5488, -7.0095 ], [ 109.5491, -7.0065 ], [ 109.5382, -7.0091 ], [ 109.5357, -7.0058 ], [ 109.5415, -6.9981 ], [ 109.5399, -6.9929 ], [ 109.5418, -6.9913 ], [ 109.5374, -6.9855 ], [ 109.5399, -6.9859 ], [ 109.5407, -6.9809 ], [ 109.5377, -6.9789 ], [ 109.5436, -6.9751 ], [ 109.5412, -6.9722 ], [ 109.5437, -6.9728 ], [ 109.5496, -6.965 ], [ 109.5574, -6.9657 ], [ 109.5581, -6.9585 ], [ 109.5626, -6.9599 ], [ 109.5635, -6.9633 ], [ 109.564, -6.9599 ], [ 109.5733, -6.9635 ], [ 109.5779, -6.9595 ], [ 109.5802, -6.961 ], [ 109.5804, -6.9592 ], [ 109.5827, -6.9608 ], [ 109.5877, -6.9595 ], [ 109.5901, -6.9566 ], [ 109.5889, -6.9536 ], [ 109.5928, -6.9544 ], [ 109.5967, -6.9449 ], [ 109.5919, -6.9422 ], [ 109.592, -6.9351 ], [ 109.5874, -6.9379 ], [ 109.5816, -6.9315 ], [ 109.5892, -6.9334 ], [ 109.5918, -6.9285 ], [ 109.5959, -6.9277 ], [ 109.6197, -6.9386 ], [ 109.6186, -6.9481 ], [ 109.6231, -6.9563 ], [ 109.6258, -6.9573 ], [ 109.6254, -6.9639 ], [ 109.6213, -6.9629 ], [ 109.6218, -6.959 ], [ 109.6198, -6.9591 ], [ 109.624, -6.9716 ], [ 109.6221, -6.9748 ], [ 109.6243, -6.9759 ], [ 109.622, -6.9758 ], [ 109.6178, -6.972 ], [ 109.6142, -6.9792 ], [ 109.6103, -6.9786 ], [ 109.605, -6.9954 ], [ 109.6032, -6.9907 ], [ 109.5999, -6.9916 ], [ 109.5935, -6.988 ], [ 109.5768, -6.9926 ], [ 109.5679, -7.0063 ], [ 109.5633, -7.0079 ], [ 109.5585, -7.0046 ] ] ] } },
{ "type": "Feature", "properties": { "district_id": "IDN.10.22.2_1", "name": "Buaran", "kabupaten": "Pekalongan", "provinsi": "Jawa Tengah" }, "geometry": { "type": "Polygon", "coordinates": [ [ [ 109.6693, -6.9343 ], [ 109.6716, -6.935 ], [ 109.6715, -6.9293 ], [ 109.675, -6.9294 ], [ 109.6729, -6.9321 ], [ 109.6756, -6.9338 ], [ 109.6735, -6.9362 ], [ 109.677, -6.9375 ], [ 109.6765, -6.9413 ], [ 109.6808, -6.9411 ], [ 109.6795, -6.9427 ], [ 109.6815, -6.9448 ], [ 109.6746, -6.9454 ], [ 109.6726, -6.9434 ], [ 109.6709, -6.9463 ], [ 109.6669, -6.9455 ], [ 109.6604, -6.9541 ], [ 109.6636, -6.9542 ], [ 109.6579, -6.9575 ], [ 109.6563, -6.957 ], [ 109.6622, -6.9457 ], [ 109.6457, -6.9389 ], [ 109.6363, -6.9399 ], [ 109.6394, -6.9367 ], [ 109.6401, -6.9305 ], [ 109.638, -6.9261 ], [ 109.6448, -6.9246 ], [ 109.6436, -6.9208 ], [ 109.657, -6.922 ], [ 109.6591, -6.9201 ], [ 109.6689, -6.9222 ], [ 109.6693, -6.9343 ] ] ] } },
{ "type": "Feature", "properties": { "district_id": "IDN.10.22.3_1", "name": "Doro", "kabupaten": "Pekalongan", "provinsi": "Jawa Tengah" }, "geometry": { "type": "Polygon", "coordinates": [ [ [ 109.7117, -7.0634 ], [ 109.7212, -7.0738 ], [ 109.7228, -7.0812 ], [ 109.7201, -7.0974 ], [ 109.7235, -7.1169 ], [ 109.7216, -7.1199 ], [ 109.7246, -7.1255 ], [ 109.7177, -7.1305 ], [ 109.7092, -7.1277 ], [ 109.7016, -7.1197 ], [ 109.6968, -7.118 ], [ 109.6861, -7.1211 ], [ 109.6833, -7.1199 ], [ 109.6744, -7.1127 ], [ 109.6732, -7.1007 ], [ 109.6656, -7.0979 ], [ 109.6625, -7.0881 ], [ 109.665, -7.0843 ], [ 109.6618, -7.0741 ], [ 109.656, -7.06 ], [ 109.6492, -7.0545 ], [ 109.6477, -7.0463 ], [ 109.6512, -7.0321 ], [ 109.6497, -7.0255 ], [ 109.6527, -7.0236 ], [ 109.6534, -7.0171 ], [ 109.6612, -7.015 ], [ 109.6653, -7.0107 ], [ 109.664, -6.9958 ], [ 109.6709, -6.9989 ], [ 109.6738, -7.0037 ], [ 109.6729, -6.9943 ], [ 109.6839, -6.9959 ], [ 109.6853, -6.9897 ], [ 109.6885, -6.9893 ], [ 109.6899, -6.9967 ], [ 109.699, -6.9986 ], [ 109.7002, -7.0054 ], [ 109.7072, -7.0061 ], [ 109.7085, -7.014 ], [ 109.6988, -7.0114 ], [ 109.7007, -7.0143 ], [ 109.6987, -7.0142 ], [ 109.6977, -7.0189 ], [ 109.7002, -7.0275 ], [ 109.7037, -7.0288 ], [ 109.7084, -7.0258 ], [ 109.7117, -7.0338 ], [ 109.7121, -7.0396 ], [ 109.7043, -7.0536 ], [ 109.7074, -7.0612 ], [ 109.7117, -7.0634 ] ] ] } },
{ "type": "Feature", "properties": { "district_id": "IDN.10.22.4_1", "name": "Kajen", "kabupaten": "Pekalongan", "provinsi": "Jawa Tengah" }, "geometry": { "type": "Polygon", "coordinates": [ [ [ 109.601, -7.0492 ], [ 109.6066, -7.0559 ], [ 109.6035, -7.0652 ], [ 109.6038, -7.0814 ], [ 109.6097, -7.092 ], [ 109.611, -7.1051 ], [ 109.6202, -7.117 ], [ 109.6199, -7.125 ], [ 109.616, -7.1221 ], [ 109.5988, -7.1218 ], [ 109.5934, -7.1163 ], [ 109.5888, -7.1158 ], [ 109.5889, -7.1132 ], [ 109.5841, -7.1142 ], [ 109.5753, -7.1103 ], [ 109.568, -7.1038 ], [ 109.5607, -7.1033 ], [ 109.5532, -7.0965 ], [ 109.5487, -7.0994 ], [ 109.5399, -7.096 ], [ 109.5344, -7.0921 ], [ 109.5366, -7.0789 ], [ 109.5306, -7.0717 ], [ 109.5246, -7.0711 ], [ 109.5248, -7.0657 ], [ 109.5326, -7.0579 ], [ 109.5387, -7.0565 ], [ 109.5385, -7.0534 ], [ 109.544, -7.0525 ], [ 109.5435, -7.0457 ], [ 109.5401, -7.0453 ], [ 109.5415, -7.041 ], [ 109.5378, -7.032 ], [ 109.5388, -7.0279 ], [ 109.5446, -7.0296 ], [ 109.5439, -7.0426 ], [ 109.5508, -7.0419 ], [ 109.5501, -7.0374 ], [ 109.5534, -7.0367 ], [ 109.5517, -7.0353 ], [ 109.5537, -7.031 ], [ 109.5508, -7.0267 ], [ 109.5519, -7.0241 ], [ 109.5483, -7.0237 ], [ 109.5504, -7.0208 ], [ 109.5526, -7.0218 ], [ 109.5515, -7.0184 ], [ 109.5568, -7.0134 ], [ 109.5545, -7.0081 ], [ 109.551, -7.0064 ], [ 109.5578, -7.0044 ], [ 109.5633, -7.0079 ], [ 109.5679, -7.0063 ], [ 109.5748, -6.9941 ], [ 109.5803, -6.9908 ], [ 109.5939, -6.988 ], [ 109.5999, -6.9916 ], [ 109.6032, -6.9907 ], [ 109.6021, -7.003 ], [ 109.5941, -7.0049 ], [ 109.5986, -7.0071 ], [ 109.5991, -7.0118 ], [ 109.5948, -7.0164 ], [ 109.6042, -7.0217 ], [ 109.5995, -7.0391 ], [ 109.601, -7.0492 ] ] ] } },
{ "type": "Feature", "properties": { "district_id": "IDN.10.22.5_1", "name": "Kandangserang", "kabupaten": "Pekalongan", "provinsi": "Jawa Tengah" }, "geometry": { "type": "Polygon", "coordinates": [ [ [ 109.5518, -7.2318 ], [ 109.5386, -7.2444 ], [ 109.5372, -7.2436 ], [ 109.5383, -7.2393 ], [ 109.5333, -7.2335 ], [ 109.5304, -7.2221 ], [ 109.5216, -7.2177 ], [ 109.5196, -7.2086 ], [ 109.5263, -7.199 ], [ 109.5249, -7.1948 ], [ 109.5209, -7.1918 ], [ 109.5205, -7.1886 ], [ 109.5182, -7.1889 ], [ 109.5188, -7.1853 ], [ 109.5167, -7.1855 ], [ 109.5175, -7.183 ], [ 109.5141, -7.1802 ], [ 109.5114, -7.1718 ], [ 109.5056, -7.1685 ], [ 109.5044, -7.1556 ], [ 109.4976, -7.1385 ], [ 109.4934, -7.1344 ], [ 109.4932, -7.1298 ], [ 109.4907, -7.1289 ], [ 109.4927, -7.1278 ], [ 109.4912, -7.1204 ], [ 109.4958, -7.1134 ], [ 109.4944, -7.1095 ], [ 109.504, -7.1035 ], [ 109.5046, -7.1006 ], [ 109.5131, -7.0997 ], [ 109.5188, -7.0955 ], [ 109.5206, -7.0851 ], [ 109.5164, -7.0789 ], [ 109.5165, -7.0647 ], [ 109.5249, -7.0656 ], [ 109.5249, -7.0715 ], [ 109.5306, -7.0717 ], [ 109.5361, -7.0781 ], [ 109.5344, -7.0921 ], [ 109.5443, -7.0975 ], [ 109.5468, -7.1063 ], [ 109.5452, -7.1152 ], [ 109.5476, -7.1187 ], [ 109.5448, -7.1229 ], [ 109.5411, -7.1231 ], [ 109.5358, -7.1281 ], [ 109.5214, -7.1314 ], [ 109.5261, -7.1387 ], [ 109.5252, -7.1451 ], [ 109.5461, -7.1741 ], [ 109.5609, -7.1847 ], [ 109.5788, -7.2048 ], [ 109.5897, -7.209 ], [ 109.5787, -7.2218 ], [ 109.5675, -7.2218 ], [ 109.5612, -7.2304 ], [ 109.5518, -7.2318 ] ] ] } },
{ "type": "Feature", "properties": { "district_id": "IDN.10.22.6_1", "name": "Karanganyar", "kabupaten": "Pekalongan", "provinsi": "Jawa Tengah" }, "geometry": { "type": "Polygon", "coordinates": [ [ [ 109.6205, -7.1178 ], [ 109.611, -7.1051 ], [ 109.6097, -7.092 ], [ 109.6037, -7.0809 ], [ 109.6035, -7.0652 ], [ 109.6066, -7.0559 ], [ 109.6002, -7.0492 ], [ 109.5994, -7.0436 ], [ 109.6009, -7.0297 ], [ 109.6042, -7.0217 ], [ 109.5947, -7.0157 ], [ 109.5991, -7.0118 ], [ 109.5986, -7.0071 ], [ 109.5941, -7.0049 ], [ 109.6012, -7.0042 ], [ 109.6029, -6.992 ], [ 109.605, -6.9954 ], [ 109.6064, -6.9899 ], [ 109.6114, -6.9883 ], [ 109.619, -6.9896 ], [ 109.6203, -7.0096 ], [ 109.6269, -7.011 ], [ 109.6281, -7.0091 ], [ 109.634, -7.0093 ], [ 109.6357, -7.0055 ], [ 109.6382, -7.0125 ], [ 109.6407, -7.0127 ], [ 109.6428, -7.0082 ], [ 109.6497, -7.0102 ], [ 109.6537, -7.0151 ], [ 109.6527, -7.0236 ], [ 109.6497, -7.0255 ], [ 109.6512, -7.0321 ], [ 109.648, -7.0482 ], [ 109.6514, -7.0581 ], [ 109.6562, -7.0603 ], [ 109.665, -7.0843 ], [ 109.6625, -7.0881 ], [ 109.6656, -7.0979 ], [ 109.6598, -7.098 ], [ 109.6523, -7.0948 ], [ 109.647, -7.0879 ], [ 109.6273, -7.0801 ], [ 109.6231, -7.0821 ], [ 109.6227, -7.0901 ], [ 109.6182, -7.0943 ], [ 109.6225, -7.1055 ], [ 109.6205, -7.1178 ] ] ] } },
{ "type": "Feature", "properties": { "district_id": "IDN.10.22.7_1", "name": "Karangdadap", "kabupaten": "Pekalongan", "provinsi": "Jawa Tengah" }, "geometry": { "type": "Polygon", "coordinates": [ [ [ 109.7087, -6.9869 ], [ 109.7151, -6.9881 ], [ 109.7238, -7.0013 ], [ 109.7215, -7.0039 ], [ 109.719, -7.0004 ], [ 109.7167, -7.0013 ], [ 109.7189, -7.0024 ], [ 109.7174, -7.0065 ], [ 109.7098, -7.0087 ], [ 109.7097, -7.0106 ], [ 109.7066, -7.0104 ], [ 109.7072, -7.0061 ], [ 109.6991, -7.0044 ], [ 109.699, -6.9986 ], [ 109.6899, -6.9967 ], [ 109.6885, -6.9893 ], [ 109.6853, -6.9897 ], [ 109.6839, -6.9959 ], [ 109.6746, -6.9943 ], [ 109.6737, -6.99 ], [ 109.6693, -6.9896 ], [ 109.6717, -6.982 ], [ 109.6684, -6.9779 ], [ 109.6702, -6.9714 ], [ 109.6678, -6.969 ], [ 109.6735, -6.9643 ], [ 109.6665, -6.9458 ], [ 109.6709, -6.9463 ], [ 109.6716, -6.9435 ], [ 109.6756, -6.9456 ], [ 109.6821, -6.9438 ], [ 109.6856, -6.9541 ], [ 109.6875, -6.9507 ], [ 109.6892, -6.9513 ], [ 109.6931, -6.955 ], [ 109.6931, -6.9607 ], [ 109.6987, -6.9655 ], [ 109.7027, -6.9648 ], [ 109.7033, -6.9738 ], [ 109.7055, -6.9751 ], [ 109.7048, -6.9783 ], [ 109.7087, -6.9869 ] ] ] } },
{ "type": "Feature", "properties": { "district_id": "IDN.10.22.8_1", "name": "Kedungwuni", "kabupaten": "Pekalongan", "provinsi": "Jawa Tengah" }, "geometry": { "type": "Polygon", "coordinates": [ [ [ 109.6729, -6.9943 ], [ 109.6745, -7.0035 ], [ 109.6679, -6.9966 ], [ 109.664, -6.9958 ], [ 109.6643, -7.0031 ], [ 109.6584, -7.0032 ], [ 109.6552, -6.9915 ], [ 109.6586, -6.9894 ], [ 109.6576, -6.9864 ], [ 109.6422, -6.9856 ], [ 109.6394, -6.9813 ], [ 109.6404, -6.9685 ], [ 109.6326, -6.9676 ], [ 109.6325, -6.9643 ], [ 109.6361, -6.9614 ], [ 109.6306, -6.9596 ], [ 109.6285, -6.9612 ], [ 109.6231, -6.9563 ], [ 109.6186, -6.9479 ], [ 109.6198, -6.9391 ], [ 109.6288, -6.9408 ], [ 109.6294, -6.9388 ], [ 109.6381, -6.9405 ], [ 109.6443, -6.9388 ], [ 109.6531, -6.9409 ], [ 109.6533, -6.9436 ], [ 109.6622, -6.9457 ], [ 109.6563, -6.957 ], [ 109.6579, -6.9575 ], [ 109.6636, -6.9542 ], [ 109.6604, -6.9541 ], [ 109.6643, -6.9493 ], [ 109.6687, -6.95 ], [ 109.6735, -6.9643 ], [ 109.6677, -6.9695 ], [ 109.6702, -6.9714 ], [ 109.6684, -6.9779 ], [ 109.6717, -6.982 ], [ 109.6693, -6.9896 ], [ 109.6743, -6.9906 ], [ 109.6746, -6.9943 ], [ 109.6729, -6.9943 ] ] ] } },
{ "type": "Feature", "properties": { "district_id": "IDN.10.22.9_1", "name": "Kesesi", "kabupaten": "Pekalongan", "provinsi": "Jawa Tengah" }, "geometry": { "type": "Polygon", "coordinates": [ [ [ 109.5149, -7.0988 ], [ 109.5046, -7.1006 ], [ 109.4995, -7.0925 ], [ 109.4994, -7.0866 ], [ 109.4956, -7.082 ], [ 109.4961, -7.0678 ], [ 109.488, -7.0555 ], [ 109.4905, -7.0479 ], [ 109.4845, -7.0427 ], [ 109.4868, -7.039 ], [ 109.4838, -7.0285 ], [ 109.4934, -7.0188 ], [ 109.4929, -7.0134 ], [ 109.4974, -7.0101 ], [ 109.4988, -7.0 ], [ 109.4955, -6.9845 ], [ 109.4986, -6.9824 ], [ 109.4978, -6.9653 ], [ 109.5014, -6.9619 ], [ 109.5108, -6.9668 ], [ 109.5158, -6.9644 ], [ 109.5194, -6.9658 ], [ 109.5223, -6.9718 ], [ 109.5335, -6.97 ], [ 109.5333, -6.9743 ], [ 109.54, -6.9717 ], [ 109.543, -6.9738 ], [ 109.5412, -6.9783 ], [ 109.5396, -6.9765 ], [ 109.5376, -6.9791 ], [ 109.5407, -6.9806 ], [ 109.5399, -6.9859 ], [ 109.5374, -6.9855 ], [ 109.5418, -6.9913 ], [ 109.5399, -6.9929 ], [ 109.5414, -6.9985 ], [ 109.5356, -7.0056 ], [ 109.5382, -7.0091 ], [ 109.5482, -7.0064 ], [ 109.5493, -7.0094 ], [ 109.551, -7.0064 ], [ 109.5545, -7.0081 ], [ 109.5568, -7.0134 ], [ 109.5515, -7.0184 ], [ 109.5526, -7.0218 ], [ 109.5504, -7.0208 ], [ 109.5483, -7.0237 ], [ 109.5517, -7.0238 ], [ 109.5508, -7.0267 ], [ 109.5537, -7.031 ], [ 109.5517, -7.0353 ], [ 109.5534, -7.0367 ], [ 109.5501, -7.0374 ], [ 109.5508, -7.0419 ], [ 109.543, -7.042 ], [ 109.5446, -7.0296 ], [ 109.5388, -7.0279 ], [ 109.5376, -7.0301 ], [ 109.5413, -7.0395 ], [ 109.5401, -7.0453 ], [ 109.5435, -7.0457 ], [ 109.544, -7.0525 ], [ 109.5385, -7.0534 ], [ 109.5387, -7.0565 ], [ 109.5326, -7.0579 ], [ 109.5249, -7.0656 ], [ 109.5156, -7.0656 ], [ 109.5164, -7.0789 ], [ 109.5206, -7.0855 ], [ 109.5188, -7.0955 ], [ 109.5149, -7.0988 ] ] ] } },
{ "type": "Feature", "properties": { "district_id": "IDN.10.22.10_1", "name": "Lebakbarang", "kabupaten": "Pekalongan", "provinsi": "Jawa Tengah" }, "geometry": { "type": "Polygon", "coordinates": [ [ [ 109.6834, -7.1731 ], [ 109.675, -7.1727 ], [ 109.6708, -7.1777 ], [ 109.6632, -7.1784 ], [ 109.648, -7.1721 ], [ 109.6426, -7.1743 ], [ 109.6381, -7.1733 ], [ 109.6379, -7.1669 ], [ 109.6324, -7.1653 ], [ 109.6307, -7.1563 ], [ 109.6378, -7.1445 ], [ 109.6282, -7.1313 ], [ 109.6198, -7.1246 ], [ 109.6225, -7.1055 ], [ 109.6182, -7.0943 ], [ 109.6227, -7.0901 ], [ 109.6231, -7.0821 ], [ 109.6273, -7.0801 ], [ 109.647, -7.0879 ], [ 109.6548, -7.0963 ], [ 109.6732, -7.1007 ], [ 109.6744, -7.1127 ], [ 109.6833, -7.1199 ], [ 109.6861, -7.1211 ], [ 109.6968, -7.118 ], [ 109.7079, -7.1252 ], [ 109.7065, -7.1279 ], [ 109.6936, -7.1297 ], [ 109.6823, -7.1351 ], [ 109.6897, -7.1414 ], [ 109.6908, -7.145 ], [ 109.695, -7.1457 ], [ 109.6951, -7.1481 ], [ 109.6994, -7.15 ], [ 109.7004, -7.1596 ], [ 109.6981, -7.1643 ], [ 109.6905, -7.1703 ], [ 109.6884, -7.1671 ], [ 109.6834, -7.1731 ] ] ] } },
{ "type": "Feature", "properties": { "district_id": "IDN.10.22.11_1", "name": "Paninggaran", "kabupaten": "Pekalongan", "provinsi": "Jawa Tengah" }, "geometry": { "type": "Polygon", "coordinates": [ [ [ 109.629, -7.1878 ], [ 109.625, -7.1891 ], [ 109.6234, -7.1976 ], [ 109.6162, -7.2014 ], [ 109.6109, -7.211 ], [ 109.6069, -7.2115 ], [ 109.5964, -7.2059 ], [ 109.5952, -7.2079 ], [ 109.5901, -7.207 ], [ 109.5897, -7.209 ], [ 109.5788, -7.2048 ], [ 109.5609, -7.1847 ], [ 109.5461, -7.1741 ], [ 109.5301, -7.1537 ], [ 109.525, -7.1444 ], [ 109.5261, -7.1387 ], [ 109.5214, -7.1315 ], [ 109.5366, -7.1278 ], [ 109.5472, -7.1196 ], [ 109.5446, -7.0978 ], [ 109.5487, -7.0994 ], [ 109.5532, -7.0965 ], [ 109.5607, -7.1033 ], [ 109.568, -7.1038 ], [ 109.5753, -7.1103 ], [ 109.5841, -7.1142 ], [ 109.5889, -7.1132 ], [ 109.5888, -7.1158 ], [ 109.5934, -7.1163 ], [ 109.5988, -7.1218 ], [ 109.616, -7.1221 ], [ 109.6282, -7.1313 ], [ 109.638, -7.1456 ], [ 109.6307, -7.1563 ], [ 109.6323, -7.1602 ], [ 109.6308, -7.1619 ], [ 109.6324, -7.1653 ], [ 109.6379, -7.1669 ], [ 109.637, -7.1724 ], [ 109.6426, -7.1743 ], [ 109.6356, -7.1767 ], [ 109.629, -7.1878 ] ] ] } },
{ "type": "Feature", "properties": { "district_id": "IDN.10.22.12_1", "name": "Petungkriyono", "kabupaten": "Pekalongan", "provinsi": "Jawa Tengah" }, "geometry": { "type": "Polygon", "coordinates": [ [ [ 109.706, -7.1984 ], [ 109.7041, -7.1953 ], [ 109.69, -7.1951 ], [ 109.6903, -7.1925 ], [ 109.6831, -7.1851 ], [ 109.6817, -7.174 ], [ 109.6884, -7.1671 ], [ 109.6905, -7.1703 ], [ 109.6981, -7.1643 ], [ 109.7004, -7.1573 ], [ 109.6994, -7.15 ], [ 109.6951, -7.1481 ], [ 109.695, -7.1457 ], [ 109.6908, -7.145 ], [ 109.6897, -7.1414 ], [ 109.6823, -7.1351 ], [ 109.7079, -7.1269 ], [ 109.7177, -7.1305 ], [ 109.7239, -7.1275 ], [ 109.7204, -7.0964 ], [ 109.7226, -7.0917 ], [ 109.7334, -7.0917 ], [ 109.7436, -7.1115 ], [ 109.7625, -7.1164 ], [ 109.7716, -7.116 ], [ 109.7747, -7.1257 ], [ 109.7714, -7.1428 ], [ 109.775, -7.1447 ], [ 109.7781, -7.1558 ], [ 109.784, -7.163 ], [ 109.7987, -7.1712 ], [ 109.7752, -7.1801 ], [ 109.768, -7.18 ], [ 109.7616, -7.1766 ], [ 109.7538, -7.1807 ], [ 109.752, -7.1795 ], [ 109.7441, -7.1844 ], [ 109.7454, -7.1879 ], [ 109.7437, -7.1904 ], [ 109.7271, -7.2017 ], [ 109.706, -7.1984 ] ] ] } },
{ "type": "Feature", "properties": { "district_id": "IDN.10.22.13_1", "name": "Siwalan", "kabupaten": "Pekalongan", "provinsi": "Jawa Tengah" }, "geometry": { "type": "Polygon", "coordinates": [ [ [ 109.5918, -6.9285 ], [ 109.5892, -6.9334 ], [ 109.5835, -6.931 ], [ 109.5861, -6.9265 ], [ 109.5847, -6.9224 ], [ 109.5836, -6.9262 ], [ 109.5812, -6.9255 ], [ 109.5677, -6.9171 ], [ 109.5652, -6.9243 ], [ 109.561, -6.9227 ], [ 109.5634, -6.9184 ], [ 109.561, -6.9126 ], [ 109.5649, -6.9072 ], [ 109.5628, -6.9 ], [ 109.5675, -6.8951 ], [ 109.5654, -6.8925 ], [ 109.569, -6.8911 ], [ 109.5668, -6.8894 ], [ 109.568, -6.8857 ], [ 109.5658, -6.8852 ], [ 109.5691, -6.882 ], [ 109.5765, -6.8823 ], [ 109.576, -6.8777 ], [ 109.582, -6.8767 ], [ 109.5796, -6.8745 ], [ 109.5858, -6.8688 ], [ 109.5835, -6.8676 ], [ 109.5862, -6.8647 ], [ 109.5842, -6.8623 ], [ 109.5883, -6.8637 ], [ 109.5862, -6.8613 ], [ 109.5884, -6.8586 ], [ 109.5838, -6.8592 ], [ 109.5867, -6.8562 ], [ 109.5835, -6.8573 ], [ 109.5852, -6.8545 ], [ 109.584, -6.8501 ], [ 109.5889, -6.8501 ], [ 109.5905, -6.8475 ], [ 109.5936, -6.8502 ], [ 109.5921, -6.8451 ], [ 109.5957, -6.8468 ], [ 109.5992, -6.845 ], [ 109.5961, -6.8403 ], [ 109.6061, -6.8411 ], [ 109.6059, -6.8528 ], [ 109.6134, -6.8537 ], [ 109.6071, -6.8586 ], [ 109.6063, -6.8669 ], [ 109.6083, -6.867 ], [ 109.6104, -6.8726 ], [ 109.6089, -6.878 ], [ 109.6028, -6.8748 ], [ 109.6017, -6.879 ], [ 109.5964, -6.8771 ], [ 109.5954, -6.8793 ], [ 109.6069, -6.8891 ], [ 109.6063, -6.8919 ], [ 109.5945, -6.8934 ], [ 109.5934, -6.8992 ], [ 109.5952, -6.903 ], [ 109.5984, -6.9039 ], [ 109.5976, -6.9122 ], [ 109.6006, -6.9133 ], [ 109.6005, -6.916 ], [ 109.5999, -6.9188 ], [ 109.5979, -6.9187 ], [ 109.5965, -6.9271 ], [ 109.5918, -6.9285 ] ] ] } },
{ "type": "Feature", "properties": { "district_id": "IDN.10.22.14_1", "name": "Sragi", "kabupaten": "Pekalongan", "provinsi": "Jawa Tengah" }, "geometry": { "type": "Polygon", "coordinates": [ [ [ 109.5521, -6.9643 ], [ 109.5437, -6.9728 ], [ 109.54, -6.9717 ], [ 109.5333, -6.9743 ], [ 109.5335, -6.97 ], [ 109.5223, -6.9718 ], [ 109.5194, -6.9658 ], [ 109.5158, -6.9644 ], [ 109.5108, -6.9668 ], [ 109.5024, -6.962 ], [ 109.5079, -6.9572 ], [ 109.5132, -6.9469 ], [ 109.5195, -6.9485 ], [ 109.5212, -6.9431 ], [ 109.5308, -6.9407 ], [ 109.5304, -6.9374 ], [ 109.5345, -6.9383 ], [ 109.5349, -6.9328 ], [ 109.5459, -6.9299 ], [ 109.5498, -6.926 ], [ 109.5503, -6.9285 ], [ 109.553, -6.9289 ], [ 109.5536, -6.9229 ], [ 109.5586, -6.9251 ], [ 109.561, -6.9227 ], [ 109.5652, -6.9243 ], [ 109.567, -6.917 ], [ 109.5812, -6.9255 ], [ 109.5836, -6.9262 ], [ 109.5847, -6.9224 ], [ 109.5861, -6.9265 ], [ 109.5815, -6.932 ], [ 109.5874, -6.9379 ], [ 109.592, -6.9351 ], [ 109.5919, -6.9422 ], [ 109.5967, -6.9449 ], [ 109.5928, -6.9544 ], [ 109.5889, -6.9536 ], [ 109.5901, -6.9566 ], [ 109.5875, -6.9597 ], [ 109.5779, -6.9595 ], [ 109.5735, -6.9634 ], [ 109.5641, -6.9598 ], [ 109.5629, -6.9632 ], [ 109.5626, -6.9599 ], [ 109.5581, -6.9585 ], [ 109.5574, -6.9657 ], [ 109.5521, -6.9643 ] ] ] } },
{ "type": "Feature", "properties": { "district_id": "IDN.10.22.15_1", "name": "Talun", "kabupaten": "Pekalongan", "provinsi": "Jawa Tengah" }, "geometry": { "type": "Polygon", "coordinates": [ [ [ 109.7558, -7.0552 ], [ 109.7533, -7.0579 ], [ 109.7587, -7.0638 ], [ 109.7558, -7.0653 ], [ 109.7586, -7.0693 ], [ 109.756, -7.072 ], [ 109.7571, -7.0754 ], [ 109.754, -7.0845 ], [ 109.7506, -7.0841 ], [ 109.7533, -7.0904 ], [ 109.7388, -7.1007 ], [ 109.7334, -7.0917 ], [ 109.7218, -7.092 ], [ 109.7213, -7.0741 ], [ 109.7076, -7.0613 ], [ 109.7043, -7.0536 ], [ 109.7121, -7.0396 ], [ 109.7117, -7.0338 ], [ 109.7084, -7.0258 ], [ 109.7037, -7.0288 ], [ 109.7002, -7.0275 ], [ 109.6977, -7.0189 ], [ 109.6987, -7.0142 ], [ 109.7007, -7.0143 ], [ 109.6988, -7.0114 ], [ 109.7085, -7.014 ], [ 109.7098, -7.0087 ], [ 109.7179, -7.0059 ], [ 109.7189, -7.0024 ], [ 109.7167, -7.0013 ], [ 109.719, -7.0004 ], [ 109.7215, -7.0039 ], [ 109.7234, -7.0025 ], [ 109.7223, -6.9971 ], [ 109.7148, -6.988 ], [ 109.7161, -6.9865 ], [ 109.7228, -6.9878 ], [ 109.7307, -7.0028 ], [ 109.7365, -7.0035 ], [ 109.7442, -6.9954 ], [ 109.7482, -6.9996 ], [ 109.7477, -7.0119 ], [ 109.759, -7.0306 ], [ 109.759, -7.0339 ], [ 109.7531, -7.0382 ], [ 109.7551, -7.0421 ], [ 109.7514, -7.0443 ], [ 109.7554, -7.047 ], [ 109.7536, -7.0548 ], [ 109.7558, -7.0552 ] ] ] } },
{ "type": "Feature", "properties": { "district_id": "IDN.10.22.16_1", "name": "Tirto", "kabupaten": "Pekalongan", "provinsi": "Jawa Tengah" }, "geometry": { "type": "Polygon", "coordinates": [ [ [ 109.6267, -6.9406 ], [ 109.6216, -6.9385 ], [ 109.6208, -6.9313 ], [ 109.6183, -6.9309 ], [ 109.6203, -6.9264 ], [ 109.6129, -6.9207 ], [ 109.6126, -6.9135 ], [ 109.6181, -6.9067 ], [ 109.6153, -6.9061 ], [ 109.617, -6.9011 ], [ 109.6233, -6.8919 ], [ 109.6338, -6.8982 ], [ 109.6352, -6.8951 ], [ 109.6332, -6.8942 ], [ 109.6394, -6.8857 ], [ 109.6438, -6.8706 ], [ 109.6468, -6.871 ], [ 109.6457, -6.8646 ], [ 109.6402, -6.8647 ], [ 109.6408, -6.863 ], [ 109.6469, -6.8614 ], [ 109.648, -6.8584 ], [ 109.646, -6.8577 ], [ 109.6481, -6.8552 ], [ 109.6556, -6.8555 ], [ 109.6585, -6.8484 ], [ 109.6606, -6.8486 ], [ 109.6659, -6.8517 ], [ 109.6632, -6.8593 ], [ 109.66, -6.8593 ], [ 109.6608, -6.8665 ], [ 109.6582, -6.8707 ], [ 109.6638, -6.8736 ], [ 109.6637, -6.8764 ], [ 109.663, -6.8779 ], [ 109.6563, -6.8758 ], [ 109.6538, -6.8789 ], [ 109.6472, -6.8798 ], [ 109.6479, -6.8862 ], [ 109.6511, -6.8879 ], [ 109.6441, -6.8872 ], [ 109.6438, -6.8904 ], [ 109.647, -6.8914 ], [ 109.646, -6.894 ], [ 109.6433, -6.8933 ], [ 109.644, -6.8955 ], [ 109.6481, -6.8968 ], [ 109.6491, -6.9028 ], [ 109.645, -6.9061 ], [ 109.6443, -6.9115 ], [ 109.6469, -6.9128 ], [ 109.6422, -6.917 ], [ 109.6452, -6.9241 ], [ 109.638, -6.9261 ], [ 109.6401, -6.9305 ], [ 109.6384, -6.9384 ], [ 109.6267, -6.9406 ] ] ] } },
{ "type": "Feature", "properties": { "district_id": "IDN.10.22.17_1", "name": "Wiradesa", "kabupaten": "Pekalongan", "provinsi": "Jawa Tengah" }, "geometry": { "type": "MultiPolygon", "coordinates": [ [ [ [ 109.6225, -6.9391 ], [ 109.5959, -6.9277 ], [ 109.6006, -6.9133 ], [ 109.5976, -6.9122 ], [ 109.5984, -6.9039 ], [ 109.5952, -6.903 ], [ 109.5934, -6.8992 ], [ 109.5945, -6.8934 ], [ 109.6063, -6.8919 ], [ 109.6079, -6.8864 ], [ 109.6094, -6.8887 ], [ 109.6133, -6.8881 ], [ 109.6187, -6.879 ], [ 109.6227, -6.8868 ], [ 109.6278, -6.8861 ], [ 109.6296, -6.8794 ], [ 109.635, -6.8798 ], [ 109.6356, -6.8837 ], [ 109.6398, -6.8847 ], [ 109.6332, -6.8942 ], [ 109.6348, -6.8969 ], [ 109.6334, -6.898 ], [ 109.6233, -6.8919 ], [ 109.6205, -6.8936 ], [ 109.6153, -6.9061 ], [ 109.6181, -6.9067 ], [ 109.6126, -6.9135 ], [ 109.6136, -6.923 ], [ 109.6176, -6.9233 ], [ 109.6203, -6.9264 ], [ 109.6183, -6.9309 ], [ 109.6208, -6.9313 ], [ 109.6225, -6.9391 ] ] ], [ [ [ 109.6474, -6.8878 ], [ 109.6438, -6.8904 ], [ 109.6441, -6.8872 ], [ 109.6474, -6.8878 ] ] ] ] } },
{ "type": "Feature", "properties": { "district_id": "IDN.10.22.18_1", "name": "Wonokerto", "kabupaten": "Pekalongan", "provinsi": "Jawa Tengah" }, "geometry": { "type": "Polygon", "coordinates": [ [ [ 109.5964, -6.8771 ], [ 109.6017, -6.879 ], [ 109.6028, -6.8748 ], [ 109.6089, -6.878 ], [ 109.6104, -6.8728 ], [ 109.6083, -6.867 ], [ 109.6063, -6.8669 ], [ 109.6071, -6.8586 ], [ 109.6134, -6.8537 ], [ 109.6059, -6.8528 ], [ 109.6061, -6.8411 ], [ 109.6238, -6.8409 ], [ 109.6348, -6.8463 ], [ 109.6583, -6.8501 ], [ 109.6556, -6.8555 ], [ 109.6481, -6.8552 ], [ 109.646, -6.8577 ], [ 109.648, -6.8584 ], [ 109.6469, -6.8614 ], [ 109.6407, -6.8633 ], [ 109.6457, -6.8646 ], [ 109.6448, -6.8677 ], [ 109.6471, -6.8694 ], [ 109.6438, -6.8706 ], [ 109.6398, -6.8847 ], [ 109.6356, -6.8837 ], [ 109.635, -6.8798 ], [ 109.6296, -6.8794 ], [ 109.6278, -6.8861 ], [ 109.6227, -6.8868 ], [ 109.6187, -6.879 ], [ 109.6133, -6.8881 ], [ 109.6094, -6.8887 ], [ 109.6079, -6.8864 ], [ 109.6078, -6.8893 ], [ 109.6018, -6.8865 ], [ 109.6019, -6.8833 ], [ 109.5954, -6.8793 ], [ 109.5964, -6.8771 ] ] ] } },
{ "type": "Feature", "properties": { "district_id": "IDN.10.22.19_1", "name": "Wonopringgo", "kabupaten": "Pekalongan", "provinsi": "Jawa Tengah" }, "geometry": { "type": "Polygon", "coordinates": [ [ [ 109.6647, -7.0122 ], [ 109.6534, -7.0171 ], [ 109.6497, -7.0102 ], [ 109.6428, -7.0082 ], [ 109.6407, -7.0127 ], [ 109.6382, -7.0125 ], [ 109.6365, -7.0057 ], [ 109.634, -7.0093 ], [ 109.6281, -7.0091 ], [ 109.6269, -7.011 ], [ 109.6203, -7.0096 ], [ 109.619, -6.9896 ], [ 109.6064, -6.9899 ], [ 109.6103, -6.9786 ], [ 109.6142, -6.9792 ], [ 109.6178, -6.972 ], [ 109.622, -6.9758 ], [ 109.6244, -6.9758 ], [ 109.6221, -6.9748 ], [ 109.624, -6.9716 ], [ 109.6198, -6.9591 ], [ 109.6218, -6.959 ], [ 109.6213, -6.9629 ], [ 109.6254, -6.9639 ], [ 109.6258, -6.9573 ], [ 109.6285, -6.9612 ], [ 109.6306, -6.9596 ], [ 109.6361, -6.9614 ], [ 109.6325, -6.9643 ], [ 109.6326, -6.9676 ], [ 109.6404, -6.9685 ], [ 109.6394, -6.9813 ], [ 109.6422, -6.9856 ], [ 109.6576, -6.9864 ], [ 109.6586, -6.9894 ], [ 109.6552, -6.9915 ], [ 109.6564, -6.9992 ], [ 109.6584, -7.0032 ], [ 109.6643, -7.0031 ], [ 109.6647, -7.0122 ] ] ] } },
{ "type": "Feature", "properties": { "district_id": "IDN.10.23.1_1", "name": "Ampelgading", "kabupaten": "Pemalang", "provinsi": "Jawa Tengah" }, "geometry": { "type": "Polygon", "coordinates": [ [ [ 109.4406, -6.9573 ], [ 109.4754, -6.9505 ], [ 109.4838, -6.9386 ], [ 109.4815, -6.9361 ], [ 109.4839, -6.9317 ], [ 109.4916, -6.9263 ], [ 109.4956, -6.9188 ], [ 109.4951, -6.9008 ], [ 109.4977, -6.8969 ], [ 109.5014, -6.897 ], [ 109.5021, -6.8929 ], [ 109.4979, -6.8922 ], [ 109.5056, -6.8817 ], [ 109.5034, -6.8805 ], [ 109.5045, -6.8692 ], [ 109.5144, -6.8623 ], [ 109.516, -6.8655 ], [ 109.5105, -6.8691 ], [ 109.516, -6.8719 ], [ 109.5177, -6.8683 ], [ 109.52, -6.8685 ], [ 109.5218, -6.8717 ], [ 109.521, -6.8747 ], [ 109.5159, -6.8747 ], [ 109.5217, -6.8849 ], [ 109.5252, -6.9008 ], [ 109.5302, -6.9075 ], [ 109.5329, -6.9208 ], [ 109.5311, -6.9226 ], [ 109.5176, -6.9218 ], [ 109.511, -6.9252 ], [ 109.5045, -6.9353 ], [ 109.5126, -6.94 ], [ 109.509, -6.9441 ], [ 109.5112, -6.9481 ], [ 109.5099, -6.9512 ], [ 109.5031, -6.9514 ], [ 109.4923, -6.9605 ], [ 109.4837, -6.9642 ], [ 109.4807, -6.9691 ], [ 109.4753, -6.9689 ], [ 109.4801, -6.9622 ], [ 109.4774, -6.9603 ], [ 109.4717, -6.9675 ], [ 109.472, -6.9836 ], [ 109.4695, -6.9866 ], [ 109.4657, -6.9808 ], [ 109.4636, -6.9822 ], [ 109.4673, -6.9945 ], [ 109.4587, -6.987 ], [ 109.4575, -6.9939 ], [ 109.4505, -6.9959 ], [ 109.4539, -7.0054 ], [ 109.4497, -7.0167 ], [ 109.4395, -7.0207 ], [ 109.4299, -7.0156 ], [ 109.4284, -7.0111 ], [ 109.4295, -6.992 ], [ 109.4271, -6.9797 ], [ 109.4313, -6.9769 ], [ 109.4313, -6.973 ], [ 109.4281, -6.9711 ], [ 109.4321, -6.9597 ], [ 109.4298, -6.9566 ], [ 109.4308, -6.9547 ], [ 109.4406, -6.9573 ] ] ] } },
{ "type": "Feature", "properties": { "district_id": "IDN.10.23.2_1", "name": "Bantarbolang", "kabupaten": "Pemalang", "provinsi": "Jawa Tengah" }, "geometry": { "type": "Polygon", "coordinates": [ [ [ 109.4341, -7.1075 ], [ 109.4176, -7.1104 ], [ 109.4146, -7.113 ], [ 109.4172, -7.1156 ], [ 109.4168, -7.1203 ], [ 109.4144, -7.1214 ], [ 109.417, -7.1321 ], [ 109.4007, -7.1328 ], [ 109.3828, -7.107 ], [ 109.3807, -7.0975 ], [ 109.3844, -7.0949 ], [ 109.3806, -7.0866 ], [ 109.3648, -7.0925 ], [ 109.3693, -7.0826 ], [ 109.3658, -7.0805 ], [ 109.3667, -7.075 ], [ 109.3543, -7.0761 ], [ 109.3519, -7.0804 ], [ 109.3493, -7.0796 ], [ 109.3475, -7.063 ], [ 109.3411, -7.0539 ], [ 109.343, -7.046 ], [ 109.3345, -7.0434 ], [ 109.3426, -7.028 ], [ 109.3425, -7.011 ], [ 109.3516, -7.0015 ], [ 109.3528, -6.993 ], [ 109.3661, -6.9899 ], [ 109.3722, -6.9806 ], [ 109.3795, -6.9826 ], [ 109.3844, -6.9794 ], [ 109.3898, -6.9821 ], [ 109.3922, -6.9809 ], [ 109.3969, -6.9712 ], [ 109.4002, -6.974 ], [ 109.4025, -6.9727 ], [ 109.3973, -6.9657 ], [ 109.3941, -6.967 ], [ 109.3926, -6.962 ], [ 109.413, -6.9631 ], [ 109.4313, -6.9732 ], [ 109.4312, -6.9771 ], [ 109.4271, -6.9797 ], [ 109.4295, -6.992 ], [ 109.4284, -7.0111 ], [ 109.4299, -7.0156 ], [ 109.4392, -7.0205 ], [ 109.4426, -7.0269 ], [ 109.4436, -7.0336 ], [ 109.4408, -7.0412 ], [ 109.4402, -7.0541 ], [ 109.4493, -7.0812 ], [ 109.4464, -7.0992 ], [ 109.4341, -7.1075 ] ] ] } },
{ "type": "Feature", "properties": { "district_id": "IDN.10.23.3_1", "name": "Belik", "kabupaten": "Pemalang", "provinsi": "Jawa Tengah" }, "geometry": { "type": "Polygon", "coordinates": [ [ [ 109.3338, -7.2115 ], [ 109.2948, -7.2162 ], [ 109.2868, -7.2145 ], [ 109.2824, -7.1992 ], [ 109.2844, -7.192 ], [ 109.2937, -7.1822 ], [ 109.2928, -7.1761 ], [ 109.2882, -7.1698 ], [ 109.2889, -7.1573 ], [ 109.2822, -7.1436 ], [ 109.2766, -7.1382 ], [ 109.2789, -7.1321 ], [ 109.2777, -7.1254 ], [ 109.2816, -7.1214 ], [ 109.2826, -7.1138 ], [ 109.2871, -7.1107 ], [ 109.2897, -7.1049 ], [ 109.2958, -7.1043 ], [ 109.3098, -7.1097 ], [ 109.3121, -7.1078 ], [ 109.3223, -7.1081 ], [ 109.3255, -7.1056 ], [ 109.3272, -7.1075 ], [ 109.3347, -7.1067 ], [ 109.3396, -7.1075 ], [ 109.3463, -7.1129 ], [ 109.3594, -7.107 ], [ 109.3673, -7.1214 ], [ 109.3688, -7.1315 ], [ 109.3812, -7.1369 ], [ 109.3922, -7.1469 ], [ 109.3891, -7.1598 ], [ 109.4057, -7.1609 ], [ 109.4128, -7.1662 ], [ 109.4126, -7.1717 ], [ 109.4051, -7.1863 ], [ 109.4085, -7.2 ], [ 109.3911, -7.1979 ], [ 109.3901, -7.1929 ], [ 109.3816, -7.1903 ], [ 109.3733, -7.1963 ], [ 109.3552, -7.201 ], [ 109.3338, -7.2115 ] ] ] } },
{ "type": "Feature", "properties": { "district_id": "IDN.10.23.4_1", "name": "Bodeh", "kabupaten": "Pemalang", "provinsi": "Jawa Tengah" }, "geometry": { "type": "Polygon", "coordinates": [ [ [ 109.4484, -7.0939 ], [ 109.4492, -7.0783 ], [ 109.4424, -7.0649 ], [ 109.4434, -7.0604 ], [ 109.4402, -7.0541 ], [ 109.4436, -7.0313 ], [ 109.4395, -7.0207 ], [ 109.4497, -7.0167 ], [ 109.4539, -7.0054 ], [ 109.4507, -6.9954 ], [ 109.4575, -6.9939 ], [ 109.4592, -6.9867 ], [ 109.4673, -6.9945 ], [ 109.4636, -6.9821 ], [ 109.4657, -6.9808 ], [ 109.4695, -6.9866 ], [ 109.472, -6.9836 ], [ 109.4717, -6.9675 ], [ 109.4777, -6.9601 ], [ 109.48, -6.9623 ], [ 109.4753, -6.9689 ], [ 109.4807, -6.9691 ], [ 109.4837, -6.9642 ], [ 109.4923, -6.9605 ], [ 109.5031, -6.9514 ], [ 109.5107, -6.9504 ], [ 109.509, -6.9441 ], [ 109.5126, -6.94 ], [ 109.5045, -6.9353 ], [ 109.5111, -6.925 ], [ 109.5176, -6.9218 ], [ 109.5311, -6.9226 ], [ 109.5331, -6.9192 ], [ 109.5363, -6.9187 ], [ 109.539, -6.9225 ], [ 109.536, -6.9247 ], [ 109.5357, -6.9303 ], [ 109.5416, -6.9301 ], [ 109.5347, -6.933 ], [ 109.5343, -6.9385 ], [ 109.5304, -6.9374 ], [ 109.5308, -6.9407 ], [ 109.5211, -6.9432 ], [ 109.5195, -6.9485 ], [ 109.5132, -6.9469 ], [ 109.5079, -6.9572 ], [ 109.4979, -6.9652 ], [ 109.4986, -6.9824 ], [ 109.4956, -6.9841 ], [ 109.4975, -6.9872 ], [ 109.4952, -6.9902 ], [ 109.4988, -7.0 ], [ 109.4974, -7.0101 ], [ 109.4929, -7.0134 ], [ 109.4934, -7.0188 ], [ 109.4834, -7.0296 ], [ 109.4856, -7.0311 ], [ 109.4868, -7.039 ], [ 109.4846, -7.0435 ], [ 109.4909, -7.05 ], [ 109.488, -7.0555 ], [ 109.4961, -7.0678 ], [ 109.4956, -7.082 ], [ 109.4994, -7.0866 ], [ 109.4995, -7.0925 ], [ 109.5042, -7.0988 ], [ 109.5043, -7.1033 ], [ 109.4944, -7.1095 ], [ 109.4955, -7.1145 ], [ 109.4919, -7.1196 ], [ 109.4869, -7.1176 ], [ 109.487, -7.1112 ], [ 109.484, -7.1096 ], [ 109.4753, -7.1085 ], [ 109.4669, -7.1119 ], [ 109.4644, -7.109 ], [ 109.4623, -7.1122 ], [ 109.4583, -7.1121 ], [ 109.4484, -7.0939 ] ] ] } },
{ "type": "Feature", "properties": { "district_id": "IDN.10.23.5_1", "name": "Comal", "kabupaten": "Pemalang", "provinsi": "Jawa Tengah" }, "geometry": { "type": "Polygon", "coordinates": [ [ [ 109.5627, -6.9201 ], [ 109.5586, -6.9251 ], [ 109.5536, -6.9229 ], [ 109.553, -6.9289 ], [ 109.5503, -6.9285 ], [ 109.5498, -6.926 ], [ 109.5459, -6.9299 ], [ 109.5357, -6.9303 ], [ 109.536, -6.9247 ], [ 109.539, -6.9225 ], [ 109.5363, -6.9187 ], [ 109.5334, -6.9197 ], [ 109.5302, -6.9075 ], [ 109.5237, -6.8965 ], [ 109.5215, -6.8843 ], [ 109.5159, -6.8747 ], [ 109.521, -6.8747 ], [ 109.5218, -6.8717 ], [ 109.52, -6.8685 ], [ 109.5177, -6.8683 ], [ 109.516, -6.8719 ], [ 109.5105, -6.8691 ], [ 109.5162, -6.8645 ], [ 109.5127, -6.8621 ], [ 109.5102, -6.866 ], [ 109.5078, -6.8659 ], [ 109.5098, -6.8613 ], [ 109.5081, -6.8594 ], [ 109.5057, -6.86 ], [ 109.5043, -6.8654 ], [ 109.4986, -6.8652 ], [ 109.4973, -6.8685 ], [ 109.4997, -6.857 ], [ 109.4922, -6.8545 ], [ 109.4922, -6.8493 ], [ 109.4979, -6.8492 ], [ 109.5029, -6.8531 ], [ 109.5133, -6.8508 ], [ 109.5167, -6.8457 ], [ 109.5251, -6.8448 ], [ 109.5273, -6.8492 ], [ 109.5339, -6.8493 ], [ 109.5337, -6.8593 ], [ 109.5442, -6.8677 ], [ 109.5439, -6.878 ], [ 109.5481, -6.884 ], [ 109.5469, -6.8886 ], [ 109.5622, -6.8899 ], [ 109.5605, -6.8938 ], [ 109.5513, -6.8918 ], [ 109.5502, -6.8978 ], [ 109.5542, -6.919 ], [ 109.5627, -6.9201 ] ] ] } },
{ "type": "Feature", "properties": { "district_id": "IDN.10.23.6_1", "name": "Moga", "kabupaten": "Pemalang", "provinsi": "Jawa Tengah" }, "geometry": { "type": "Polygon", "coordinates": [ [ [ 109.2354, -7.1502 ], [ 109.2248, -7.1478 ], [ 109.2274, -7.1498 ], [ 109.2214, -7.1521 ], [ 109.2197, -7.1559 ], [ 109.2181, -7.1513 ], [ 109.2144, -7.1489 ], [ 109.1972, -7.1453 ], [ 109.1927, -7.1475 ], [ 109.192, -7.1423 ], [ 109.1856, -7.137 ], [ 109.1953, -7.13 ], [ 109.2146, -7.1293 ], [ 109.2195, -7.1227 ], [ 109.2271, -7.097 ], [ 109.2359, -7.0981 ], [ 109.2487, -7.0951 ], [ 109.259, -7.1058 ], [ 109.2637, -7.106 ], [ 109.2682, -7.1023 ], [ 109.2732, -7.105 ], [ 109.2747, -7.1032 ], [ 109.2846, -7.1033 ], [ 109.2894, -7.1054 ], [ 109.2871, -7.1107 ], [ 109.2826, -7.1138 ], [ 109.2816, -7.1214 ], [ 109.2777, -7.1254 ], [ 109.2789, -7.1321 ], [ 109.2752, -7.1429 ], [ 109.2622, -7.1448 ], [ 109.2553, -7.1484 ], [ 109.2525, -7.1512 ], [ 109.253, -7.1566 ], [ 109.2308, -7.1591 ], [ 109.2354, -7.1502 ] ] ] } },
{ "type": "Feature", "properties": { "district_id": "IDN.10.23.7_1", "name": "Pemalang", "kabupaten": "Pemalang", "provinsi": "Jawa Tengah" }, "geometry": { "type": "Polygon", "coordinates": [ [ [ 109.3528, -6.993 ], [ 109.3516, -7.0015 ], [ 109.3463, -7.007 ], [ 109.3374, -7.0076 ], [ 109.3369, -7.0028 ], [ 109.3253, -6.9963 ], [ 109.3214, -6.9896 ], [ 109.3131, -6.9863 ], [ 109.3194, -6.9766 ], [ 109.3167, -6.9741 ], [ 109.3166, -6.9674 ], [ 109.3213, -6.9702 ], [ 109.3215, -6.9656 ], [ 109.3245, -6.9684 ], [ 109.3255, -6.9656 ], [ 109.3225, -6.9633 ], [ 109.3293, -6.9605 ], [ 109.3313, -6.9637 ], [ 109.3317, -6.9582 ], [ 109.3358, -6.9565 ], [ 109.3327, -6.9547 ], [ 109.331, -6.9571 ], [ 109.3292, -6.9546 ], [ 109.3315, -6.946 ], [ 109.3345, -6.9457 ], [ 109.3313, -6.9397 ], [ 109.3332, -6.9356 ], [ 109.3266, -6.9347 ], [ 109.3305, -6.9296 ], [ 109.3284, -6.927 ], [ 109.3261, -6.9285 ], [ 109.3254, -6.9249 ], [ 109.3336, -6.9171 ], [ 109.3321, -6.9148 ], [ 109.3349, -6.9134 ], [ 109.3365, -6.9046 ], [ 109.3405, -6.9054 ], [ 109.3391, -6.9029 ], [ 109.3424, -6.9001 ], [ 109.3413, -6.8988 ], [ 109.3488, -6.8971 ], [ 109.3456, -6.8951 ], [ 109.3466, -6.8937 ], [ 109.3512, -6.8954 ], [ 109.35, -6.8927 ], [ 109.356, -6.8894 ], [ 109.3539, -6.8869 ], [ 109.3597, -6.8822 ], [ 109.3594, -6.8713 ], [ 109.3543, -6.8722 ], [ 109.357, -6.868 ], [ 109.3512, -6.8683 ], [ 109.3505, -6.8618 ], [ 109.3651, -6.8636 ], [ 109.3785, -6.8617 ], [ 109.4134, -6.8518 ], [ 109.4157, -6.8585 ], [ 109.4062, -6.8604 ], [ 109.405, -6.8626 ], [ 109.4052, -6.8699 ], [ 109.4087, -6.8728 ], [ 109.4088, -6.8769 ], [ 109.4032, -6.8779 ], [ 109.3995, -6.8737 ], [ 109.3948, -6.8734 ], [ 109.396, -6.8874 ], [ 109.3989, -6.8918 ], [ 109.3929, -6.8908 ], [ 109.392, -6.898 ], [ 109.3948, -6.9005 ], [ 109.3909, -6.8993 ], [ 109.3888, -6.9054 ], [ 109.3918, -6.9167 ], [ 109.3904, -6.9223 ], [ 109.3955, -6.9276 ], [ 109.396, -6.9241 ], [ 109.3993, -6.9247 ], [ 109.401, -6.9307 ], [ 109.4045, -6.9302 ], [ 109.4018, -6.9366 ], [ 109.406, -6.9391 ], [ 109.4091, -6.9377 ], [ 109.4076, -6.9459 ], [ 109.3949, -6.9532 ], [ 109.3989, -6.9584 ], [ 109.3942, -6.9599 ], [ 109.3931, -6.9571 ], [ 109.3908, -6.9575 ], [ 109.3941, -6.967 ], [ 109.3973, -6.9657 ], [ 109.4025, -6.9727 ], [ 109.4002, -6.974 ], [ 109.3969, -6.9712 ], [ 109.3905, -6.982 ], [ 109.3846, -6.9794 ], [ 109.3801, -6.9825 ], [ 109.3722, -6.9806 ], [ 109.3661, -6.9899 ], [ 109.3528, -6.993 ] ] ] } },
{ "type": "Feature", "properties": { "district_id": "IDN.10.23.8_1", "name": "Petarukan", "kabupaten": "Pemalang", "provinsi": "Jawa Tengah" }, "geometry": { "type": "Polygon", "coordinates": [ [ [ 109.4826, -6.9358 ], [ 109.4836, -6.939 ], [ 109.4754, -6.9505 ], [ 109.4459, -6.9567 ], [ 109.4481, -6.954 ], [ 109.4457, -6.9528 ], [ 109.4463, -6.9471 ], [ 109.4583, -6.9457 ], [ 109.4607, -6.9398 ], [ 109.4556, -6.93 ], [ 109.4583, -6.9261 ], [ 109.4532, -6.9217 ], [ 109.4542, -6.9143 ], [ 109.4394, -6.9132 ], [ 109.4352, -6.9074 ], [ 109.4361, -6.8926 ], [ 109.4427, -6.8913 ], [ 109.4441, -6.8728 ], [ 109.4406, -6.8718 ], [ 109.4406, -6.8662 ], [ 109.4468, -6.847 ], [ 109.4454, -6.8416 ], [ 109.4395, -6.8407 ], [ 109.4681, -6.8242 ], [ 109.4925, -6.8067 ], [ 109.4973, -6.8174 ], [ 109.4943, -6.8271 ], [ 109.4993, -6.8279 ], [ 109.4991, -6.8312 ], [ 109.4932, -6.8355 ], [ 109.4954, -6.8384 ], [ 109.5032, -6.8342 ], [ 109.4968, -6.8442 ], [ 109.5049, -6.844 ], [ 109.5039, -6.8527 ], [ 109.4931, -6.8489 ], [ 109.4914, -6.8533 ], [ 109.4997, -6.857 ], [ 109.4973, -6.8685 ], [ 109.4986, -6.8652 ], [ 109.5043, -6.8654 ], [ 109.5061, -6.8597 ], [ 109.5098, -6.8613 ], [ 109.5043, -6.8698 ], [ 109.5034, -6.8805 ], [ 109.5056, -6.8817 ], [ 109.4979, -6.8922 ], [ 109.5021, -6.8929 ], [ 109.5014, -6.897 ], [ 109.4977, -6.8969 ], [ 109.4951, -6.9008 ], [ 109.4955, -6.9191 ], [ 109.4826, -6.9358 ] ] ] } },
{ "type": "Feature", "properties": { "district_id": "IDN.10.23.9_1", "name": "Pulosari", "kabupaten": "Pemalang", "provinsi": "Jawa Tengah" }, "geometry": { "type": "Polygon", "coordinates": [ [ [ 109.2641, -7.2229 ], [ 109.2377, -7.2317 ], [ 109.232, -7.2371 ], [ 109.2246, -7.2391 ], [ 109.2256, -7.242 ], [ 109.2227, -7.2472 ], [ 109.2167, -7.2489 ], [ 109.2028, -7.247 ], [ 109.2068, -7.2381 ], [ 109.2135, -7.2349 ], [ 109.2, -7.2242 ], [ 109.2, -7.2162 ], [ 109.1965, -7.2082 ], [ 109.1993, -7.1931 ], [ 109.1966, -7.1828 ], [ 109.1981, -7.1706 ], [ 109.1907, -7.1648 ], [ 109.1885, -7.1566 ], [ 109.1944, -7.1465 ], [ 109.1972, -7.1453 ], [ 109.2144, -7.1489 ], [ 109.2181, -7.1513 ], [ 109.2197, -7.1559 ], [ 109.2214, -7.1521 ], [ 109.2274, -7.1498 ], [ 109.2248, -7.1478 ], [ 109.235, -7.1484 ], [ 109.2308, -7.1591 ], [ 109.253, -7.1566 ], [ 109.2525, -7.1512 ], [ 109.2548, -7.1487 ], [ 109.2622, -7.1448 ], [ 109.2747, -7.1432 ], [ 109.2774, -7.1398 ], [ 109.282, -7.1433 ], [ 109.2889, -7.1573 ], [ 109.2882, -7.1698 ], [ 109.2928, -7.1761 ], [ 109.2937, -7.1822 ], [ 109.2844, -7.192 ], [ 109.2821, -7.203 ], [ 109.2861, -7.2074 ], [ 109.2868, -7.2145 ], [ 109.292, -7.216 ], [ 109.2853, -7.2204 ], [ 109.2779, -7.2198 ], [ 109.2754, -7.2222 ], [ 109.2641, -7.2229 ] ] ] } },
{ "type": "Feature", "properties": { "district_id": "IDN.10.23.10_1", "name": "Randudongkal", "kabupaten": "Pemalang", "provinsi": "Jawa Tengah" }, "geometry": { "type": "Polygon", "coordinates": [ [ [ 109.3484, -7.1125 ], [ 109.3396, -7.1075 ], [ 109.3272, -7.1075 ], [ 109.3257, -7.1056 ], [ 109.3223, -7.1081 ], [ 109.3121, -7.1078 ], [ 109.3098, -7.1097 ], [ 109.2958, -7.1043 ], [ 109.2751, -7.1032 ], [ 109.2732, -7.105 ], [ 109.2682, -7.1023 ], [ 109.2637, -7.106 ], [ 109.2597, -7.1058 ], [ 109.261, -7.0998 ], [ 109.2733, -7.1019 ], [ 109.285, -7.0984 ], [ 109.2922, -7.0883 ], [ 109.2934, -7.0773 ], [ 109.2855, -7.0751 ], [ 109.2861, -7.0621 ], [ 109.2805, -7.0603 ], [ 109.282, -7.0556 ], [ 109.2756, -7.0485 ], [ 109.2774, -7.0407 ], [ 109.2758, -7.0379 ], [ 109.279, -7.033 ], [ 109.2831, -7.0319 ], [ 109.2826, -7.0241 ], [ 109.2878, -7.0215 ], [ 109.2866, -7.0179 ], [ 109.2888, -7.0129 ], [ 109.286, -7.0086 ], [ 109.2883, -7.0035 ], [ 109.2919, -7.0028 ], [ 109.292, -6.9958 ], [ 109.3012, -6.9907 ], [ 109.3017, -6.9878 ], [ 109.3104, -6.9888 ], [ 109.3131, -6.9863 ], [ 109.319, -6.9883 ], [ 109.3281, -6.9986 ], [ 109.3369, -7.0028 ], [ 109.3374, -7.0076 ], [ 109.3463, -7.007 ], [ 109.3414, -7.0142 ], [ 109.3434, -7.0229 ], [ 109.3418, -7.0304 ], [ 109.3345, -7.0432 ], [ 109.3374, -7.0458 ], [ 109.3409, -7.0443 ], [ 109.343, -7.046 ], [ 109.3411, -7.0539 ], [ 109.3475, -7.063 ], [ 109.3487, -7.0788 ], [ 109.3519, -7.0804 ], [ 109.3543, -7.0761 ], [ 109.3663, -7.0747 ], [ 109.3658, -7.0805 ], [ 109.3693, -7.0826 ], [ 109.3638, -7.092 ], [ 109.3692, -7.0924 ], [ 109.3723, -7.0888 ], [ 109.3804, -7.0865 ], [ 109.3844, -7.0949 ], [ 109.3754, -7.0987 ], [ 109.3728, -7.1032 ], [ 109.3615, -7.1054 ], [ 109.3484, -7.1125 ] ] ] } },
{ "type": "Feature", "properties": { "district_id": "IDN.10.23.11_1", "name": "Taman", "kabupaten": "Pemalang", "provinsi": "Jawa Tengah" }, "geometry": { "type": "Polygon", "coordinates": [ [ [ 109.432, -6.9612 ], [ 109.4282, -6.971 ], [ 109.4212, -6.9693 ], [ 109.413, -6.9631 ], [ 109.3926, -6.962 ], [ 109.3908, -6.9575 ], [ 109.3931, -6.9571 ], [ 109.3942, -6.9599 ], [ 109.3989, -6.9584 ], [ 109.3949, -6.9532 ], [ 109.4076, -6.9459 ], [ 109.4091, -6.9379 ], [ 109.406, -6.9391 ], [ 109.4017, -6.9365 ], [ 109.4046, -6.9303 ], [ 109.401, -6.9307 ], [ 109.3993, -6.9247 ], [ 109.3958, -6.9243 ], [ 109.3954, -6.9276 ], [ 109.3904, -6.9223 ], [ 109.3918, -6.9167 ], [ 109.3888, -6.9054 ], [ 109.3909, -6.8993 ], [ 109.3948, -6.9005 ], [ 109.392, -6.898 ], [ 109.3929, -6.8908 ], [ 109.3989, -6.8918 ], [ 109.396, -6.8874 ], [ 109.3948, -6.8734 ], [ 109.3995, -6.8737 ], [ 109.4032, -6.8779 ], [ 109.4088, -6.8769 ], [ 109.4087, -6.8728 ], [ 109.4052, -6.8699 ], [ 109.4049, -6.8629 ], [ 109.4055, -6.8607 ], [ 109.4163, -6.8575 ], [ 109.4121, -6.8506 ], [ 109.4426, -6.8403 ], [ 109.4455, -6.8417 ], [ 109.4468, -6.8466 ], [ 109.4406, -6.8662 ], [ 109.4406, -6.8718 ], [ 109.4441, -6.8728 ], [ 109.4427, -6.8913 ], [ 109.4361, -6.8926 ], [ 109.4351, -6.9069 ], [ 109.4394, -6.9132 ], [ 109.4542, -6.9143 ], [ 109.4532, -6.9217 ], [ 109.4583, -6.9261 ], [ 109.4556, -6.93 ], [ 109.4607, -6.94 ], [ 109.4583, -6.9457 ], [ 109.4463, -6.9471 ], [ 109.4457, -6.9528 ], [ 109.4481, -6.954 ], [ 109.4459, -6.9567 ], [ 109.4308, -6.9547 ], [ 109.432, -6.9612 ] ] ] } },
{ "type": "Feature", "properties": { "district_id": "IDN.10.23.12_1", "name": "Ulujami", "kabupaten": "Pemalang", "provinsi": "Jawa Tengah" }, "geometry": { "type": "Polygon", "coordinates": [ [ [ 109.5767, -6.8787 ], [ 109.5761, -6.8826 ], [ 109.5691, -6.882 ], [ 109.5657, -6.8855 ], [ 109.568, -6.8857 ], [ 109.5668, -6.8894 ], [ 109.569, -6.8911 ], [ 109.5654, -6.8925 ], [ 109.5675, -6.8951 ], [ 109.5628, -6.9 ], [ 109.5649, -6.9072 ], [ 109.561, -6.9127 ], [ 109.5634, -6.9184 ], [ 109.5542, -6.919 ], [ 109.5546, -6.9152 ], [ 109.5524, -6.9146 ], [ 109.551, -6.9097 ], [ 109.551, -6.8928 ], [ 109.5605, -6.8938 ], [ 109.5622, -6.8899 ], [ 109.5469, -6.8886 ], [ 109.5481, -6.884 ], [ 109.5439, -6.878 ], [ 109.5442, -6.8677 ], [ 109.5337, -6.8593 ], [ 109.5339, -6.8493 ], [ 109.5273, -6.8492 ], [ 109.5251, -6.8448 ], [ 109.5167, -6.8457 ], [ 109.5116, -6.8517 ], [ 109.5033, -6.852 ], [ 109.5046, -6.8437 ], [ 109.4968, -6.8442 ], [ 109.5035, -6.836 ], [ 109.5004, -6.8345 ], [ 109.4954, -6.8384 ], [ 109.4932, -6.8355 ], [ 109.4991, -6.8312 ], [ 109.4993, -6.8279 ], [ 109.4943, -6.8271 ], [ 109.4973, -6.8174 ], [ 109.4945, -6.8147 ], [ 109.493, -6.8036 ], [ 109.5032, -6.7925 ], [ 109.5065, -6.7853 ], [ 109.5128, -6.7907 ], [ 109.5161, -6.7887 ], [ 109.5161, -6.7914 ], [ 109.5193, -6.7907 ], [ 109.5185, -6.7819 ], [ 109.522, -6.7749 ], [ 109.5287, -6.782 ], [ 109.5254, -6.7827 ], [ 109.526, -6.7904 ], [ 109.5325, -6.7937 ], [ 109.5298, -6.7865 ], [ 109.5447, -6.8128 ], [ 109.5618, -6.8304 ], [ 109.5728, -6.8365 ], [ 109.5943, -6.8402 ], [ 109.5989, -6.8435 ], [ 109.5957, -6.8468 ], [ 109.592, -6.8452 ], [ 109.5929, -6.8507 ], [ 109.5905, -6.8475 ], [ 109.5889, -6.8501 ], [ 109.584, -6.8501 ], [ 109.5852, -6.8545 ], [ 109.5835, -6.8573 ], [ 109.5867, -6.8562 ], [ 109.5838, -6.8592 ], [ 109.5884, -6.8586 ], [ 109.5862, -6.8613 ], [ 109.5884, -6.8633 ], [ 109.5842, -6.8623 ], [ 109.5862, -6.8647 ], [ 109.5835, -6.8676 ], [ 109.5858, -6.8688 ], [ 109.5796, -6.8745 ], [ 109.5822, -6.8766 ], [ 109.5767, -6.8787 ] ] ] } },
{ "type": "Feature", "properties": { "district_id": "IDN.10.23.13_1", "name": "Warungpring", "kabupaten": "Pemalang", "provinsi": "Jawa Tengah" }, "geometry": { "type": "Polygon", "coordinates": [ [ [ 109.2594, -7.1059 ], [ 109.2546, -7.1029 ], [ 109.2507, -7.0954 ], [ 109.2299, -7.0984 ], [ 109.2266, -7.094 ], [ 109.2286, -7.093 ], [ 109.2274, -7.0915 ], [ 109.2304, -7.0921 ], [ 109.2284, -7.09 ], [ 109.2319, -7.0875 ], [ 109.2307, -7.0847 ], [ 109.2332, -7.0853 ], [ 109.2374, -7.0744 ], [ 109.2414, -7.073 ], [ 109.2451, -7.0749 ], [ 109.2445, -7.0729 ], [ 109.2499, -7.0723 ], [ 109.2498, -7.0685 ], [ 109.2537, -7.0636 ], [ 109.2726, -7.0565 ], [ 109.2765, -7.0486 ], [ 109.2819, -7.0555 ], [ 109.2805, -7.0603 ], [ 109.2861, -7.0621 ], [ 109.2845, -7.0726 ], [ 109.286, -7.0762 ], [ 109.2934, -7.0773 ], [ 109.2922, -7.0883 ], [ 109.285, -7.0984 ], [ 109.2733, -7.1019 ], [ 109.261, -7.0998 ], [ 109.2594, -7.1059 ] ] ] } },
{ "type": "Feature", "properties": { "district_id": "IDN.10.23.14_1", "name": "Watukumpul", "kabupaten": "Pemalang", "provinsi": "Jawa Tengah" }, "geometry": { "type": "Polygon", "coordinates": [ [ [ 109.5226, -7.2192 ], [ 109.5304, -7.2221 ], [ 109.532, -7.2311 ], [ 109.5196, -7.2361 ], [ 109.512, -7.2354 ], [ 109.5067, -7.2396 ], [ 109.4918, -7.2222 ], [ 109.4799, -7.222 ], [ 109.4574, -7.1968 ], [ 109.4575, -7.1906 ], [ 109.4601, -7.1874 ], [ 109.4589, -7.1845 ], [ 109.4619, -7.1801 ], [ 109.4549, -7.1732 ], [ 109.4533, -7.1669 ], [ 109.4433, -7.1612 ], [ 109.438, -7.1638 ], [ 109.4401, -7.1657 ], [ 109.4355, -7.1702 ], [ 109.4382, -7.1751 ], [ 109.4338, -7.1807 ], [ 109.4285, -7.1866 ], [ 109.4245, -7.1861 ], [ 109.4171, -7.1958 ], [ 109.4081, -7.2007 ], [ 109.4051, -7.1863 ], [ 109.4126, -7.1717 ], [ 109.4128, -7.1662 ], [ 109.4057, -7.1609 ], [ 109.3891, -7.1598 ], [ 109.3922, -7.1469 ], [ 109.3812, -7.1369 ], [ 109.3688, -7.1315 ], [ 109.3673, -7.1214 ], [ 109.3594, -7.107 ], [ 109.3728, -7.1032 ], [ 109.3754, -7.0987 ], [ 109.3807, -7.0972 ], [ 109.3828, -7.107 ], [ 109.394, -7.125 ], [ 109.4007, -7.1328 ], [ 109.4077, -7.1332 ], [ 109.417, -7.1321 ], [ 109.4144, -7.1214 ], [ 109.4168, -7.1203 ], [ 109.4172, -7.1156 ], [ 109.4148, -7.1128 ], [ 109.4176, -7.1104 ], [ 109.4341, -7.1075 ], [ 109.4482, -7.0958 ], [ 109.4583, -7.1121 ], [ 109.4623, -7.1122 ], [ 109.4644, -7.109 ], [ 109.4665, -7.1119 ], [ 109.4753, -7.1085 ], [ 109.4866, -7.1106 ], [ 109.4869, -7.1176 ], [ 109.4919, -7.1196 ], [ 109.4927, -7.1278 ], [ 109.4909, -7.1293 ], [ 109.4932, -7.1298 ], [ 109.4934, -7.1344 ], [ 109.4976, -7.1385 ], [ 109.5048, -7.1569 ], [ 109.5056, -7.1685 ], [ 109.5114, -7.1718 ], [ 109.5141, -7.1802 ], [ 109.5175, -7.183 ], [ 109.5167, -7.1855 ], [ 109.5188, -7.1853 ], [ 109.5182, -7.1889 ], [ 109.5205, -7.1886 ], [ 109.5263, -7.199 ], [ 109.5196, -7.2086 ], [ 109.5226, -7.2192 ] ] ] } },
{ "type": "Feature", "properties": { "district_id": "IDN.10.28.1_1", "name": "Ambarawa", "kabupaten": "Semarang", "provinsi": "Jawa Tengah" }, "geometry": { "type": "Polygon", "coordinates": [ [ [ 110.4065, -7.2844 ], [ 110.397, -7.2805 ], [ 110.3895, -7.2823 ], [ 110.3809, -7.2658 ], [ 110.3757, -7.2633 ], [ 110.3664, -7.2643 ], [ 110.3628, -7.261 ], [ 110.3592, -7.2403 ], [ 110.3729, -7.2367 ], [ 110.3854, -7.2422 ], [ 110.3846, -7.2378 ], [ 110.3886, -7.2357 ], [ 110.3875, -7.2339 ], [ 110.3928, -7.2364 ], [ 110.3979, -7.2308 ], [ 110.4035, -7.2364 ], [ 110.4029, -7.2415 ], [ 110.4066, -7.2454 ], [ 110.4084, -7.2415 ], [ 110.4138, -7.2466 ], [ 110.4217, -7.2495 ], [ 110.4267, -7.2543 ], [ 110.43, -7.2686 ], [ 110.4195, -7.2708 ], [ 110.4215, -7.274 ], [ 110.4183, -7.2774 ], [ 110.4235, -7.2819 ], [ 110.4225, -7.285 ], [ 110.4065, -7.2844 ] ] ] } },
{ "type": "Feature", "properties": { "district_id": "IDN.10.28.2_1", "name": "Bancak", "kabupaten": "Semarang", "provinsi": "Jawa Tengah" }, "geometry": { "type": "Polygon", "coordinates": [ [ [ 110.5919, -7.2825 ], [ 110.5901, -7.2863 ], [ 110.5933, -7.2952 ], [ 110.5905, -7.2978 ], [ 110.5803, -7.2943 ], [ 110.5664, -7.2996 ], [ 110.5638, -7.2968 ], [ 110.5653, -7.2931 ], [ 110.562, -7.2774 ], [ 110.5667, -7.2737 ], [ 110.577, -7.276 ], [ 110.5805, -7.2671 ], [ 110.5773, -7.2655 ], [ 110.5777, -7.26 ], [ 110.5702, -7.2529 ], [ 110.571, -7.2498 ], [ 110.5636, -7.25 ], [ 110.5689, -7.2398 ], [ 110.5676, -7.2324 ], [ 110.5749, -7.232 ], [ 110.5769, -7.2296 ], [ 110.5812, -7.2324 ], [ 110.5897, -7.228 ], [ 110.5892, -7.2253 ], [ 110.5935, -7.2241 ], [ 110.6033, -7.2083 ], [ 110.6092, -7.2093 ], [ 110.6116, -7.2056 ], [ 110.6116, -7.2123 ], [ 110.6164, -7.2177 ], [ 110.6273, -7.2183 ], [ 110.624, -7.234 ], [ 110.6283, -7.2474 ], [ 110.6339, -7.2537 ], [ 110.6363, -7.2639 ], [ 110.625, -7.2708 ], [ 110.621, -7.2685 ], [ 110.6221, -7.2769 ], [ 110.6246, -7.2788 ], [ 110.6239, -7.2856 ], [ 110.6165, -7.2862 ], [ 110.6071, -7.2728 ], [ 110.6019, -7.2784 ], [ 110.6015, -7.2824 ], [ 110.5919, -7.2825 ] ] ] } },
{ "type": "Feature", "properties": { "district_id": "IDN.10.28.3_1", "name": "Bandungan", "kabupaten": "Semarang", "provinsi": "Jawa Tengah" }, "geometry": { "type": "Polygon", "coordinates": [ [ [ 110.3611, -7.2491 ], [ 110.3611, -7.2569 ], [ 110.3506, -7.2656 ], [ 110.3426, -7.2559 ], [ 110.3294, -7.2506 ], [ 110.3231, -7.2505 ], [ 110.3242, -7.2442 ], [ 110.3289, -7.2408 ], [ 110.3301, -7.236 ], [ 110.3276, -7.2312 ], [ 110.3335, -7.2222 ], [ 110.3395, -7.2016 ], [ 110.3486, -7.1834 ], [ 110.3535, -7.1864 ], [ 110.3625, -7.1868 ], [ 110.3731, -7.1941 ], [ 110.3985, -7.1981 ], [ 110.4003, -7.2024 ], [ 110.4078, -7.2061 ], [ 110.3996, -7.211 ], [ 110.4003, -7.2208 ], [ 110.4101, -7.2241 ], [ 110.4027, -7.2359 ], [ 110.3979, -7.2308 ], [ 110.3928, -7.2364 ], [ 110.3875, -7.2339 ], [ 110.3886, -7.2357 ], [ 110.3846, -7.2378 ], [ 110.3854, -7.2422 ], [ 110.3729, -7.2367 ], [ 110.3615, -7.2394 ], [ 110.3581, -7.2427 ], [ 110.3611, -7.2491 ] ] ] } },
{ "type": "Feature", "properties": { "district_id": "IDN.10.28.4_1", "name": "Banyubiru", "kabupaten": "Semarang", "provinsi": "Jawa Tengah" }, "geometry": { "type": "Polygon", "coordinates": [ [ [ 110.4464, -7.3314 ], [ 110.4507, -7.3494 ], [ 110.4362, -7.3606 ], [ 110.4332, -7.3582 ], [ 110.4334, -7.3539 ], [ 110.4293, -7.3462 ], [ 110.4272, -7.3512 ], [ 110.4218, -7.3501 ], [ 110.4164, -7.3551 ], [ 110.3993, -7.3602 ], [ 110.3907, -7.353 ], [ 110.3815, -7.3541 ], [ 110.3793, -7.3466 ], [ 110.3768, -7.3453 ], [ 110.3776, -7.3384 ], [ 110.3786, -7.3366 ], [ 110.3804, -7.3377 ], [ 110.3775, -7.3342 ], [ 110.3783, -7.3243 ], [ 110.3896, -7.311 ], [ 110.3879, -7.3011 ], [ 110.3837, -7.3027 ], [ 110.3809, -7.2973 ], [ 110.3812, -7.2918 ], [ 110.3846, -7.2919 ], [ 110.3797, -7.288 ], [ 110.3843, -7.2843 ], [ 110.3837, -7.2803 ], [ 110.4231, -7.2852 ], [ 110.4161, -7.286 ], [ 110.4151, -7.2899 ], [ 110.419, -7.2991 ], [ 110.4232, -7.2989 ], [ 110.4259, -7.3015 ], [ 110.4242, -7.3077 ], [ 110.4315, -7.2984 ], [ 110.4385, -7.2959 ], [ 110.4433, -7.3039 ], [ 110.4425, -7.3146 ], [ 110.4452, -7.316 ], [ 110.4458, -7.3205 ], [ 110.4444, -7.3313 ], [ 110.4464, -7.3314 ] ] ] } },
{ "type": "Feature", "properties": { "district_id": "IDN.10.28.5_1", "name": "Bawen", "kabupaten": "Semarang", "provinsi": "Jawa Tengah" }, "geometry": { "type": "Polygon", "coordinates": [ [ [ 110.4283, -7.2648 ], [ 110.4267, -7.2543 ], [ 110.4217, -7.2495 ], [ 110.4138, -7.2466 ], [ 110.4084, -7.2415 ], [ 110.4075, -7.2461 ], [ 110.4034, -7.2427 ], [ 110.4027, -7.2358 ], [ 110.4101, -7.2241 ], [ 110.4003, -7.2208 ], [ 110.3996, -7.211 ], [ 110.4023, -7.2088 ], [ 110.4063, -7.209 ], [ 110.4101, -7.2049 ], [ 110.4136, -7.2064 ], [ 110.4193, -7.1999 ], [ 110.4223, -7.1996 ], [ 110.4235, -7.2148 ], [ 110.4325, -7.2198 ], [ 110.439, -7.2074 ], [ 110.4468, -7.206 ], [ 110.4553, -7.1999 ], [ 110.4599, -7.2085 ], [ 110.4751, -7.2156 ], [ 110.4857, -7.2144 ], [ 110.4867, -7.2165 ], [ 110.4919, -7.2144 ], [ 110.5004, -7.2177 ], [ 110.4998, -7.2223 ], [ 110.4972, -7.2232 ], [ 110.4995, -7.2272 ], [ 110.4988, -7.2326 ], [ 110.4957, -7.2344 ], [ 110.4945, -7.2394 ], [ 110.4824, -7.244 ], [ 110.4749, -7.2429 ], [ 110.4733, -7.2471 ], [ 110.4667, -7.2525 ], [ 110.4594, -7.2548 ], [ 110.4475, -7.268 ], [ 110.4428, -7.2699 ], [ 110.4311, -7.2676 ], [ 110.4283, -7.2648 ] ] ] } },
{ "type": "Feature", "properties": { "district_id": "IDN.10.28.6_1", "name": "Bergas", "kabupaten": "Semarang", "provinsi": "Jawa Tengah" }, "geometry": { "type": "Polygon", "coordinates": [ [ [ 110.4313, -7.2196 ], [ 110.4235, -7.2148 ], [ 110.4223, -7.1996 ], [ 110.4193, -7.1999 ], [ 110.4145, -7.2059 ], [ 110.4101, -7.2049 ], [ 110.4052, -7.2093 ], [ 110.4078, -7.2061 ], [ 110.4003, -7.2024 ], [ 110.3985, -7.1981 ], [ 110.3731, -7.1941 ], [ 110.3625, -7.1868 ], [ 110.3535, -7.1864 ], [ 110.3486, -7.1834 ], [ 110.3405, -7.2002 ], [ 110.3426, -7.1879 ], [ 110.3382, -7.1843 ], [ 110.3312, -7.1843 ], [ 110.333, -7.1829 ], [ 110.318, -7.1796 ], [ 110.3241, -7.1782 ], [ 110.3246, -7.1737 ], [ 110.3299, -7.1704 ], [ 110.3315, -7.1727 ], [ 110.3388, -7.1733 ], [ 110.344, -7.1658 ], [ 110.3414, -7.1605 ], [ 110.3315, -7.1577 ], [ 110.3282, -7.1523 ], [ 110.334, -7.1537 ], [ 110.3388, -7.1495 ], [ 110.3394, -7.1452 ], [ 110.3421, -7.1489 ], [ 110.3458, -7.1452 ], [ 110.3485, -7.1479 ], [ 110.3483, -7.1535 ], [ 110.3512, -7.1551 ], [ 110.3503, -7.1578 ], [ 110.3528, -7.1582 ], [ 110.3718, -7.1482 ], [ 110.3714, -7.1523 ], [ 110.3779, -7.1499 ], [ 110.3773, -7.1522 ], [ 110.3792, -7.1514 ], [ 110.3839, -7.1573 ], [ 110.3866, -7.1565 ], [ 110.3906, -7.1634 ], [ 110.3985, -7.1632 ], [ 110.3984, -7.1668 ], [ 110.3952, -7.1669 ], [ 110.4005, -7.1684 ], [ 110.4041, -7.1662 ], [ 110.4056, -7.1729 ], [ 110.4129, -7.1691 ], [ 110.4157, -7.1713 ], [ 110.4198, -7.1686 ], [ 110.4209, -7.1708 ], [ 110.4265, -7.167 ], [ 110.4382, -7.166 ], [ 110.4444, -7.1628 ], [ 110.4461, -7.1593 ], [ 110.4535, -7.1633 ], [ 110.4559, -7.1611 ], [ 110.4583, -7.1624 ], [ 110.4621, -7.1555 ], [ 110.457, -7.1551 ], [ 110.4536, -7.148 ], [ 110.4584, -7.1464 ], [ 110.4613, -7.1421 ], [ 110.459, -7.1376 ], [ 110.4619, -7.135 ], [ 110.4626, -7.1284 ], [ 110.4795, -7.1323 ], [ 110.4824, -7.1355 ], [ 110.4787, -7.1404 ], [ 110.4832, -7.1464 ], [ 110.4848, -7.1558 ], [ 110.4817, -7.1678 ], [ 110.4804, -7.1696 ], [ 110.468, -7.1639 ], [ 110.4565, -7.1733 ], [ 110.4568, -7.1758 ], [ 110.4534, -7.1786 ], [ 110.4508, -7.1778 ], [ 110.4475, -7.1816 ], [ 110.4408, -7.1827 ], [ 110.4432, -7.1866 ], [ 110.4428, -7.1947 ], [ 110.4375, -7.195 ], [ 110.4391, -7.1969 ], [ 110.4361, -7.2003 ], [ 110.4411, -7.2057 ], [ 110.4313, -7.2196 ] ] ] } },
{ "type": "Feature", "properties": { "district_id": "IDN.10.28.7_1", "name": "Bringin", "kabupaten": "Semarang", "provinsi": "Jawa Tengah" }, "geometry": { "type": "Polygon", "coordinates": [ [ [ 110.5676, -7.2324 ], [ 110.5689, -7.2398 ], [ 110.5636, -7.25 ], [ 110.571, -7.2498 ], [ 110.5702, -7.2529 ], [ 110.5777, -7.26 ], [ 110.5773, -7.2655 ], [ 110.5805, -7.2671 ], [ 110.577, -7.276 ], [ 110.5667, -7.2737 ], [ 110.5608, -7.2757 ], [ 110.5555, -7.2836 ], [ 110.5526, -7.2764 ], [ 110.5456, -7.2749 ], [ 110.5437, -7.2695 ], [ 110.5364, -7.2708 ], [ 110.5403, -7.2673 ], [ 110.5392, -7.2622 ], [ 110.5422, -7.2569 ], [ 110.5342, -7.2587 ], [ 110.5309, -7.265 ], [ 110.5287, -7.2628 ], [ 110.5217, -7.2661 ], [ 110.5177, -7.2643 ], [ 110.5152, -7.2702 ], [ 110.5169, -7.2607 ], [ 110.5074, -7.2568 ], [ 110.5052, -7.2495 ], [ 110.514, -7.2329 ], [ 110.5104, -7.2118 ], [ 110.5058, -7.2088 ], [ 110.5071, -7.2053 ], [ 110.5274, -7.2057 ], [ 110.5282, -7.2015 ], [ 110.5239, -7.1976 ], [ 110.524, -7.1946 ], [ 110.5368, -7.1905 ], [ 110.5354, -7.1879 ], [ 110.5384, -7.1873 ], [ 110.5369, -7.1825 ], [ 110.5407, -7.1834 ], [ 110.5431, -7.1814 ], [ 110.5452, -7.1829 ], [ 110.5439, -7.1854 ], [ 110.546, -7.1851 ], [ 110.544, -7.1886 ], [ 110.5463, -7.1951 ], [ 110.5539, -7.1938 ], [ 110.5543, -7.1902 ], [ 110.5566, -7.1905 ], [ 110.5542, -7.1891 ], [ 110.5561, -7.1872 ], [ 110.5597, -7.1927 ], [ 110.5623, -7.188 ], [ 110.5687, -7.1944 ], [ 110.5704, -7.189 ], [ 110.5766, -7.1952 ], [ 110.5763, -7.1989 ], [ 110.5789, -7.1969 ], [ 110.583, -7.2027 ], [ 110.589, -7.2008 ], [ 110.5897, -7.1975 ], [ 110.6013, -7.1998 ], [ 110.6017, -7.1948 ], [ 110.6064, -7.1949 ], [ 110.6127, -7.1988 ], [ 110.6135, -7.2025 ], [ 110.6092, -7.2093 ], [ 110.6033, -7.2083 ], [ 110.5935, -7.2241 ], [ 110.5892, -7.2253 ], [ 110.5897, -7.228 ], [ 110.5812, -7.2324 ], [ 110.5769, -7.2296 ], [ 110.5749, -7.232 ], [ 110.5676, -7.2324 ] ], [ [ 110.5197, -7.2612 ], [ 110.5191, -7.2605 ], [ 110.5191, -7.2619 ], [ 110.5197, -7.2612 ] ], [ [ 110.5922, -7.2031 ], [ 110.5927, -7.2017 ], [ 110.5918, -7.2004 ], [ 110.5922, -7.2031 ] ] ] } },
{ "type": "Feature", "properties": { "district_id": "IDN.10.28.8_1", "name": "Getasan", "kabupaten": "Semarang", "provinsi": "Jawa Tengah" }, "geometry": { "type": "Polygon", "coordinates": [ [ [ 110.462, -7.4107 ], [ 110.4584, -7.4147 ], [ 110.4565, -7.4226 ], [ 110.4474, -7.4334 ], [ 110.4427, -7.4496 ], [ 110.4382, -7.4532 ], [ 110.4143, -7.4166 ], [ 110.4132, -7.4079 ], [ 110.4053, -7.3896 ], [ 110.4066, -7.377 ], [ 110.4042, -7.375 ], [ 110.4036, -7.3655 ], [ 110.3993, -7.3602 ], [ 110.4164, -7.3551 ], [ 110.4218, -7.3501 ], [ 110.4272, -7.3512 ], [ 110.4293, -7.3462 ], [ 110.4348, -7.3606 ], [ 110.4405, -7.3591 ], [ 110.4452, -7.3518 ], [ 110.4508, -7.3492 ], [ 110.45, -7.3398 ], [ 110.4607, -7.3423 ], [ 110.4607, -7.3382 ], [ 110.4683, -7.339 ], [ 110.4717, -7.3332 ], [ 110.4696, -7.3386 ], [ 110.4714, -7.3455 ], [ 110.4761, -7.3496 ], [ 110.4744, -7.3561 ], [ 110.4784, -7.3706 ], [ 110.4772, -7.3745 ], [ 110.4814, -7.3796 ], [ 110.4882, -7.3768 ], [ 110.4921, -7.3888 ], [ 110.4841, -7.395 ], [ 110.4816, -7.4033 ], [ 110.462, -7.4107 ] ] ] } },
{ "type": "Feature", "properties": { "district_id": "IDN.10.28.9_1", "name": "Jambu", "kabupaten": "Semarang", "provinsi": "Jawa Tengah" }, "geometry": { "type": "Polygon", "coordinates": [ [ [ 110.3432, -7.3259 ], [ 110.328, -7.3203 ], [ 110.33, -7.3119 ], [ 110.3255, -7.309 ], [ 110.3181, -7.3123 ], [ 110.314, -7.3098 ], [ 110.3175, -7.3048 ], [ 110.3277, -7.3025 ], [ 110.3271, -7.296 ], [ 110.3214, -7.2871 ], [ 110.3104, -7.2808 ], [ 110.3092, -7.2756 ], [ 110.3017, -7.2724 ], [ 110.3105, -7.2737 ], [ 110.3151, -7.2642 ], [ 110.3139, -7.2593 ], [ 110.311, -7.2587 ], [ 110.3222, -7.2596 ], [ 110.3231, -7.2505 ], [ 110.3294, -7.2506 ], [ 110.3426, -7.2559 ], [ 110.3506, -7.2656 ], [ 110.3611, -7.2569 ], [ 110.3664, -7.2643 ], [ 110.3757, -7.2633 ], [ 110.3809, -7.2658 ], [ 110.3864, -7.2768 ], [ 110.3863, -7.2813 ], [ 110.3837, -7.2803 ], [ 110.3843, -7.2843 ], [ 110.3799, -7.2868 ], [ 110.3798, -7.2891 ], [ 110.3848, -7.2904 ], [ 110.3812, -7.2918 ], [ 110.3809, -7.2973 ], [ 110.3837, -7.3027 ], [ 110.3879, -7.3011 ], [ 110.3896, -7.311 ], [ 110.3786, -7.3229 ], [ 110.3775, -7.3342 ], [ 110.3626, -7.3311 ], [ 110.3539, -7.3259 ], [ 110.3432, -7.3259 ] ] ] } },
{ "type": "Feature", "properties": { "district_id": "IDN.10.28.10_1", "name": "Kaliwungu", "kabupaten": "Semarang", "provinsi": "Jawa Tengah" }, "geometry": { "type": "Polygon", "coordinates": [ [ [ 110.6334, -7.4902 ], [ 110.6218, -7.4915 ], [ 110.6184, -7.4882 ], [ 110.615, -7.4896 ], [ 110.606, -7.4878 ], [ 110.6021, -7.4904 ], [ 110.6018, -7.483 ], [ 110.5961, -7.4829 ], [ 110.5961, -7.4806 ], [ 110.5989, -7.4802 ], [ 110.5788, -7.4655 ], [ 110.5778, -7.4619 ], [ 110.5891, -7.4648 ], [ 110.5892, -7.461 ], [ 110.5864, -7.4601 ], [ 110.5875, -7.4564 ], [ 110.5838, -7.452 ], [ 110.5849, -7.4506 ], [ 110.5785, -7.4495 ], [ 110.5817, -7.4468 ], [ 110.5854, -7.4472 ], [ 110.5844, -7.4488 ], [ 110.5938, -7.4506 ], [ 110.5975, -7.4541 ], [ 110.5998, -7.4478 ], [ 110.5914, -7.4447 ], [ 110.5938, -7.4419 ], [ 110.6037, -7.4412 ], [ 110.6061, -7.4468 ], [ 110.6112, -7.4459 ], [ 110.614, -7.4494 ], [ 110.6219, -7.4499 ], [ 110.6213, -7.4543 ], [ 110.6234, -7.4553 ], [ 110.631, -7.4514 ], [ 110.6377, -7.4521 ], [ 110.6444, -7.4464 ], [ 110.6485, -7.4477 ], [ 110.6452, -7.4518 ], [ 110.6322, -7.4577 ], [ 110.6292, -7.4644 ], [ 110.6392, -7.4724 ], [ 110.6407, -7.47 ], [ 110.6501, -7.4706 ], [ 110.6615, -7.4747 ], [ 110.6542, -7.4845 ], [ 110.6582, -7.4878 ], [ 110.6604, -7.4964 ], [ 110.6474, -7.4912 ], [ 110.6392, -7.4953 ], [ 110.6334, -7.4902 ] ] ] } },
{ "type": "Feature", "properties": { "district_id": "IDN.10.28.11_1", "name": "Pabelan", "kabupaten": "Semarang", "provinsi": "Jawa Tengah" }, "geometry": { "type": "MultiPolygon", "coordinates": [ [ [ [ 110.5284, -7.3437 ], [ 110.5309, -7.3405 ], [ 110.5302, -7.3373 ], [ 110.528, -7.3376 ], [ 110.5235, -7.3302 ], [ 110.5245, -7.3262 ], [ 110.5167, -7.3202 ], [ 110.5169, -7.3091 ], [ 110.5208, -7.302 ], [ 110.5185, -7.2966 ], [ 110.5193, -7.2903 ], [ 110.5179, -7.2893 ], [ 110.518, -7.2925 ], [ 110.515, -7.2951 ], [ 110.5132, -7.2942 ], [ 110.5106, -7.3019 ], [ 110.5003, -7.3002 ], [ 110.4935, -7.291 ], [ 110.4962, -7.2833 ], [ 110.5033, -7.28 ], [ 110.509, -7.2789 ], [ 110.5126, -7.2834 ], [ 110.515, -7.2808 ], [ 110.5188, -7.2845 ], [ 110.5163, -7.2677 ], [ 110.5177, -7.2643 ], [ 110.5217, -7.2661 ], [ 110.5287, -7.2628 ], [ 110.5309, -7.265 ], [ 110.5342, -7.2587 ], [ 110.5422, -7.2569 ], [ 110.5392, -7.2622 ], [ 110.5403, -7.2673 ], [ 110.5364, -7.2708 ], [ 110.5437, -7.2695 ], [ 110.5456, -7.2749 ], [ 110.5526, -7.2764 ], [ 110.5555, -7.2836 ], [ 110.5588, -7.2766 ], [ 110.5637, -7.2749 ], [ 110.5617, -7.2792 ], [ 110.564, -7.2819 ], [ 110.5638, -7.2968 ], [ 110.5658, -7.2992 ], [ 110.5785, -7.2944 ], [ 110.5843, -7.2971 ], [ 110.5875, -7.2962 ], [ 110.5834, -7.3019 ], [ 110.5857, -7.3073 ], [ 110.583, -7.3106 ], [ 110.5831, -7.3169 ], [ 110.5856, -7.3217 ], [ 110.5804, -7.3236 ], [ 110.5798, -7.3297 ], [ 110.5742, -7.3272 ], [ 110.5659, -7.3296 ], [ 110.5622, -7.3442 ], [ 110.557, -7.3461 ], [ 110.555, -7.3418 ], [ 110.5454, -7.346 ], [ 110.5394, -7.3455 ], [ 110.5388, -7.3422 ], [ 110.5367, -7.346 ], [ 110.5284, -7.3437 ] ] ], [ [ [ 110.5191, -7.2619 ], [ 110.5191, -7.2605 ], [ 110.5198, -7.2607 ], [ 110.5191, -7.2619 ] ] ] ] } },
{ "type": "Feature", "properties": { "district_id": "IDN.10.28.12_1", "name": "Pringapus", "kabupaten": "Semarang", "provinsi": "Jawa Tengah" }, "geometry": { "type": "MultiPolygon", "coordinates": [ [ [ [ 110.4918, -7.2145 ], [ 110.4867, -7.2165 ], [ 110.4857, -7.2144 ], [ 110.4811, -7.2141 ], [ 110.4806, -7.216 ], [ 110.4792, -7.2139 ], [ 110.476, -7.2159 ], [ 110.4599, -7.2085 ], [ 110.4553, -7.1999 ], [ 110.4468, -7.206 ], [ 110.4407, -7.2057 ], [ 110.4361, -7.2003 ], [ 110.4391, -7.1969 ], [ 110.4375, -7.195 ], [ 110.4428, -7.1947 ], [ 110.4432, -7.1866 ], [ 110.4408, -7.1827 ], [ 110.4475, -7.1816 ], [ 110.4508, -7.1778 ], [ 110.4534, -7.1786 ], [ 110.4648, -7.1655 ], [ 110.469, -7.1639 ], [ 110.481, -7.1688 ], [ 110.4848, -7.1558 ], [ 110.4832, -7.1464 ], [ 110.48, -7.1446 ], [ 110.4786, -7.1397 ], [ 110.4824, -7.1343 ], [ 110.4866, -7.1355 ], [ 110.4911, -7.1323 ], [ 110.496, -7.1322 ], [ 110.494, -7.1305 ], [ 110.4948, -7.1256 ], [ 110.4996, -7.1161 ], [ 110.5054, -7.1231 ], [ 110.5134, -7.1235 ], [ 110.5136, -7.1284 ], [ 110.5207, -7.1332 ], [ 110.5272, -7.1292 ], [ 110.5316, -7.1319 ], [ 110.5353, -7.1283 ], [ 110.5364, -7.13 ], [ 110.5384, -7.1277 ], [ 110.5424, -7.1284 ], [ 110.5474, -7.1322 ], [ 110.5463, -7.135 ], [ 110.5489, -7.1381 ], [ 110.5611, -7.1417 ], [ 110.5574, -7.1467 ], [ 110.5582, -7.1517 ], [ 110.5539, -7.1601 ], [ 110.5537, -7.1684 ], [ 110.5473, -7.1683 ], [ 110.542, -7.1772 ], [ 110.5417, -7.1827 ], [ 110.5368, -7.1827 ], [ 110.5384, -7.1873 ], [ 110.5354, -7.1879 ], [ 110.5368, -7.1905 ], [ 110.524, -7.1946 ], [ 110.5239, -7.1976 ], [ 110.5282, -7.2015 ], [ 110.5275, -7.2055 ], [ 110.5179, -7.2068 ], [ 110.5077, -7.2048 ], [ 110.5066, -7.2114 ], [ 110.5014, -7.2173 ], [ 110.4918, -7.2145 ] ] ], [ [ [ 110.4999, -7.1119 ], [ 110.4998, -7.1149 ], [ 110.4995, -7.1159 ], [ 110.4991, -7.1145 ], [ 110.4999, -7.1119 ] ] ], [ [ [ 110.5025, -7.111 ], [ 110.5024, -7.1126 ], [ 110.5016, -7.1133 ], [ 110.5025, -7.111 ] ] ], [ [ [ 110.4991, -7.1101 ], [ 110.5, -7.11 ], [ 110.5025, -7.111 ], [ 110.4991, -7.1101 ] ] ] ] } },
{ "type": "Feature", "properties": { "district_id": "IDN.10.28.13_1", "name": "Sumowono", "kabupaten": "Semarang", "provinsi": "Jawa Tengah" }, "geometry": { "type": "Polygon", "coordinates": [ [ [ 110.3139, -7.26 ], [ 110.3151, -7.2642 ], [ 110.3105, -7.2737 ], [ 110.303, -7.2729 ], [ 110.2923, -7.2653 ], [ 110.2831, -7.2537 ], [ 110.2711, -7.252 ], [ 110.2705, -7.246 ], [ 110.2737, -7.2358 ], [ 110.2667, -7.2323 ], [ 110.264, -7.2245 ], [ 110.2666, -7.2177 ], [ 110.2577, -7.2172 ], [ 110.2584, -7.2141 ], [ 110.2546, -7.2117 ], [ 110.2517, -7.1974 ], [ 110.26, -7.1993 ], [ 110.2697, -7.1965 ], [ 110.2725, -7.1999 ], [ 110.276, -7.1997 ], [ 110.2755, -7.1959 ], [ 110.2856, -7.1935 ], [ 110.2843, -7.1875 ], [ 110.2969, -7.1952 ], [ 110.3201, -7.1949 ], [ 110.3222, -7.1968 ], [ 110.3325, -7.1933 ], [ 110.3407, -7.194 ], [ 110.3385, -7.2091 ], [ 110.3276, -7.2312 ], [ 110.3301, -7.236 ], [ 110.3289, -7.2408 ], [ 110.3242, -7.2442 ], [ 110.3222, -7.2596 ], [ 110.311, -7.2587 ], [ 110.3139, -7.26 ] ] ] } },
{ "type": "Feature", "properties": { "district_id": "IDN.10.28.14_1", "name": "Suruh", "kabupaten": "Semarang", "provinsi": "Jawa Tengah" }, "geometry": { "type": "MultiPolygon", "coordinates": [ [ [ [ 110.6085, -7.3706 ], [ 110.6043, -7.3723 ], [ 110.6068, -7.372 ], [ 110.6055, -7.3789 ], [ 110.6001, -7.3824 ], [ 110.5985, -7.3877 ], [ 110.5804, -7.3947 ], [ 110.5778, -7.3929 ], [ 110.5711, -7.3943 ], [ 110.5604, -7.3855 ], [ 110.5566, -7.3893 ], [ 110.549, -7.3917 ], [ 110.5342, -7.3906 ], [ 110.5392, -7.3773 ], [ 110.5454, -7.3729 ], [ 110.5493, -7.3745 ], [ 110.5509, -7.3692 ], [ 110.5434, -7.3643 ], [ 110.5512, -7.3578 ], [ 110.5574, -7.3456 ], [ 110.5637, -7.3431 ], [ 110.5655, -7.3301 ], [ 110.5742, -7.3272 ], [ 110.5798, -7.3297 ], [ 110.5804, -7.3236 ], [ 110.5856, -7.3217 ], [ 110.5831, -7.3169 ], [ 110.583, -7.3106 ], [ 110.5857, -7.3073 ], [ 110.5834, -7.3019 ], [ 110.5875, -7.2962 ], [ 110.5905, -7.2978 ], [ 110.5931, -7.2957 ], [ 110.5901, -7.2863 ], [ 110.5914, -7.2827 ], [ 110.6015, -7.2824 ], [ 110.6016, -7.279 ], [ 110.607, -7.2728 ], [ 110.613, -7.2803 ], [ 110.6127, -7.2831 ], [ 110.6217, -7.2893 ], [ 110.6009, -7.2919 ], [ 110.6036, -7.3 ], [ 110.5993, -7.3071 ], [ 110.5993, -7.3155 ], [ 110.6031, -7.3226 ], [ 110.6101, -7.3246 ], [ 110.6079, -7.331 ], [ 110.6172, -7.3336 ], [ 110.6303, -7.3273 ], [ 110.6358, -7.3282 ], [ 110.6408, -7.3258 ], [ 110.6466, -7.3326 ], [ 110.64, -7.3389 ], [ 110.6402, -7.3507 ], [ 110.6361, -7.3524 ], [ 110.636, -7.3615 ], [ 110.6291, -7.3687 ], [ 110.6214, -7.3715 ], [ 110.618, -7.3757 ], [ 110.6161, -7.3743 ], [ 110.6131, -7.3762 ], [ 110.6101, -7.3751 ], [ 110.6085, -7.3706 ] ] ], [ [ [ 110.6316, -7.3723 ], [ 110.6305, -7.3714 ], [ 110.6304, -7.3711 ], [ 110.6316, -7.3723 ] ] ] ] } },
{ "type": "Feature", "properties": { "district_id": "IDN.10.28.15_1", "name": "Susukan", "kabupaten": "Semarang", "provinsi": "Jawa Tengah" }, "geometry": { "type": "MultiPolygon", "coordinates": [ [ [ [ 110.5819, -7.4454 ], [ 110.5828, -7.4468 ], [ 110.586, -7.4462 ], [ 110.5807, -7.4478 ], [ 110.5819, -7.4454 ] ] ], [ [ [ 110.5714, -7.4451 ], [ 110.5697, -7.4438 ], [ 110.565, -7.4426 ], [ 110.5723, -7.4423 ], [ 110.5714, -7.4451 ] ] ], [ [ [ 110.5729, -7.4306 ], [ 110.5732, -7.4382 ], [ 110.5675, -7.4403 ], [ 110.5684, -7.4301 ], [ 110.5741, -7.4259 ], [ 110.5758, -7.4317 ], [ 110.5729, -7.4306 ] ] ], [ [ [ 110.5709, -7.3938 ], [ 110.5791, -7.393 ], [ 110.5804, -7.3947 ], [ 110.5982, -7.3879 ], [ 110.6001, -7.3824 ], [ 110.6055, -7.3789 ], [ 110.6068, -7.372 ], [ 110.6043, -7.3723 ], [ 110.6059, -7.3705 ], [ 110.609, -7.3705 ], [ 110.6101, -7.3751 ], [ 110.618, -7.3757 ], [ 110.6214, -7.3715 ], [ 110.6301, -7.3674 ], [ 110.629, -7.3696 ], [ 110.632, -7.3728 ], [ 110.6248, -7.3823 ], [ 110.6347, -7.3896 ], [ 110.6346, -7.4005 ], [ 110.6381, -7.403 ], [ 110.6382, -7.4063 ], [ 110.6357, -7.4064 ], [ 110.6364, -7.4163 ], [ 110.6318, -7.4185 ], [ 110.6348, -7.4225 ], [ 110.6357, -7.43 ], [ 110.6323, -7.4336 ], [ 110.6314, -7.4391 ], [ 110.6259, -7.4414 ], [ 110.6231, -7.4458 ], [ 110.6189, -7.4457 ], [ 110.6219, -7.4499 ], [ 110.614, -7.4494 ], [ 110.6112, -7.4459 ], [ 110.6061, -7.4468 ], [ 110.6037, -7.4412 ], [ 110.5938, -7.4419 ], [ 110.5891, -7.4459 ], [ 110.5894, -7.4424 ], [ 110.586, -7.4419 ], [ 110.5812, -7.427 ], [ 110.5851, -7.4247 ], [ 110.5872, -7.4129 ], [ 110.5831, -7.4119 ], [ 110.5687, -7.417 ], [ 110.5578, -7.4163 ], [ 110.5588, -7.4079 ], [ 110.5466, -7.4049 ], [ 110.5436, -7.3912 ], [ 110.556, -7.3896 ], [ 110.5604, -7.3855 ], [ 110.5709, -7.3938 ] ] ] ] } },
{ "type": "Feature", "properties": { "district_id": "IDN.10.28.16_1", "name": "Tengaran", "kabupaten": "Semarang", "provinsi": "Jawa Tengah" }, "geometry": { "type": "Polygon", "coordinates": [ [ [ 110.5588, -7.4314 ], [ 110.5605, -7.4512 ], [ 110.5524, -7.4501 ], [ 110.551, -7.4446 ], [ 110.554, -7.4446 ], [ 110.5543, -7.4422 ], [ 110.5475, -7.4389 ], [ 110.5478, -7.4347 ], [ 110.5445, -7.4331 ], [ 110.5377, -7.4348 ], [ 110.5308, -7.4333 ], [ 110.5175, -7.4387 ], [ 110.5124, -7.4215 ], [ 110.5173, -7.4164 ], [ 110.5081, -7.412 ], [ 110.5113, -7.4095 ], [ 110.5097, -7.4074 ], [ 110.5042, -7.4115 ], [ 110.4975, -7.4107 ], [ 110.4836, -7.4074 ], [ 110.4835, -7.4024 ], [ 110.4808, -7.4025 ], [ 110.4841, -7.395 ], [ 110.4915, -7.3887 ], [ 110.5152, -7.3853 ], [ 110.5123, -7.3837 ], [ 110.5121, -7.3793 ], [ 110.5161, -7.3791 ], [ 110.5156, -7.3625 ], [ 110.5273, -7.3641 ], [ 110.5282, -7.3617 ], [ 110.5334, -7.3603 ], [ 110.5343, -7.3541 ], [ 110.5317, -7.3544 ], [ 110.5339, -7.3519 ], [ 110.5294, -7.3438 ], [ 110.5367, -7.346 ], [ 110.5388, -7.3422 ], [ 110.5394, -7.3455 ], [ 110.5454, -7.346 ], [ 110.555, -7.3418 ], [ 110.557, -7.3459 ], [ 110.5512, -7.3578 ], [ 110.5434, -7.3643 ], [ 110.5509, -7.3692 ], [ 110.5493, -7.3745 ], [ 110.5454, -7.3729 ], [ 110.5392, -7.3773 ], [ 110.5343, -7.391 ], [ 110.5435, -7.3909 ], [ 110.5466, -7.4049 ], [ 110.5588, -7.4079 ], [ 110.5578, -7.4163 ], [ 110.5687, -7.417 ], [ 110.5831, -7.4119 ], [ 110.5873, -7.4132 ], [ 110.5831, -7.4264 ], [ 110.5732, -7.4225 ], [ 110.573, -7.4283 ], [ 110.5692, -7.4298 ], [ 110.5698, -7.4252 ], [ 110.5672, -7.4249 ], [ 110.5623, -7.4308 ], [ 110.5588, -7.4314 ] ] ] } },
{ "type": "Feature", "properties": { "district_id": "IDN.10.28.17_1", "name": "Tuntang", "kabupaten": "Semarang", "provinsi": "Jawa Tengah" }, "geometry": { "type": "Polygon", "coordinates": [ [ [ 110.4496, -7.3392 ], [ 110.4464, -7.3314 ], [ 110.4444, -7.3313 ], [ 110.4458, -7.3205 ], [ 110.4452, -7.316 ], [ 110.4425, -7.3146 ], [ 110.4439, -7.3047 ], [ 110.4493, -7.3046 ], [ 110.4484, -7.2917 ], [ 110.4514, -7.2874 ], [ 110.4446, -7.2785 ], [ 110.4418, -7.2699 ], [ 110.4475, -7.268 ], [ 110.4594, -7.2548 ], [ 110.4671, -7.2522 ], [ 110.4749, -7.2429 ], [ 110.4824, -7.244 ], [ 110.4949, -7.2392 ], [ 110.4995, -7.2281 ], [ 110.4972, -7.2229 ], [ 110.4998, -7.2223 ], [ 110.5002, -7.218 ], [ 110.5065, -7.2104 ], [ 110.5091, -7.2111 ], [ 110.514, -7.2329 ], [ 110.5052, -7.2495 ], [ 110.5074, -7.2568 ], [ 110.5169, -7.2607 ], [ 110.5152, -7.2702 ], [ 110.5169, -7.2684 ], [ 110.5188, -7.2845 ], [ 110.515, -7.2808 ], [ 110.5126, -7.2834 ], [ 110.509, -7.2789 ], [ 110.5033, -7.28 ], [ 110.4962, -7.2833 ], [ 110.4915, -7.2912 ], [ 110.4881, -7.2919 ], [ 110.4843, -7.286 ], [ 110.4688, -7.2958 ], [ 110.4717, -7.2973 ], [ 110.4696, -7.2992 ], [ 110.4704, -7.3026 ], [ 110.4759, -7.3091 ], [ 110.4732, -7.3102 ], [ 110.4761, -7.3125 ], [ 110.4717, -7.3332 ], [ 110.4683, -7.339 ], [ 110.4607, -7.3382 ], [ 110.4607, -7.3423 ], [ 110.4496, -7.3392 ] ] ] } },
{ "type": "Feature", "properties": { "district_id": "IDN.10.28.18_1", "name": "Ungaran Barat", "kabupaten": "Semarang", "provinsi": "Jawa Tengah" }, "geometry": { "type": "Polygon", "coordinates": [ [ [ 110.4056, -7.1729 ], [ 110.4041, -7.1662 ], [ 110.4005, -7.1684 ], [ 110.3952, -7.1669 ], [ 110.3984, -7.1668 ], [ 110.3985, -7.1632 ], [ 110.3906, -7.1634 ], [ 110.3866, -7.1565 ], [ 110.3839, -7.1573 ], [ 110.3792, -7.1514 ], [ 110.3773, -7.1522 ], [ 110.3779, -7.1499 ], [ 110.3714, -7.1523 ], [ 110.3718, -7.1482 ], [ 110.3503, -7.1578 ], [ 110.3512, -7.1551 ], [ 110.3483, -7.1535 ], [ 110.3526, -7.1443 ], [ 110.351, -7.1318 ], [ 110.3529, -7.1246 ], [ 110.3485, -7.1193 ], [ 110.3488, -7.1126 ], [ 110.354, -7.1106 ], [ 110.3535, -7.1069 ], [ 110.3624, -7.1044 ], [ 110.37, -7.1087 ], [ 110.3737, -7.1048 ], [ 110.373, -7.098 ], [ 110.3764, -7.0944 ], [ 110.376, -7.0981 ], [ 110.3796, -7.1013 ], [ 110.3768, -7.1093 ], [ 110.3819, -7.1108 ], [ 110.3842, -7.1141 ], [ 110.3896, -7.1118 ], [ 110.3972, -7.1146 ], [ 110.4026, -7.1096 ], [ 110.4029, -7.1138 ], [ 110.4046, -7.1101 ], [ 110.4181, -7.1083 ], [ 110.413, -7.1199 ], [ 110.4132, -7.1279 ], [ 110.4089, -7.1301 ], [ 110.408, -7.1345 ], [ 110.4032, -7.1349 ], [ 110.4042, -7.139 ], [ 110.4047, -7.1366 ], [ 110.4065, -7.1382 ], [ 110.408, -7.1359 ], [ 110.4131, -7.1425 ], [ 110.4098, -7.1447 ], [ 110.4098, -7.1487 ], [ 110.4076, -7.1487 ], [ 110.4076, -7.1604 ], [ 110.4179, -7.1614 ], [ 110.4198, -7.1686 ], [ 110.4182, -7.1709 ], [ 110.4129, -7.1691 ], [ 110.4056, -7.1729 ] ] ] } },
{ "type": "Feature", "properties": { "district_id": "IDN.10.28.19_1", "name": "Ungaran Timur", "kabupaten": "Semarang", "provinsi": "Jawa Tengah" }, "geometry": { "type": "Polygon", "coordinates": [ [ [ 110.4265, -7.167 ], [ 110.4209, -7.1708 ], [ 110.4179, -7.1614 ], [ 110.4076, -7.1604 ], [ 110.4076, -7.1487 ], [ 110.4098, -7.1487 ], [ 110.4098, -7.1447 ], [ 110.4131, -7.1425 ], [ 110.408, -7.1359 ], [ 110.4065, -7.1382 ], [ 110.4047, -7.1366 ], [ 110.4042, -7.139 ], [ 110.4032, -7.1349 ], [ 110.408, -7.1345 ], [ 110.4089, -7.1301 ], [ 110.4133, -7.1277 ], [ 110.4149, -7.1124 ], [ 110.4158, -7.1099 ], [ 110.418, -7.1103 ], [ 110.417, -7.1068 ], [ 110.4216, -7.1042 ], [ 110.4227, -7.0966 ], [ 110.4297, -7.0916 ], [ 110.4519, -7.0901 ], [ 110.4553, -7.0786 ], [ 110.468, -7.0794 ], [ 110.4769, -7.0838 ], [ 110.4822, -7.0906 ], [ 110.4995, -7.0965 ], [ 110.4998, -7.1018 ], [ 110.5026, -7.1028 ], [ 110.4958, -7.1099 ], [ 110.5027, -7.1115 ], [ 110.5016, -7.1133 ], [ 110.4996, -7.1118 ], [ 110.499, -7.1189 ], [ 110.4948, -7.1256 ], [ 110.494, -7.1305 ], [ 110.496, -7.1322 ], [ 110.4824, -7.1355 ], [ 110.4789, -7.1319 ], [ 110.4626, -7.1284 ], [ 110.4619, -7.135 ], [ 110.459, -7.1376 ], [ 110.4613, -7.1421 ], [ 110.4584, -7.1464 ], [ 110.4536, -7.148 ], [ 110.457, -7.1551 ], [ 110.4621, -7.1555 ], [ 110.4603, -7.1612 ], [ 110.4535, -7.1633 ], [ 110.4461, -7.1593 ], [ 110.4444, -7.1628 ], [ 110.4382, -7.166 ], [ 110.4265, -7.167 ] ] ] } },
{ "type": "Feature", "properties": { "district_id": "IDN.10.28.20_1", "name": "Waduk Rawapening", "kabupaten": "Semarang", "provinsi": "Jawa Tengah" }, "geometry": { "type": "Polygon", "coordinates": [ [ [ 110.4225, -7.285 ], [ 110.4235, -7.2819 ], [ 110.4183, -7.2774 ], [ 110.4215, -7.274 ], [ 110.4195, -7.2708 ], [ 110.43, -7.2686 ], [ 110.429, -7.2663 ], [ 110.4365, -7.27 ], [ 110.4418, -7.2699 ], [ 110.4446, -7.2785 ], [ 110.4514, -7.2874 ], [ 110.4484, -7.2917 ], [ 110.4493, -7.3047 ], [ 110.4439, -7.3047 ], [ 110.4438, -7.3063 ], [ 110.4373, -7.296 ], [ 110.4315, -7.2984 ], [ 110.4242, -7.3077 ], [ 110.4259, -7.3015 ], [ 110.4232, -7.2989 ], [ 110.419, -7.2991 ], [ 110.4152, -7.2911 ], [ 110.4161, -7.286 ], [ 110.4225, -7.285 ] ] ] } },
{ "type": "Feature", "properties": { "district_id": "IDN.10.32.1_1", "name": "Adiwerna", "kabupaten": "Tegal", "provinsi": "Jawa Tengah" }, "geometry": { "type": "Polygon", "coordinates": [ [ [ 109.1303, -6.9197 ], [ 109.1382, -6.9226 ], [ 109.1395, -6.9296 ], [ 109.1363, -6.939 ], [ 109.1454, -6.9548 ], [ 109.1444, -6.9581 ], [ 109.1385, -6.9585 ], [ 109.1386, -6.9625 ], [ 109.1346, -6.9605 ], [ 109.1317, -6.9633 ], [ 109.1234, -6.9576 ], [ 109.1239, -6.9611 ], [ 109.1216, -6.9613 ], [ 109.1207, -6.9579 ], [ 109.1176, -6.9585 ], [ 109.1162, -6.9516 ], [ 109.1072, -6.9515 ], [ 109.1084, -6.946 ], [ 109.1051, -6.9425 ], [ 109.1036, -6.9538 ], [ 109.0964, -6.9535 ], [ 109.0961, -6.9494 ], [ 109.1002, -6.9459 ], [ 109.1009, -6.941 ], [ 109.0948, -6.9364 ], [ 109.0955, -6.9401 ], [ 109.0869, -6.9434 ], [ 109.0853, -6.9509 ], [ 109.0821, -6.9516 ], [ 109.0805, -6.9574 ], [ 109.0758, -6.9572 ], [ 109.0773, -6.9383 ], [ 109.082, -6.9277 ], [ 109.0746, -6.9122 ], [ 109.0762, -6.9049 ], [ 109.0785, -6.9055 ], [ 109.08, -6.9109 ], [ 109.0935, -6.9184 ], [ 109.1055, -6.9147 ], [ 109.1031, -6.9211 ], [ 109.1076, -6.9257 ], [ 109.1093, -6.9233 ], [ 109.1061, -6.915 ], [ 109.1169, -6.9189 ], [ 109.1179, -6.9168 ], [ 109.1215, -6.9209 ], [ 109.1303, -6.9197 ] ], [ [ 109.1291, -6.9207 ], [ 109.131, -6.92 ], [ 109.1291, -6.9202 ], [ 109.1291, -6.9207 ] ], [ [ 109.1117, -6.9295 ], [ 109.1121, -6.9272 ], [ 109.1134, -6.9295 ], [ 109.114, -6.9259 ], [ 109.1112, -6.9254 ], [ 109.1117, -6.9295 ] ] ] } },
{ "type": "Feature", "properties": { "district_id": "IDN.10.32.2_1", "name": "Balapulang", "kabupaten": "Tegal", "provinsi": "Jawa Tengah" }, "geometry": { "type": "Polygon", "coordinates": [ [ [ 109.1316, -7.1195 ], [ 109.125, -7.1185 ], [ 109.1222, -7.1146 ], [ 109.1115, -7.1219 ], [ 109.1048, -7.1179 ], [ 109.0919, -7.1163 ], [ 109.0822, -7.1191 ], [ 109.0757, -7.1078 ], [ 109.0637, -7.1014 ], [ 109.0594, -7.1016 ], [ 109.0583, -7.0949 ], [ 109.0722, -7.0951 ], [ 109.0703, -7.0871 ], [ 109.0619, -7.0862 ], [ 109.0464, -7.0739 ], [ 109.0555, -7.061 ], [ 109.0563, -7.0416 ], [ 109.0581, -7.0393 ], [ 109.0636, -7.0458 ], [ 109.0661, -7.0433 ], [ 109.0725, -7.0457 ], [ 109.076, -7.043 ], [ 109.0744, -7.0372 ], [ 109.0813, -7.0331 ], [ 109.0948, -7.0334 ], [ 109.1066, -7.0446 ], [ 109.1158, -7.062 ], [ 109.1524, -7.0638 ], [ 109.1609, -7.07 ], [ 109.1593, -7.0838 ], [ 109.1619, -7.0982 ], [ 109.1741, -7.0992 ], [ 109.1779, -7.1075 ], [ 109.1741, -7.1116 ], [ 109.1747, -7.115 ], [ 109.1695, -7.1214 ], [ 109.1615, -7.1237 ], [ 109.1568, -7.122 ], [ 109.1539, -7.1174 ], [ 109.1501, -7.1212 ], [ 109.146, -7.1206 ], [ 109.1401, -7.1249 ], [ 109.1349, -7.1248 ], [ 109.1316, -7.1195 ] ] ] } },
{ "type": "Feature", "properties": { "district_id": "IDN.10.32.3_1", "name": "Bojong", "kabupaten": "Tegal", "provinsi": "Jawa Tengah" }, "geometry": { "type": "Polygon", "coordinates": [ [ [ 109.2135, -7.2349 ], [ 109.2092, -7.2361 ], [ 109.1872, -7.2224 ], [ 109.1835, -7.2125 ], [ 109.1756, -7.2095 ], [ 109.1726, -7.2033 ], [ 109.1661, -7.1976 ], [ 109.1638, -7.1983 ], [ 109.1601, -7.1883 ], [ 109.1531, -7.1868 ], [ 109.1473, -7.1769 ], [ 109.1365, -7.1679 ], [ 109.1357, -7.1623 ], [ 109.1455, -7.1472 ], [ 109.1437, -7.1357 ], [ 109.1343, -7.1241 ], [ 109.1401, -7.1249 ], [ 109.146, -7.1206 ], [ 109.1501, -7.1212 ], [ 109.1539, -7.1174 ], [ 109.1568, -7.122 ], [ 109.1615, -7.1237 ], [ 109.1695, -7.1214 ], [ 109.1749, -7.1147 ], [ 109.1743, -7.1114 ], [ 109.1777, -7.1092 ], [ 109.1732, -7.0989 ], [ 109.1876, -7.0986 ], [ 109.1941, -7.094 ], [ 109.1983, -7.0968 ], [ 109.1951, -7.0989 ], [ 109.1945, -7.103 ], [ 109.1911, -7.1032 ], [ 109.191, -7.108 ], [ 109.198, -7.1109 ], [ 109.2052, -7.1098 ], [ 109.2104, -7.1055 ], [ 109.216, -7.1057 ], [ 109.2209, -7.1012 ], [ 109.2224, -7.1032 ], [ 109.2245, -7.1022 ], [ 109.2195, -7.1227 ], [ 109.2146, -7.1293 ], [ 109.1953, -7.13 ], [ 109.1856, -7.1371 ], [ 109.192, -7.1423 ], [ 109.1927, -7.1475 ], [ 109.1944, -7.147 ], [ 109.1885, -7.1566 ], [ 109.1888, -7.1608 ], [ 109.1943, -7.169 ], [ 109.198, -7.1702 ], [ 109.1966, -7.1828 ], [ 109.1993, -7.1931 ], [ 109.1965, -7.2082 ], [ 109.2, -7.2162 ], [ 109.2, -7.2242 ], [ 109.2135, -7.2349 ] ] ] } },
{ "type": "Feature", "properties": { "district_id": "IDN.10.32.4_1", "name": "Bumijawa", "kabupaten": "Tegal", "provinsi": "Jawa Tengah" }, "geometry": { "type": "Polygon", "coordinates": [ [ [ 109.1364, -7.2331 ], [ 109.1204, -7.2224 ], [ 109.1131, -7.213 ], [ 109.1103, -7.2151 ], [ 109.1077, -7.2126 ], [ 109.0803, -7.215 ], [ 109.0775, -7.2009 ], [ 109.0652, -7.1969 ], [ 109.0576, -7.1916 ], [ 109.0557, -7.1849 ], [ 109.0656, -7.1705 ], [ 109.0814, -7.1552 ], [ 109.0842, -7.1478 ], [ 109.0824, -7.1352 ], [ 109.0733, -7.1248 ], [ 109.0745, -7.1127 ], [ 109.0772, -7.1113 ], [ 109.076, -7.1083 ], [ 109.0822, -7.1191 ], [ 109.0919, -7.1163 ], [ 109.1048, -7.1179 ], [ 109.1115, -7.1219 ], [ 109.1222, -7.1146 ], [ 109.125, -7.1185 ], [ 109.1321, -7.1197 ], [ 109.1346, -7.1263 ], [ 109.1437, -7.1357 ], [ 109.1455, -7.1472 ], [ 109.1359, -7.1613 ], [ 109.1365, -7.1679 ], [ 109.1473, -7.1769 ], [ 109.1531, -7.1868 ], [ 109.16, -7.1882 ], [ 109.1636, -7.1981 ], [ 109.1661, -7.1976 ], [ 109.1726, -7.2033 ], [ 109.1751, -7.2091 ], [ 109.1835, -7.2125 ], [ 109.1873, -7.2225 ], [ 109.2093, -7.2362 ], [ 109.2057, -7.2399 ], [ 109.2038, -7.2476 ], [ 109.1971, -7.2496 ], [ 109.1792, -7.2626 ], [ 109.1671, -7.2684 ], [ 109.1624, -7.2621 ], [ 109.1657, -7.2554 ], [ 109.1653, -7.2487 ], [ 109.1747, -7.2503 ], [ 109.1755, -7.2398 ], [ 109.1684, -7.2397 ], [ 109.153, -7.2469 ], [ 109.1389, -7.2387 ], [ 109.1364, -7.2331 ] ] ] } },
{ "type": "Feature", "properties": { "district_id": "IDN.10.32.5_1", "name": "Dukuhturi", "kabupaten": "Tegal", "provinsi": "Jawa Tengah" }, "geometry": { "type": "MultiPolygon", "coordinates": [ [ [ [ 109.1128, -6.9294 ], [ 109.1121, -6.9272 ], [ 109.1107, -6.9294 ], [ 109.1112, -6.9254 ], [ 109.114, -6.9259 ], [ 109.1128, -6.9294 ] ] ], [ [ [ 109.109, -6.9258 ], [ 109.1029, -6.92 ], [ 109.1055, -6.9147 ], [ 109.0935, -6.9184 ], [ 109.08, -6.9109 ], [ 109.0785, -6.9055 ], [ 109.0756, -6.9055 ], [ 109.0731, -6.8932 ], [ 109.0774, -6.8878 ], [ 109.1025, -6.8899 ], [ 109.1025, -6.8922 ], [ 109.1065, -6.8927 ], [ 109.111, -6.8979 ], [ 109.12, -6.8973 ], [ 109.1212, -6.9 ], [ 109.1282, -6.8949 ], [ 109.1319, -6.8951 ], [ 109.1335, -6.8853 ], [ 109.1474, -6.8863 ], [ 109.1458, -6.8889 ], [ 109.1502, -6.8896 ], [ 109.152, -6.8859 ], [ 109.1589, -6.8866 ], [ 109.1578, -6.889 ], [ 109.1508, -6.8897 ], [ 109.1484, -6.8925 ], [ 109.1511, -6.8939 ], [ 109.1478, -6.8941 ], [ 109.1446, -6.8989 ], [ 109.14, -6.8966 ], [ 109.1398, -6.9002 ], [ 109.1346, -6.9062 ], [ 109.1314, -6.9049 ], [ 109.1281, -6.9088 ], [ 109.1208, -6.9083 ], [ 109.1196, -6.9175 ], [ 109.1286, -6.9181 ], [ 109.1228, -6.9212 ], [ 109.1179, -6.9168 ], [ 109.1169, -6.9189 ], [ 109.1061, -6.915 ], [ 109.109, -6.9258 ] ] ] ] } },
{ "type": "Feature", "properties": { "district_id": "IDN.10.32.6_1", "name": "Dukuhwaru", "kabupaten": "Tegal", "provinsi": "Jawa Tengah" }, "geometry": { "type": "MultiPolygon", "coordinates": [ [ [ [ 109.0739, -6.9906 ], [ 109.0707, -6.9709 ], [ 109.0768, -6.9624 ], [ 109.0769, -6.9576 ], [ 109.0805, -6.9574 ], [ 109.0821, -6.9516 ], [ 109.0853, -6.9509 ], [ 109.0869, -6.9434 ], [ 109.0955, -6.9401 ], [ 109.0948, -6.9364 ], [ 109.1009, -6.941 ], [ 109.1002, -6.9459 ], [ 109.0961, -6.9494 ], [ 109.0964, -6.9535 ], [ 109.1036, -6.9538 ], [ 109.1051, -6.9425 ], [ 109.1084, -6.946 ], [ 109.1072, -6.9515 ], [ 109.1162, -6.9516 ], [ 109.1178, -6.9588 ], [ 109.1207, -6.9579 ], [ 109.1216, -6.9613 ], [ 109.1239, -6.9611 ], [ 109.1234, -6.9576 ], [ 109.126, -6.9603 ], [ 109.1263, -6.9688 ], [ 109.1221, -6.9704 ], [ 109.1251, -6.9787 ], [ 109.1227, -6.9777 ], [ 109.1207, -6.9798 ], [ 109.1161, -6.9945 ], [ 109.117, -6.9861 ], [ 109.1092, -6.9855 ], [ 109.1089, -6.9896 ], [ 109.1023, -6.9884 ], [ 109.1017, -6.9909 ], [ 109.0965, -6.9908 ], [ 109.0972, -6.9975 ], [ 109.0913, -6.9988 ], [ 109.0919, -7.003 ], [ 109.0861, -7.003 ], [ 109.087, -7.0088 ], [ 109.0739, -6.9906 ] ] ], [ [ [ 109.1138, -6.9931 ], [ 109.1121, -6.9933 ], [ 109.1124, -6.9921 ], [ 109.1138, -6.9931 ] ] ], [ [ [ 109.1087, -6.9905 ], [ 109.1098, -6.9904 ], [ 109.1089, -6.9913 ], [ 109.1087, -6.9905 ] ] ] ] } },
{ "type": "Feature", "properties": { "district_id": "IDN.10.32.7_1", "name": "Jatinegara", "kabupaten": "Tegal", "provinsi": "Jawa Tengah" }, "geometry": { "type": "Polygon", "coordinates": [ [ [ 109.2274, -7.0915 ], [ 109.2232, -7.103 ], [ 109.2209, -7.1012 ], [ 109.216, -7.1057 ], [ 109.2104, -7.1055 ], [ 109.2052, -7.1098 ], [ 109.1988, -7.111 ], [ 109.191, -7.108 ], [ 109.1905, -7.1049 ], [ 109.1981, -7.0975 ], [ 109.1963, -7.0938 ], [ 109.1907, -7.0951 ], [ 109.1876, -7.0986 ], [ 109.1619, -7.0982 ], [ 109.1593, -7.0838 ], [ 109.1609, -7.07 ], [ 109.1719, -7.0573 ], [ 109.1582, -7.0501 ], [ 109.1628, -7.0493 ], [ 109.1635, -7.0442 ], [ 109.1612, -7.0419 ], [ 109.1714, -7.0438 ], [ 109.1762, -7.0489 ], [ 109.1806, -7.0475 ], [ 109.1799, -7.045 ], [ 109.1844, -7.045 ], [ 109.1926, -7.0361 ], [ 109.1901, -7.0332 ], [ 109.1958, -7.0249 ], [ 109.1941, -7.0211 ], [ 109.1958, -7.0189 ], [ 109.2011, -7.0186 ], [ 109.1978, -7.0167 ], [ 109.2036, -7.0164 ], [ 109.2088, -7.0198 ], [ 109.2065, -7.014 ], [ 109.2016, -7.0132 ], [ 109.204, -7.0127 ], [ 109.2023, -7.0103 ], [ 109.2082, -7.0142 ], [ 109.2055, -7.0101 ], [ 109.2079, -7.0102 ], [ 109.2108, -7.0162 ], [ 109.2126, -7.0162 ], [ 109.2119, -7.0112 ], [ 109.2142, -7.0134 ], [ 109.2167, -7.0124 ], [ 109.2203, -7.0201 ], [ 109.2309, -7.0175 ], [ 109.2314, -7.0034 ], [ 109.2338, -6.9998 ], [ 109.2496, -6.993 ], [ 109.2551, -6.9858 ], [ 109.2602, -6.9832 ], [ 109.2824, -6.9816 ], [ 109.2882, -6.9837 ], [ 109.2987, -6.9816 ], [ 109.3016, -6.99 ], [ 109.2929, -6.9946 ], [ 109.2919, -7.0028 ], [ 109.2883, -7.0035 ], [ 109.2861, -7.0081 ], [ 109.2888, -7.0129 ], [ 109.2866, -7.0179 ], [ 109.2878, -7.0215 ], [ 109.2826, -7.0241 ], [ 109.2831, -7.0319 ], [ 109.279, -7.033 ], [ 109.276, -7.0373 ], [ 109.2756, -7.0529 ], [ 109.2726, -7.0565 ], [ 109.2537, -7.0636 ], [ 109.2498, -7.0685 ], [ 109.2499, -7.0723 ], [ 109.2445, -7.0729 ], [ 109.2451, -7.0749 ], [ 109.2414, -7.073 ], [ 109.2374, -7.0744 ], [ 109.2332, -7.0853 ], [ 109.2307, -7.0847 ], [ 109.2319, -7.0875 ], [ 109.2284, -7.09 ], [ 109.2304, -7.0921 ], [ 109.2274, -7.0915 ] ] ] } },
{ "type": "Feature", "properties": { "district_id": "IDN.10.32.8_1", "name": "Kedungbanteng", "kabupaten": "Tegal", "provinsi": "Jawa Tengah" }, "geometry": { "type": "Polygon", "coordinates": [ [ [ 109.1985, -7.0167 ], [ 109.2011, -7.0186 ], [ 109.1949, -7.0197 ], [ 109.1958, -7.0249 ], [ 109.1916, -7.0308 ], [ 109.1837, -7.0313 ], [ 109.1714, -7.0218 ], [ 109.1685, -7.0224 ], [ 109.1775, -7.0033 ], [ 109.1646, -7.0029 ], [ 109.1644, -7.0 ], [ 109.1686, -6.9977 ], [ 109.1719, -6.9987 ], [ 109.1728, -6.9945 ], [ 109.1767, -6.9938 ], [ 109.1775, -6.9904 ], [ 109.1797, -6.991 ], [ 109.1788, -6.9875 ], [ 109.1745, -6.9874 ], [ 109.1692, -6.9824 ], [ 109.1713, -6.977 ], [ 109.1758, -6.9764 ], [ 109.1802, -6.9713 ], [ 109.1775, -6.968 ], [ 109.1848, -6.9663 ], [ 109.1852, -6.9643 ], [ 109.1815, -6.9636 ], [ 109.1833, -6.9596 ], [ 109.1918, -6.9603 ], [ 109.1918, -6.9547 ], [ 109.1949, -6.9545 ], [ 109.1956, -6.9502 ], [ 109.1906, -6.9483 ], [ 109.2009, -6.9421 ], [ 109.2044, -6.937 ], [ 109.2234, -6.9458 ], [ 109.2293, -6.944 ], [ 109.2633, -6.9444 ], [ 109.2792, -6.9468 ], [ 109.2879, -6.9532 ], [ 109.2988, -6.9572 ], [ 109.2993, -6.9632 ], [ 109.2951, -6.9733 ], [ 109.2982, -6.9821 ], [ 109.2882, -6.9837 ], [ 109.2843, -6.9817 ], [ 109.2759, -6.9833 ], [ 109.2696, -6.9816 ], [ 109.2551, -6.9858 ], [ 109.2496, -6.993 ], [ 109.2338, -6.9998 ], [ 109.2314, -7.0034 ], [ 109.2305, -7.0177 ], [ 109.2203, -7.0201 ], [ 109.2167, -7.0124 ], [ 109.2142, -7.0134 ], [ 109.2119, -7.0112 ], [ 109.2126, -7.0162 ], [ 109.2108, -7.0162 ], [ 109.2104, -7.012 ], [ 109.2089, -7.0134 ], [ 109.2058, -7.0098 ], [ 109.2083, -7.0142 ], [ 109.2027, -7.0102 ], [ 109.204, -7.0127 ], [ 109.2016, -7.0132 ], [ 109.2065, -7.014 ], [ 109.2088, -7.0198 ], [ 109.2036, -7.0164 ], [ 109.1985, -7.0167 ] ] ] } },
{ "type": "Feature", "properties": { "district_id": "IDN.10.32.9_1", "name": "Kramat", "kabupaten": "Tegal", "provinsi": "Jawa Tengah" }, "geometry": { "type": "Polygon", "coordinates": [ [ [ 109.2347, -6.8991 ], [ 109.2316, -6.9011 ], [ 109.232, -6.9069 ], [ 109.2286, -6.9108 ], [ 109.231, -6.9113 ], [ 109.2287, -6.9189 ], [ 109.2264, -6.9176 ], [ 109.2256, -6.9199 ], [ 109.2207, -6.9189 ], [ 109.2226, -6.919 ], [ 109.2241, -6.9127 ], [ 109.2221, -6.9102 ], [ 109.2153, -6.9099 ], [ 109.2143, -6.9026 ], [ 109.2111, -6.9034 ], [ 109.2112, -6.9146 ], [ 109.2065, -6.9173 ], [ 109.2044, -6.9157 ], [ 109.2011, -6.9007 ], [ 109.192, -6.9017 ], [ 109.1863, -6.899 ], [ 109.1761, -6.8986 ], [ 109.1778, -6.8895 ], [ 109.1684, -6.8883 ], [ 109.1664, -6.886 ], [ 109.1612, -6.8892 ], [ 109.1537, -6.8857 ], [ 109.1502, -6.8896 ], [ 109.1458, -6.8889 ], [ 109.15, -6.8652 ], [ 109.1614, -6.8462 ], [ 109.1616, -6.8424 ], [ 109.1794, -6.8563 ], [ 109.1899, -6.861 ], [ 109.2266, -6.8626 ], [ 109.2328, -6.8728 ], [ 109.2314, -6.8774 ], [ 109.2333, -6.8754 ], [ 109.2404, -6.88 ], [ 109.2388, -6.8813 ], [ 109.238, -6.8794 ], [ 109.237, -6.8835 ], [ 109.2322, -6.8869 ], [ 109.236, -6.8932 ], [ 109.2334, -6.8952 ], [ 109.2311, -6.8933 ], [ 109.2305, -6.8953 ], [ 109.2334, -6.8958 ], [ 109.2347, -6.8991 ] ] ] } },
{ "type": "Feature", "properties": { "district_id": "IDN.10.32.10_1", "name": "Lebaksiu", "kabupaten": "Tegal", "provinsi": "Jawa Tengah" }, "geometry": { "type": "MultiPolygon", "coordinates": [ [ [ [ 109.1543, -7.0643 ], [ 109.1158, -7.062 ], [ 109.1066, -7.0446 ], [ 109.0947, -7.0333 ], [ 109.0879, -7.012 ], [ 109.0861, -7.003 ], [ 109.0919, -7.003 ], [ 109.0913, -6.9988 ], [ 109.097, -6.9978 ], [ 109.0965, -6.9908 ], [ 109.1017, -6.9909 ], [ 109.1023, -6.9884 ], [ 109.1087, -6.9896 ], [ 109.1094, -6.9944 ], [ 109.1248, -6.9982 ], [ 109.1253, -7.0114 ], [ 109.1367, -7.0124 ], [ 109.1394, -7.0088 ], [ 109.1462, -7.0081 ], [ 109.1496, -7.0205 ], [ 109.1526, -7.0202 ], [ 109.1515, -7.029 ], [ 109.1602, -7.03 ], [ 109.1613, -7.0326 ], [ 109.1593, -7.0398 ], [ 109.1635, -7.0442 ], [ 109.1628, -7.0493 ], [ 109.1582, -7.0501 ], [ 109.1719, -7.0573 ], [ 109.1605, -7.0705 ], [ 109.1543, -7.0643 ] ] ], [ [ [ 109.1096, -6.9883 ], [ 109.1095, -6.9885 ], [ 109.1094, -6.9884 ], [ 109.1096, -6.9883 ] ] ] ] } },
{ "type": "Feature", "properties": { "district_id": "IDN.10.32.11_1", "name": "Margasari", "kabupaten": "Tegal", "provinsi": "Jawa Tengah" }, "geometry": { "type": "Polygon", "coordinates": [ [ [ 108.9648, -7.1505 ], [ 108.9516, -7.1273 ], [ 108.9523, -7.124 ], [ 108.9578, -7.1224 ], [ 108.9673, -7.1265 ], [ 108.9675, -7.1216 ], [ 108.9773, -7.1213 ], [ 108.9801, -7.1188 ], [ 108.98, -7.1113 ], [ 108.9843, -7.1119 ], [ 108.9851, -7.1058 ], [ 108.9803, -7.1036 ], [ 108.9859, -7.0968 ], [ 108.9838, -7.087 ], [ 108.9778, -7.0839 ], [ 108.9771, -7.075 ], [ 108.9669, -7.0669 ], [ 108.9693, -7.0604 ], [ 108.9884, -7.0602 ], [ 108.9951, -7.0509 ], [ 109.0006, -7.049 ], [ 109.002, -7.0425 ], [ 109.0052, -7.041 ], [ 109.0082, -7.0443 ], [ 109.0133, -7.0445 ], [ 109.0159, -7.0484 ], [ 109.0252, -7.043 ], [ 109.0338, -7.0499 ], [ 109.0376, -7.0471 ], [ 109.0415, -7.0478 ], [ 109.0558, -7.0551 ], [ 109.0555, -7.061 ], [ 109.0464, -7.0739 ], [ 109.0619, -7.0862 ], [ 109.0703, -7.0871 ], [ 109.0717, -7.096 ], [ 109.0583, -7.0949 ], [ 109.0583, -7.0984 ], [ 109.0594, -7.1016 ], [ 109.0637, -7.1014 ], [ 109.0757, -7.1078 ], [ 109.0772, -7.1113 ], [ 109.0745, -7.1127 ], [ 109.0692, -7.1269 ], [ 109.0596, -7.1302 ], [ 109.0573, -7.136 ], [ 109.0605, -7.1418 ], [ 109.0579, -7.1494 ], [ 109.0466, -7.1501 ], [ 109.0423, -7.1436 ], [ 109.0365, -7.1404 ], [ 109.0256, -7.1431 ], [ 109.009, -7.1395 ], [ 109.0, -7.1417 ], [ 108.9903, -7.1321 ], [ 108.9837, -7.1321 ], [ 108.9786, -7.1351 ], [ 108.9725, -7.1478 ], [ 108.9681, -7.1507 ], [ 108.9648, -7.1505 ] ] ] } },
{ "type": "Feature", "properties": { "district_id": "IDN.10.32.12_1", "name": "Pagerbarang", "kabupaten": "Tegal", "provinsi": "Jawa Tengah" }, "geometry": { "type": "Polygon", "coordinates": [ [ [ 109.0747, -7.0374 ], [ 109.076, -7.043 ], [ 109.0725, -7.0457 ], [ 109.0661, -7.0433 ], [ 109.0636, -7.0458 ], [ 109.0581, -7.0393 ], [ 109.0558, -7.0551 ], [ 109.0415, -7.0478 ], [ 109.0376, -7.0471 ], [ 109.0338, -7.0499 ], [ 109.0252, -7.043 ], [ 109.0262, -7.0376 ], [ 109.0185, -7.0244 ], [ 109.0274, -6.9993 ], [ 109.035, -7.0013 ], [ 109.028, -6.9938 ], [ 109.0272, -6.9857 ], [ 109.0327, -6.9844 ], [ 109.0452, -6.9874 ], [ 109.0481, -6.9785 ], [ 109.0533, -6.9755 ], [ 109.0614, -6.9772 ], [ 109.0641, -6.9767 ], [ 109.0634, -6.9741 ], [ 109.0688, -6.9739 ], [ 109.0691, -6.991 ], [ 109.0665, -6.9937 ], [ 109.0748, -6.9942 ], [ 109.075, -6.9914 ], [ 109.0815, -6.9989 ], [ 109.0824, -7.0039 ], [ 109.088, -7.0092 ], [ 109.0951, -7.0322 ], [ 109.0813, -7.0331 ], [ 109.0747, -7.0374 ] ] ] } },
{ "type": "Feature", "properties": { "district_id": "IDN.10.32.13_1", "name": "Pangkah", "kabupaten": "Tegal", "provinsi": "Jawa Tengah" }, "geometry": { "type": "Polygon", "coordinates": [ [ [ 109.1906, -7.0318 ], [ 109.1927, -7.0359 ], [ 109.189, -7.0382 ], [ 109.1889, -7.0412 ], [ 109.183, -7.0456 ], [ 109.1808, -7.0442 ], [ 109.1806, -7.0475 ], [ 109.1762, -7.0489 ], [ 109.1714, -7.0438 ], [ 109.1598, -7.0413 ], [ 109.1606, -7.0301 ], [ 109.1515, -7.029 ], [ 109.1526, -7.0202 ], [ 109.1496, -7.0205 ], [ 109.1441, -6.9972 ], [ 109.1473, -6.9946 ], [ 109.149, -6.9885 ], [ 109.1555, -6.9926 ], [ 109.1579, -6.9913 ], [ 109.1552, -6.9875 ], [ 109.1499, -6.9856 ], [ 109.1499, -6.9815 ], [ 109.146, -6.9796 ], [ 109.1464, -6.977 ], [ 109.142, -6.9756 ], [ 109.1451, -6.9724 ], [ 109.1428, -6.9703 ], [ 109.1434, -6.9673 ], [ 109.141, -6.9671 ], [ 109.1448, -6.96 ], [ 109.1481, -6.9584 ], [ 109.1453, -6.9575 ], [ 109.1434, -6.9506 ], [ 109.1417, -6.951 ], [ 109.1448, -6.9473 ], [ 109.143, -6.9428 ], [ 109.1465, -6.9443 ], [ 109.1468, -6.9409 ], [ 109.1514, -6.9409 ], [ 109.1519, -6.9379 ], [ 109.1546, -6.9373 ], [ 109.1548, -6.9449 ], [ 109.1575, -6.9458 ], [ 109.1574, -6.9511 ], [ 109.1597, -6.9527 ], [ 109.1629, -6.9526 ], [ 109.1633, -6.945 ], [ 109.1718, -6.9472 ], [ 109.1721, -6.945 ], [ 109.182, -6.9409 ], [ 109.1827, -6.9466 ], [ 109.1855, -6.9487 ], [ 109.1956, -6.9502 ], [ 109.1949, -6.9545 ], [ 109.1918, -6.9547 ], [ 109.1918, -6.9603 ], [ 109.1833, -6.9596 ], [ 109.1815, -6.9636 ], [ 109.1852, -6.9643 ], [ 109.1848, -6.9663 ], [ 109.1775, -6.968 ], [ 109.1802, -6.9713 ], [ 109.1758, -6.9764 ], [ 109.1713, -6.977 ], [ 109.1694, -6.9819 ], [ 109.1745, -6.9874 ], [ 109.1788, -6.9875 ], [ 109.1797, -6.991 ], [ 109.1775, -6.9904 ], [ 109.1767, -6.9938 ], [ 109.1728, -6.9945 ], [ 109.1719, -6.9987 ], [ 109.1686, -6.9977 ], [ 109.1644, -7.0 ], [ 109.1646, -7.0029 ], [ 109.1775, -7.0033 ], [ 109.1685, -7.0224 ], [ 109.1714, -7.0218 ], [ 109.1837, -7.0313 ], [ 109.1906, -7.0318 ] ] ] } },
{ "type": "Feature", "properties": { "district_id": "IDN.10.32.14_1", "name": "Slawi", "kabupaten": "Tegal", "provinsi": "Jawa Tengah" }, "geometry": { "type": "Polygon", "coordinates": [ [ [ 109.1462, -7.0081 ], [ 109.1394, -7.0088 ], [ 109.1367, -7.0124 ], [ 109.1253, -7.0114 ], [ 109.1254, -6.9988 ], [ 109.1094, -6.9944 ], [ 109.1086, -6.9904 ], [ 109.1092, -6.9855 ], [ 109.117, -6.9861 ], [ 109.1161, -6.9945 ], [ 109.1207, -6.9798 ], [ 109.1227, -6.9777 ], [ 109.1251, -6.9787 ], [ 109.1221, -6.9704 ], [ 109.1263, -6.9688 ], [ 109.126, -6.9603 ], [ 109.1317, -6.9633 ], [ 109.1357, -6.9604 ], [ 109.1376, -6.9627 ], [ 109.1385, -6.9585 ], [ 109.1474, -6.9572 ], [ 109.141, -6.9671 ], [ 109.1434, -6.9673 ], [ 109.1428, -6.9703 ], [ 109.1451, -6.9724 ], [ 109.1418, -6.9753 ], [ 109.1464, -6.977 ], [ 109.146, -6.9796 ], [ 109.1499, -6.9815 ], [ 109.1499, -6.9856 ], [ 109.1552, -6.9875 ], [ 109.1579, -6.9913 ], [ 109.1555, -6.9926 ], [ 109.149, -6.9885 ], [ 109.1473, -6.9946 ], [ 109.1441, -6.9972 ], [ 109.1462, -7.0081 ] ], [ [ 109.1138, -6.9931 ], [ 109.1126, -6.9939 ], [ 109.1134, -6.9942 ], [ 109.1138, -6.9931 ] ] ] } },
{ "type": "Feature", "properties": { "district_id": "IDN.10.32.15_1", "name": "Suradadi", "kabupaten": "Tegal", "provinsi": "Jawa Tengah" }, "geometry": { "type": "Polygon", "coordinates": [ [ [ 109.2633, -6.9444 ], [ 109.2293, -6.944 ], [ 109.2232, -6.9458 ], [ 109.2064, -6.9368 ], [ 109.2145, -6.9278 ], [ 109.2158, -6.9201 ], [ 109.2256, -6.9199 ], [ 109.2264, -6.9176 ], [ 109.2287, -6.9189 ], [ 109.2315, -6.9012 ], [ 109.2349, -6.8993 ], [ 109.2305, -6.8942 ], [ 109.2334, -6.8952 ], [ 109.236, -6.8932 ], [ 109.2322, -6.8869 ], [ 109.237, -6.8835 ], [ 109.238, -6.8794 ], [ 109.2388, -6.8813 ], [ 109.2404, -6.8801 ], [ 109.2335, -6.8755 ], [ 109.2314, -6.8774 ], [ 109.2328, -6.8728 ], [ 109.2266, -6.8626 ], [ 109.2547, -6.8713 ], [ 109.2898, -6.8739 ], [ 109.2968, -6.8821 ], [ 109.2954, -6.8863 ], [ 109.2922, -6.8856 ], [ 109.2928, -6.8889 ], [ 109.2895, -6.8922 ], [ 109.2915, -6.9032 ], [ 109.2944, -6.9051 ], [ 109.293, -6.9082 ], [ 109.2953, -6.9168 ], [ 109.2941, -6.9247 ], [ 109.2817, -6.9368 ], [ 109.2819, -6.9418 ], [ 109.2785, -6.9434 ], [ 109.2792, -6.9468 ], [ 109.2633, -6.9444 ] ] ] } },
{ "type": "Feature", "properties": { "district_id": "IDN.10.32.16_1", "name": "Talang", "kabupaten": "Tegal", "provinsi": "Jawa Tengah" }, "geometry": { "type": "MultiPolygon", "coordinates": [ [ [ [ 109.1415, -6.9502 ], [ 109.1363, -6.939 ], [ 109.1395, -6.9296 ], [ 109.1379, -6.9217 ], [ 109.134, -6.9197 ], [ 109.1267, -6.9198 ], [ 109.1286, -6.9175 ], [ 109.1196, -6.9175 ], [ 109.1208, -6.9083 ], [ 109.1281, -6.9088 ], [ 109.1314, -6.9049 ], [ 109.1346, -6.9062 ], [ 109.1398, -6.9002 ], [ 109.14, -6.8966 ], [ 109.1446, -6.8989 ], [ 109.1478, -6.8941 ], [ 109.1511, -6.8939 ], [ 109.1484, -6.8925 ], [ 109.1508, -6.8897 ], [ 109.1578, -6.889 ], [ 109.1589, -6.8866 ], [ 109.1612, -6.8892 ], [ 109.1664, -6.886 ], [ 109.1684, -6.8883 ], [ 109.1778, -6.8895 ], [ 109.1724, -6.9073 ], [ 109.1737, -6.9124 ], [ 109.1645, -6.9169 ], [ 109.1575, -6.9152 ], [ 109.1569, -6.9193 ], [ 109.1523, -6.9165 ], [ 109.1505, -6.9266 ], [ 109.1545, -6.93 ], [ 109.1543, -6.9322 ], [ 109.1513, -6.9313 ], [ 109.1505, -6.9333 ], [ 109.1514, -6.9409 ], [ 109.1468, -6.9409 ], [ 109.1459, -6.9444 ], [ 109.143, -6.9428 ], [ 109.1448, -6.9473 ], [ 109.1415, -6.9502 ] ] ], [ [ [ 109.131, -6.92 ], [ 109.1291, -6.9207 ], [ 109.1291, -6.9202 ], [ 109.131, -6.92 ] ] ] ] } },
{ "type": "Feature", "properties": { "district_id": "IDN.10.32.17_1", "name": "Tarub", "kabupaten": "Tegal", "provinsi": "Jawa Tengah" }, "geometry": { "type": "Polygon", "coordinates": [ [ [ 109.1615, -6.9527 ], [ 109.1576, -6.9515 ], [ 109.1577, -6.9462 ], [ 109.1548, -6.9449 ], [ 109.1551, -6.9384 ], [ 109.1519, -6.9379 ], [ 109.1505, -6.9333 ], [ 109.1513, -6.9313 ], [ 109.1543, -6.9322 ], [ 109.1545, -6.9295 ], [ 109.1505, -6.9266 ], [ 109.152, -6.917 ], [ 109.1569, -6.9193 ], [ 109.1575, -6.9152 ], [ 109.1645, -6.9169 ], [ 109.1726, -6.9136 ], [ 109.1724, -6.9073 ], [ 109.1764, -6.8986 ], [ 109.1863, -6.899 ], [ 109.192, -6.9017 ], [ 109.2011, -6.9007 ], [ 109.2044, -6.9157 ], [ 109.2065, -6.9173 ], [ 109.2112, -6.9146 ], [ 109.2118, -6.9025 ], [ 109.2143, -6.9026 ], [ 109.2153, -6.9099 ], [ 109.2236, -6.9117 ], [ 109.2226, -6.919 ], [ 109.2152, -6.9207 ], [ 109.2145, -6.9278 ], [ 109.2077, -6.9334 ], [ 109.2077, -6.9386 ], [ 109.2044, -6.937 ], [ 109.1927, -6.9482 ], [ 109.1855, -6.9487 ], [ 109.1827, -6.9466 ], [ 109.182, -6.9409 ], [ 109.1721, -6.945 ], [ 109.1718, -6.9472 ], [ 109.1633, -6.945 ], [ 109.1615, -6.9527 ] ] ] } },
{ "type": "Feature", "properties": { "district_id": "IDN.10.32.18_1", "name": "Warureja", "kabupaten": "Tegal", "provinsi": "Jawa Tengah" }, "geometry": { "type": "Polygon", "coordinates": [ [ [ 109.3234, -6.9627 ], [ 109.3255, -6.9656 ], [ 109.3245, -6.9684 ], [ 109.3215, -6.9656 ], [ 109.3213, -6.9702 ], [ 109.3165, -6.9676 ], [ 109.3167, -6.9741 ], [ 109.3194, -6.9766 ], [ 109.3158, -6.9798 ], [ 109.3144, -6.9855 ], [ 109.3104, -6.9888 ], [ 109.3015, -6.988 ], [ 109.2951, -6.9737 ], [ 109.2993, -6.9632 ], [ 109.2988, -6.9572 ], [ 109.2879, -6.9532 ], [ 109.2792, -6.9468 ], [ 109.2785, -6.9434 ], [ 109.2819, -6.9418 ], [ 109.2817, -6.9368 ], [ 109.2941, -6.9247 ], [ 109.2953, -6.9168 ], [ 109.293, -6.9082 ], [ 109.2944, -6.9051 ], [ 109.2915, -6.9032 ], [ 109.2895, -6.8922 ], [ 109.2928, -6.8889 ], [ 109.2922, -6.8856 ], [ 109.2954, -6.8863 ], [ 109.2968, -6.8821 ], [ 109.2947, -6.8783 ], [ 109.2912, -6.8775 ], [ 109.2901, -6.8734 ], [ 109.3216, -6.869 ], [ 109.3398, -6.8625 ], [ 109.3503, -6.8626 ], [ 109.3512, -6.8683 ], [ 109.357, -6.868 ], [ 109.3543, -6.8722 ], [ 109.3594, -6.8713 ], [ 109.3597, -6.8822 ], [ 109.3539, -6.8869 ], [ 109.356, -6.8894 ], [ 109.35, -6.8927 ], [ 109.3512, -6.8954 ], [ 109.3466, -6.8937 ], [ 109.3456, -6.8951 ], [ 109.3488, -6.8971 ], [ 109.3413, -6.8988 ], [ 109.3424, -6.9001 ], [ 109.3391, -6.9029 ], [ 109.3405, -6.9054 ], [ 109.3365, -6.9046 ], [ 109.3349, -6.9134 ], [ 109.3321, -6.9148 ], [ 109.3336, -6.9171 ], [ 109.3254, -6.9249 ], [ 109.3261, -6.9285 ], [ 109.3284, -6.927 ], [ 109.3305, -6.9296 ], [ 109.3266, -6.9347 ], [ 109.3332, -6.9356 ], [ 109.3313, -6.9397 ], [ 109.3345, -6.9457 ], [ 109.3315, -6.946 ], [ 109.3292, -6.9546 ], [ 109.3316, -6.9573 ], [ 109.3325, -6.9547 ], [ 109.3359, -6.9562 ], [ 109.3317, -6.9582 ], [ 109.3313, -6.9637 ], [ 109.3293, -6.9605 ], [ 109.3234, -6.9627 ] ] ] } }
]
}
